question_id,level,round,arm,position,status,valid,duration_ms,law_ids,selection_chars_before,selection_chars_after
l1-001-jp,20,1,combined,4,ok,1,52610.214,5,7288,4216
l1-002-jp,20,1,combined,4,ok,1,63224.927,2,10180,5217
l1-003-jp,20,1,combined,4,ok,1,61596.534,1,9238,6242
l1-005-jp,20,1,combined,4,ok,1,69941.384,4,2426,1546
l1-010-us,20,1,combined,4,ok,1,47480.553,2,14100,2578
l1-012-cn,20,1,combined,4,ok,1,39843.809,2,6783,4146
l1-013-cn,20,1,combined,4,ok,1,49174.784,1,6991,4371
l1-018-de,20,1,combined,4,ok,1,62183.382,5,9033,3714
l1-019-de,20,1,combined,4,ok,1,53158.903,3,23400,3735
l1-023-fr,20,1,combined,4,ok,1,57343.454,1,26211,10039
l1-024-fr,20,1,combined,4,ok,1,56316.88,2,17877,6432
l1-025-fr,20,1,combined,4,ok,1,46186.326,2,13199,4235
l1-027-uk,20,1,combined,4,ok,1,66605.191,2,6148,3677
l1-031-ca,20,1,combined,4,ok,1,48841.931,4,9753,5724
l1-032-ca,20,1,combined,4,ok,1,139467.439,1,2328,1327
l1-033-ca,20,1,combined,4,ok,1,64712.949,3,7197,2079
l1-035-ca,20,1,combined,4,ok,1,51588.97,1,9148,4466
l1-036-au,20,1,combined,4,ok,1,39182.696,5,23747,3574
l1-037-au,20,1,combined,4,ok,1,47167.679,2,6135,2823
l1-038-au,20,1,combined,4,ok,1,56390.742,5,27052,5793
l1-039-au,20,1,combined,4,ok,1,42224.595,1,10110,4894
l1-040-au,20,1,combined,4,ok,1,70585.673,3,24374,4680
l1-041-sg,20,1,combined,4,ok,1,96340.023,1,22558,8527
l1-042-sg,20,1,combined,4,ok,1,66574.419,3,18165,6691
l1-044-sg,20,1,combined,4,ok,1,40914.636,3,10069,3178
l1-046-vn,20,1,combined,4,ok,1,36408.648,1,789,525
l1-049-vn,20,1,combined,4,ok,1,34856.57,2,19841,7354
l1-050-vn,20,1,combined,4,ok,1,51831.122,4,11069,5666
l1-051-th,20,1,combined,4,ok,1,45924.77,1,7247,4600
l1-052-th,20,1,combined,4,ok,1,75236.439,1,9447,5478
l1-053-th,20,1,combined,4,ok,1,57084.877,1,12821,8136
l1-054-th,20,1,combined,4,ok,1,47964.479,2,11230,6871
l1-055-th,20,1,combined,4,ok,1,62639.12,2,8940,3102
l1-059-id,20,1,combined,4,ok,1,44429.966,1,11312,6690
l1-060-id,20,1,combined,4,ok,1,57552.36,3,4549,3081
l1-062-my,20,1,combined,4,ok,1,43025.428,1,12785,8316
l1-065-my,20,1,combined,4,ok,1,74269.798,3,8238,3940
l1-068-ph,20,1,combined,4,ok,1,67212.578,1,17211,9658
l1-070-ph,20,1,combined,4,ok,1,30908.331,3,21636,6843
l1-075-in,20,1,combined,4,ok,1,115458.034,1,14522,11454
l1-078-br,20,1,combined,4,ok,1,37355.749,1,3690,1546
l1-081-es,20,1,combined,4,ok,1,45856.205,3,19919,10157
l1-082-es,20,1,combined,4,ok,1,57160.214,5,12552,5945
l1-085-es,20,1,combined,4,ok,1,37093.453,1,6458,2901
l1-091-nl,20,1,combined,4,ok,1,25567.104,0,,
l1-092-nl,20,1,combined,4,ok,1,19669.87,0,,
l1-094-nl,20,1,combined,4,ok,1,22677.753,0,,
l1-095-nl,20,1,combined,4,ok,1,33155.512,0,,
l1-097-nz,20,1,combined,4,ok,1,64055.017,2,11822,4512
l1-098-nz,20,1,combined,4,ok,1,47110.915,1,9519,2127
l2-001-jp-data-rights,20,1,combined,4,ok,1,37524.837,1,6913,4331
l2-002-jp-breach,20,1,combined,4,ok,1,35715.808,3,3106,2112
l2-003-jp-transfer,20,1,combined,4,ok,1,36346.181,2,13808,5496
l2-010-us-worker,20,1,combined,4,ok,1,66333.4,2,15612,5228
l2-013-cn-transfer,20,1,combined,4,ok,1,38606.689,1,12490,6712
l2-017-de-breach,20,1,combined,4,ok,1,27921.576,2,10435,5163
l2-022-fr-breach,20,1,combined,4,ok,1,47171.34,3,14077,5192
l2-024-fr-consumer,20,1,combined,4,ok,1,25173.49,2,18608,6010
l2-026-uk-data-rights,20,1,combined,4,ok,1,33752.16,3,3671,2426
l2-029-uk-consumer,20,1,combined,4,ok,1,51708.129,2,18523,8843
l2-034-ca-consumer,20,1,combined,4,ok,1,34603.277,1,4183,2205
l2-035-ca-worker,20,1,combined,4,ok,1,28797.773,2,12500,4322
l2-036-au-data-rights,20,1,combined,4,ok,1,30074.994,3,13397,4573
l2-038-au-transfer,20,1,combined,4,ok,1,28370.145,2,19625,5758
l2-039-au-consumer,20,1,combined,4,ok,1,35924.758,3,9500,4326
l2-040-au-worker,20,1,combined,4,ok,1,50767.693,2,4057,2770
l2-045-sg-worker,20,1,combined,4,ok,1,24388.423,1,11064,4423
l2-046-vn-data-rights,20,1,combined,4,ok,1,26045.982,2,11420,5942
l2-047-vn-breach,20,1,combined,4,ok,1,38238.405,4,10564,4230
l2-051-th-data-rights,20,1,combined,4,ok,1,34495.136,1,8705,6118
l2-052-th-breach,20,1,combined,4,ok,1,38140.601,2,7599,4614
l2-053-th-transfer,20,1,combined,4,ok,1,46678.229,1,10563,7155
l2-054-th-consumer,20,1,combined,4,ok,1,32985.871,2,5633,2751
l2-055-th-worker,20,1,combined,4,ok,1,22930.587,2,9356,3416
l2-056-id-data-rights,20,1,combined,4,ok,1,29121.301,1,7751,4420
l2-057-id-breach,20,1,combined,4,ok,1,47521.433,2,6849,2599
l2-060-id-worker,20,1,combined,4,ok,1,41984.738,1,11993,6920
l2-061-my-data-rights,20,1,combined,4,ok,1,38906.803,1,12115,5226
l2-064-my-consumer,20,1,combined,4,ok,1,35515.374,4,5533,2939
l2-066-ph-data-rights,20,1,combined,4,ok,1,40859.715,1,8389,5135
l2-067-ph-breach,20,1,combined,4,ok,1,42814.706,2,22467,8201
l2-068-ph-transfer,20,1,combined,4,ok,1,36682.816,1,17208,7814
l2-070-ph-worker,20,1,combined,4,ok,1,47565.655,1,15929,7460
l2-071-in-data-rights,20,1,combined,4,ok,1,27983.397,1,18462,5881
l2-072-in-breach,20,1,combined,4,ok,1,35422.647,3,15304,4648
l2-073-in-transfer,20,1,combined,4,ok,1,31717.107,2,13023,4151
l2-081-es-data-rights,20,1,combined,4,ok,1,31004.935,2,12886,7471
l2-082-es-breach,20,1,combined,4,ok,1,23959.509,3,13299,2708
l2-083-es-transfer,20,1,combined,4,ok,1,31496.476,2,23525,9554
l2-084-es-consumer,20,1,combined,4,ok,1,33146.333,4,19285,7712
l2-085-es-worker,20,1,combined,4,ok,1,34674.629,2,15423,7315
l2-086-it-data-rights,20,1,combined,4,ok,1,2332.104,0,,
l2-087-it-breach,20,1,combined,4,ok,1,3088.929,0,,
l2-088-it-transfer,20,1,combined,4,ok,1,3319.261,0,,
l2-089-it-consumer,20,1,combined,4,ok,1,4550.474,0,,
l2-090-it-worker,20,1,combined,4,ok,1,4547.936,0,,
l2-091-nl-data-rights,20,1,combined,4,ok,1,3128.802,0,,
l2-092-nl-breach,20,1,combined,4,ok,1,3443.559,0,,
l2-096-nz-data-rights,20,1,combined,4,ok,1,18884.098,2,10443,3245
l2-100-nz-worker,20,1,combined,4,ok,1,21591.419,3,7221,4778
l3-001-jp-transfer,20,1,combined,4,ok,1,119053.064,2,8093,3479
l3-002-jp-breach,20,1,combined,4,ok,1,121781.043,3,12712,6670
l3-005-jp-worker-ai,20,1,combined,4,ok,1,40896.385,2,4400,2110
l3-007-us-breach,20,1,combined,4,ok,1,63804.384,4,10071,4196
l3-008-us-consumer,20,1,combined,4,ok,1,48132.524,4,9845,4022
l3-010-us-worker-ai,20,1,combined,4,ok,1,36833.468,2,20737,5521
l3-011-cn-transfer,20,1,combined,4,ok,1,64911.742,3,12753,5244
l3-013-cn-consumer,20,1,combined,4,ok,1,41352.09,2,16079,6858
l3-014-cn-platform,20,1,combined,4,ok,1,69749.285,3,1482,703
l3-015-cn-worker-ai,20,1,combined,4,ok,1,47396.196,2,8470,2983
l3-016-de-transfer,20,1,combined,4,ok,1,62664.319,2,12753,5244
l3-018-de-consumer,20,1,combined,4,ok,1,53690.595,4,10007,4403
l3-019-de-platform,20,1,combined,4,ok,1,58075.869,5,12938,5495
l3-020-de-worker-ai,20,1,combined,4,ok,1,46249.949,2,8366,3044
l3-023-fr-consumer,20,1,combined,4,ok,1,87336.096,3,18723,6787
l3-025-fr-worker-ai,20,1,combined,4,ok,1,48286.892,3,22178,11364
l3-026-uk-transfer,20,1,combined,4,ok,1,56604.032,3,9652,2499
l3-028-uk-consumer,20,1,combined,4,ok,1,52486.481,3,7451,4280
l3-030-uk-worker-ai,20,1,combined,4,ok,1,49595.565,3,14921,4575
l3-032-ca-breach,20,1,combined,4,ok,1,41990.664,6,10197,4509
l3-033-ca-consumer,20,1,combined,4,ok,1,48630.963,2,3365,1653
l3-037-au-breach,20,1,combined,4,ok,1,52958.918,2,4758,2226
l3-039-au-platform,20,1,combined,4,ok,1,69548.141,2,22450,9632
l3-041-sg-transfer,20,1,combined,4,ok,1,91132.231,2,27083,7735
l3-043-sg-consumer,20,1,combined,4,ok,1,51849.789,2,4226,2147
l3-045-sg-worker-ai,20,1,combined,4,ok,1,3496.896,0,,
l3-046-vn-transfer,20,1,combined,4,ok,1,57342.229,3,9994,6718
l3-047-vn-breach,20,1,combined,4,ok,1,61378.017,4,8210,3522
l3-053-th-consumer,20,1,combined,4,ok,1,51338.757,2,11856,4671
l3-054-th-platform,20,1,combined,4,ok,1,2764.114,0,,
l3-056-id-transfer,20,1,combined,4,ok,1,51966.323,2,8057,3697
l3-057-id-breach,20,1,combined,4,ok,1,54475.055,3,19686,8451
l3-058-id-consumer,20,1,combined,4,ok,1,48303.946,2,19316,6975
l3-059-id-platform,20,1,combined,4,ok,1,3740.587,0,,
l3-062-my-breach,20,1,combined,4,ok,1,49681.1,1,13195,7108
l3-063-my-consumer,20,1,combined,4,ok,1,5466.738,0,,
l3-065-my-worker-ai,20,1,combined,4,ok,1,69419.125,2,13820,5314
l3-066-ph-transfer,20,1,combined,4,ok,1,78814.545,2,11631,3197
l3-067-ph-breach,20,1,combined,4,ok,1,54827.214,2,13048,5349
l3-072-in-breach,20,1,combined,4,ok,1,7874.934,0,,
l3-073-in-consumer,20,1,combined,4,ok,1,40541.383,3,4404,2535
l3-075-in-worker-ai,20,1,combined,4,ok,1,44078.885,2,14915,4575
l3-078-br-consumer,20,1,combined,4,ok,1,67455.261,1,6798,3460
l3-079-br-platform,20,1,combined,4,ok,1,53300.057,2,18698,6718
l3-081-es-transfer,20,1,combined,4,ok,1,5762.716,0,,
l3-082-es-breach,20,1,combined,4,ok,1,126771.501,2,23909,10371
l3-088-it-consumer,20,1,combined,4,ok,1,5081.993,0,,
l3-092-nl-breach,20,1,combined,4,ok,1,5450.746,0,,
l3-098-nz-consumer,20,1,combined,4,ok,1,38150.963,3,7923,2982
l3-100-nz-worker-ai,20,1,combined,4,ok,1,138296.319,4,18432,9322
l4-001-jp-digital-platform,20,1,combined,4,ok,1,44705.933,3,14133,7100
l4-004-jp-fintech,20,1,combined,4,ok,1,35710.783,5,5369,3439
l4-008-us-online-sales,20,1,combined,4,ok,1,38208.797,3,9843,4759
l4-009-us-fintech,20,1,combined,4,ok,1,41733.984,6,12266,4474
l4-012-cn-automated-hiring,20,1,combined,4,ok,1,52813.661,5,7839,5213
l4-015-cn-manufacturer,20,1,combined,4,ok,1,37522.548,6,4731,3238
l4-016-de-digital-platform,20,1,combined,4,ok,1,32917.821,3,17609,3249
l4-020-de-manufacturer,20,1,combined,4,ok,1,33706.87,5,9280,3598
l4-021-fr-digital-platform,20,1,combined,4,ok,1,42377.928,2,21547,8921
l4-022-fr-automated-hiring,20,1,combined,4,ok,1,40500.274,3,22819,6973
l4-023-fr-online-sales,20,1,combined,4,ok,1,43206.026,5,19367,8204
l4-024-fr-fintech,20,1,combined,4,ok,1,29293.862,1,20890,7223
l4-027-uk-automated-hiring,20,1,combined,4,ok,1,44069.48,2,9470,5783
l4-029-uk-fintech,20,1,combined,4,ok,1,41204.104,3,6141,2202
l4-032-ca-automated-hiring,20,1,combined,4,ok,1,40572.218,5,15596,6459
l4-034-ca-fintech,20,1,combined,4,ok,1,27193.016,2,4179,1468
l4-036-au-digital-platform,20,1,combined,4,ok,1,71445.076,3,16796,5267
l4-038-au-online-sales,20,1,combined,4,ok,1,34379.806,1,9684,4649
l4-039-au-fintech,20,1,combined,4,ok,1,47952.446,3,15470,4977
l4-040-au-manufacturer,20,1,combined,4,ok,1,41327.057,4,8199,4113
l4-044-sg-fintech,20,1,combined,4,ok,1,45928.86,4,24362,9085
l4-045-sg-manufacturer,20,1,combined,4,ok,1,34831.727,3,2864,1827
l4-051-th-digital-platform,20,1,combined,4,ok,1,36010.895,3,11176,7301
l4-054-th-fintech,20,1,combined,4,ok,1,28345.045,3,3924,2666
l4-055-th-manufacturer,20,1,combined,4,ok,1,37667.763,3,2907,1436
l4-058-id-online-sales,20,1,combined,4,ok,1,39870.406,3,8321,4835
l4-059-id-fintech,20,1,combined,4,ok,1,44754.002,4,18233,7305
l4-063-my-online-sales,20,1,combined,4,ok,1,50121.848,3,5223,3468
l4-065-my-manufacturer,20,1,combined,4,ok,1,31712.86,2,4845,3022
l4-067-ph-automated-hiring,20,1,combined,4,ok,1,39648.335,3,5508,3273
l4-069-ph-fintech,20,1,combined,4,ok,1,38744.413,3,8262,4289
l4-070-ph-manufacturer,20,1,combined,4,ok,1,49561.002,8,8293,5373
l4-071-in-digital-platform,20,1,combined,4,ok,1,50083.846,2,22516,10524
l4-072-in-automated-hiring,20,1,combined,4,ok,1,64147.847,5,10554,3888
l4-075-in-manufacturer,20,1,combined,4,ok,1,30317.402,2,4666,2731
l4-080-br-manufacturer,20,1,combined,4,ok,1,39744.504,4,6429,4302
l4-081-es-digital-platform,20,1,combined,4,ok,1,33698.652,2,12843,6199
l4-082-es-automated-hiring,20,1,combined,4,ok,1,30062.478,1,16103,8398
l4-083-es-online-sales,20,1,combined,4,ok,1,41959.74,3,19148,9584
l4-088-it-online-sales,20,1,combined,4,ok,1,3238.079,0,,
l4-089-it-fintech,20,1,combined,4,ok,1,3053.831,0,,
l4-090-it-manufacturer,20,1,combined,4,ok,1,4455.641,0,,
l4-092-nl-automated-hiring,20,1,combined,4,ok,1,4948.501,0,,
l4-093-nl-online-sales,20,1,combined,4,ok,1,3638.675,0,,
l4-094-nl-fintech,20,1,combined,4,ok,1,2549.466,0,,
l4-095-nl-manufacturer,20,1,combined,4,ok,1,3172.849,0,,
l4-096-nz-digital-platform,20,1,combined,4,ok,1,35299.036,3,5786,3435
l4-097-nz-automated-hiring,20,1,combined,4,ok,1,82839.716,4,7518,4178
l4-099-nz-fintech,20,1,combined,4,ok,1,38778.916,2,18660,3462
l4-100-nz-manufacturer,20,1,combined,4,ok,1,51594.659,3,11538,7956
l1-001-jp,20,1,direct,2,ok,1,60694.966,5,7288,7288
l1-002-jp,20,1,direct,2,ok,1,77970.389,2,10180,10180
l1-003-jp,20,1,direct,2,ok,1,66903.541,1,9238,9238
l1-005-jp,20,1,direct,2,ok,1,62639.301,4,2426,2426
l1-010-us,20,1,direct,2,ok,1,50361.074,2,14100,14100
l1-012-cn,20,1,direct,2,ok,1,66362.967,2,6783,6783
l1-013-cn,20,1,direct,2,ok,1,62847.867,1,6991,6991
l1-018-de,20,1,direct,2,ok,1,57172.5,2,9933,9933
l1-019-de,20,1,direct,2,ok,1,45097.08,1,23400,23400
l1-023-fr,20,1,direct,2,ok,1,86091.479,1,26211,26211
l1-024-fr,20,1,direct,2,ok,1,61580.031,3,17877,17877
l1-025-fr,20,1,direct,2,ok,1,47033.535,4,13199,13199
l1-027-uk,20,1,direct,2,ok,1,64304.883,2,6148,6148
l1-031-ca,20,1,direct,2,ok,1,50778.68,4,9753,9753
l1-032-ca,20,1,direct,2,ok,1,48176.04,1,2328,2328
l1-033-ca,20,1,direct,2,ok,1,54583.364,3,7197,7197
l1-035-ca,20,1,direct,2,ok,1,75351.269,1,9148,9148
l1-036-au,20,1,direct,2,ok,1,68543.509,5,23747,23747
l1-037-au,20,1,direct,2,ok,1,41021.903,2,6135,6135
l1-038-au,20,1,direct,2,ok,1,72806.277,5,27052,27052
l1-039-au,20,1,direct,2,ok,1,40430.873,1,10110,10110
l1-040-au,20,1,direct,2,ok,1,45199.209,3,24374,24374
l1-041-sg,20,1,direct,2,ok,1,59210.052,1,17319,17319
l1-042-sg,20,1,direct,2,ok,1,50086.874,2,18165,18165
l1-044-sg,20,1,direct,2,ok,1,58912.438,3,10069,10069
l1-046-vn,20,1,direct,2,ok,1,52558.493,1,789,789
l1-049-vn,20,1,direct,2,ok,1,72136.736,2,3499,3499
l1-050-vn,20,1,direct,2,ok,1,48359.74,4,11069,11069
l1-051-th,20,1,direct,2,ok,1,61649.899,1,7247,7247
l1-052-th,20,1,direct,2,ok,1,60497.023,1,9447,9447
l1-053-th,20,1,direct,2,ok,1,69294.074,1,12821,12821
l1-054-th,20,1,direct,2,ok,1,98495.716,2,11230,11230
l1-055-th,20,1,direct,2,ok,1,72691.008,2,8940,8940
l1-059-id,20,1,direct,2,ok,1,95653.097,1,11312,11312
l1-060-id,20,1,direct,2,ok,1,44610.259,3,4549,4549
l1-062-my,20,1,direct,2,ok,1,96622.721,1,12785,12785
l1-065-my,20,1,direct,2,ok,1,64000.941,3,8238,8238
l1-068-ph,20,1,direct,2,ok,1,67690.977,1,17211,17211
l1-070-ph,20,1,direct,2,ok,1,40886.294,3,21636,21636
l1-075-in,20,1,direct,2,ok,1,56243.774,1,14522,14522
l1-078-br,20,1,direct,2,ok,1,32822.994,1,3690,3690
l1-081-es,20,1,direct,2,ok,1,98294.059,3,19919,19919
l1-082-es,20,1,direct,2,ok,1,60053.513,5,12552,12552
l1-085-es,20,1,direct,2,ok,1,65787.091,1,6458,6458
l1-091-nl,20,1,direct,2,ok,1,24492.518,0,,
l1-092-nl,20,1,direct,2,ok,1,40713.704,0,,
l1-094-nl,20,1,direct,2,ok,1,27432.796,0,,
l1-095-nl,20,1,direct,2,ok,1,21780.546,0,,
l1-097-nz,20,1,direct,2,ok,1,53547.217,3,11822,11822
l1-098-nz,20,1,direct,2,ok,1,39650.625,1,9519,9519
l2-001-jp-data-rights,20,1,direct,2,ok,1,63183.508,1,6424,6424
l2-002-jp-breach,20,1,direct,2,ok,1,61168.888,2,3885,3885
l2-003-jp-transfer,20,1,direct,2,ok,1,76810.349,2,13808,13808
l2-010-us-worker,20,1,direct,2,ok,1,39156.52,4,15612,15612
l2-013-cn-transfer,20,1,direct,2,ok,1,51607.685,1,12490,12490
l2-017-de-breach,20,1,direct,2,ok,1,52003.334,2,8722,8722
l2-022-fr-breach,20,1,direct,2,ok,1,45915.799,2,13589,13589
l2-024-fr-consumer,20,1,direct,2,ok,1,56653.77,3,18610,18610
l2-026-uk-data-rights,20,1,direct,2,ok,1,52740.885,3,3669,3669
l2-029-uk-consumer,20,1,direct,2,ok,1,55705.921,2,18523,18523
l2-034-ca-consumer,20,1,direct,2,ok,1,30401.714,1,4183,4183
l2-035-ca-worker,20,1,direct,2,ok,1,53694.552,2,12496,12496
l2-036-au-data-rights,20,1,direct,2,ok,1,50086.081,2,12681,12681
l2-038-au-transfer,20,1,direct,2,ok,1,66675.575,2,19625,19625
l2-039-au-consumer,20,1,direct,2,ok,1,47457.572,3,9500,9500
l2-040-au-worker,20,1,direct,2,ok,1,50170.889,2,4057,4057
l2-045-sg-worker,20,1,direct,2,ok,1,44582.736,1,11064,11064
l2-046-vn-data-rights,20,1,direct,2,ok,1,42924.839,2,11420,11420
l2-047-vn-breach,20,1,direct,2,ok,1,50621.872,5,11519,11519
l2-051-th-data-rights,20,1,direct,2,ok,1,50704.092,1,8705,8705
l2-052-th-breach,20,1,direct,2,ok,1,59030.254,2,7595,7595
l2-053-th-transfer,20,1,direct,2,ok,1,57349.225,1,10563,10563
l2-054-th-consumer,20,1,direct,2,ok,1,53571.913,2,5633,5633
l2-055-th-worker,20,1,direct,2,ok,1,57371.334,4,9356,9356
l2-056-id-data-rights,20,1,direct,2,ok,1,79498.645,1,7751,7751
l2-057-id-breach,20,1,direct,2,ok,1,47398.382,2,6847,6847
l2-060-id-worker,20,1,direct,2,ok,1,70458.062,1,11993,11993
l2-061-my-data-rights,20,1,direct,2,ok,1,57428.188,1,12630,12630
l2-064-my-consumer,20,1,direct,2,ok,1,53298.889,4,5533,5533
l2-066-ph-data-rights,20,1,direct,2,ok,1,63606.047,1,8395,8395
l2-067-ph-breach,20,1,direct,2,ok,1,45701.77,2,22463,22463
l2-068-ph-transfer,20,1,direct,2,ok,1,36819.447,1,17208,17208
l2-070-ph-worker,20,1,direct,2,ok,1,94756.472,1,15929,15929
l2-071-in-data-rights,20,1,direct,2,ok,1,52757.658,1,17648,17648
l2-072-in-breach,20,1,direct,2,ok,1,47029.209,2,14522,14522
l2-073-in-transfer,20,1,direct,2,ok,1,41092.314,2,13023,13023
l2-081-es-data-rights,20,1,direct,2,ok,1,74926.668,2,12890,12890
l2-082-es-breach,20,1,direct,2,ok,1,34376.201,3,13299,13299
l2-083-es-transfer,20,1,direct,2,ok,1,58410.645,2,23525,23525
l2-084-es-consumer,20,1,direct,2,ok,1,48080.872,4,19285,19285
l2-085-es-worker,20,1,direct,2,ok,1,44646.625,2,15423,15423
l2-086-it-data-rights,20,1,direct,2,ok,1,3395.992,0,,
l2-087-it-breach,20,1,direct,2,ok,1,10100.498,0,,
l2-088-it-transfer,20,1,direct,2,ok,1,5858.358,0,,
l2-089-it-consumer,20,1,direct,2,ok,1,13305.826,0,,
l2-090-it-worker,20,1,direct,2,ok,1,10480.749,0,,
l2-091-nl-data-rights,20,1,direct,2,ok,1,13693.317,0,,
l2-092-nl-breach,20,1,direct,2,ok,1,3750.076,0,,
l2-096-nz-data-rights,20,1,direct,2,ok,1,28288.919,3,10443,10443
l2-100-nz-worker,20,1,direct,2,ok,1,27217.595,3,7221,7221
l3-001-jp-transfer,20,1,direct,2,ok,1,169689.42,2,19781,19781
l3-002-jp-breach,20,1,direct,2,ok,1,63064.498,3,12712,12712
l3-005-jp-worker-ai,20,1,direct,2,ok,1,76339.057,4,4392,4392
l3-007-us-breach,20,1,direct,2,ok,1,117128.499,3,11809,11809
l3-008-us-consumer,20,1,direct,2,ok,1,56300.096,3,9845,9845
l3-010-us-worker-ai,20,1,direct,2,ok,1,53092.482,2,7175,7175
l3-011-cn-transfer,20,1,direct,2,ok,1,103853.067,3,9980,9980
l3-013-cn-consumer,20,1,direct,2,ok,1,72851.827,2,3970,3970
l3-014-cn-platform,20,1,direct,2,ok,1,98049.072,4,12239,12239
l3-015-cn-worker-ai,20,1,direct,2,ok,1,108438.406,2,8474,8474
l3-016-de-transfer,20,1,direct,2,ok,1,90566.017,2,12757,12757
l3-018-de-consumer,20,1,direct,2,ok,1,66228.674,6,10007,10007
l3-019-de-platform,20,1,direct,2,ok,1,72534.049,7,12938,12938
l3-020-de-worker-ai,20,1,direct,2,ok,1,80671.411,2,8368,8368
l3-023-fr-consumer,20,1,direct,2,ok,1,122478.995,4,18723,18723
l3-025-fr-worker-ai,20,1,direct,2,ok,1,106964.665,3,22180,22180
l3-026-uk-transfer,20,1,direct,2,ok,1,73873.216,3,13405,13405
l3-028-uk-consumer,20,1,direct,2,ok,1,99665.709,3,11856,11856
l3-030-uk-worker-ai,20,1,direct,2,ok,1,95634.742,4,14917,14917
l3-032-ca-breach,20,1,direct,2,ok,1,77667.071,7,10719,10719
l3-033-ca-consumer,20,1,direct,2,ok,1,59702.174,2,3365,3365
l3-037-au-breach,20,1,direct,2,ok,1,75529.536,2,5400,5400
l3-039-au-platform,20,1,direct,2,ok,1,141930.903,2,14860,14860
l3-041-sg-transfer,20,1,direct,2,ok,1,137698.955,2,20275,20275
l3-043-sg-consumer,20,1,direct,2,ok,1,99579.383,2,4226,4226
l3-045-sg-worker-ai,20,1,direct,2,ok,1,15299.007,0,,
l3-046-vn-transfer,20,1,direct,2,ok,1,115223.504,3,9992,9992
l3-047-vn-breach,20,1,direct,2,ok,1,97896.351,2,11749,11749
l3-053-th-consumer,20,1,direct,2,ok,1,68748.414,2,11856,11856
l3-054-th-platform,20,1,direct,2,ok,1,6013.375,0,,
l3-056-id-transfer,20,1,direct,2,ok,1,92393.809,1,12628,12628
l3-057-id-breach,20,1,direct,2,ok,1,90606.338,3,19466,19466
l3-058-id-consumer,20,1,direct,2,ok,1,87383.728,2,19316,19316
l3-059-id-platform,20,1,direct,2,ok,1,4171.785,0,,
l3-062-my-breach,20,1,direct,2,ok,1,81232.49,1,11749,11749
l3-063-my-consumer,20,1,direct,2,ok,1,9572.836,0,,
l3-065-my-worker-ai,20,1,direct,2,ok,1,123517.564,2,27008,27008
l3-066-ph-transfer,20,1,direct,2,ok,1,111999.638,2,16050,16050
l3-067-ph-breach,20,1,direct,2,ok,1,92897.602,2,25082,25082
l3-072-in-breach,20,1,direct,2,ok,1,9348.261,0,,
l3-073-in-consumer,20,1,direct,2,ok,1,40221.432,3,4404,4404
l3-075-in-worker-ai,20,1,direct,2,ok,1,53227.181,2,8368,8368
l3-078-br-consumer,20,1,direct,2,ok,1,108463.924,2,6798,6798
l3-079-br-platform,20,1,direct,2,ok,1,107410.585,1,18698,18698
l3-081-es-transfer,20,1,direct,2,ok,1,9901.283,0,,
l3-082-es-breach,20,1,direct,2,ok,1,159725.922,2,25082,25082
l3-088-it-consumer,20,1,direct,2,ok,1,9338.554,0,,
l3-092-nl-breach,20,1,direct,2,ok,1,11914.133,0,,
l3-098-nz-consumer,20,1,direct,2,ok,1,44572.857,3,7923,7923
l3-100-nz-worker-ai,20,1,direct,2,ok,1,101622.638,5,18432,18432
l4-001-jp-digital-platform,20,1,direct,2,ok,1,87253.417,3,14131,14131
l4-004-jp-fintech,20,1,direct,2,ok,1,42174.528,5,5369,5369
l4-008-us-online-sales,20,1,direct,2,ok,1,47398.105,2,9845,9845
l4-009-us-fintech,20,1,direct,2,ok,1,57091.97,6,12266,12266
l4-012-cn-automated-hiring,20,1,direct,2,ok,1,78978.397,5,8376,8376
l4-015-cn-manufacturer,20,1,direct,2,ok,1,65986.827,6,4731,4731
l4-016-de-digital-platform,20,1,direct,2,ok,1,38263.697,3,17609,17609
l4-020-de-manufacturer,20,1,direct,2,ok,1,37292.902,5,5341,5341
l4-021-fr-digital-platform,20,1,direct,2,ok,1,94591.144,2,21543,21543
l4-022-fr-automated-hiring,20,1,direct,2,ok,1,53270.491,4,27102,27102
l4-023-fr-online-sales,20,1,direct,2,ok,1,56542.11,4,19363,19363
l4-024-fr-fintech,20,1,direct,2,ok,1,68061.956,2,23838,23838
l4-027-uk-automated-hiring,20,1,direct,2,ok,1,52232.725,2,7731,7731
l4-029-uk-fintech,20,1,direct,2,ok,1,87569.017,3,6139,6139
l4-032-ca-automated-hiring,20,1,direct,2,ok,1,67009.015,4,15592,15592
l4-034-ca-fintech,20,1,direct,2,ok,1,51961.421,2,4181,4181
l4-036-au-digital-platform,20,1,direct,2,ok,1,60615.946,3,16258,16258
l4-038-au-online-sales,20,1,direct,2,ok,1,75310.093,1,9686,9686
l4-039-au-fintech,20,1,direct,2,ok,1,45091.244,3,15474,15474
l4-040-au-manufacturer,20,1,direct,2,ok,1,75101.584,4,8201,8201
l4-044-sg-fintech,20,1,direct,2,ok,1,62528.893,4,24359,24359
l4-045-sg-manufacturer,20,1,direct,2,ok,1,71716.612,3,2864,2864
l4-051-th-digital-platform,20,1,direct,2,ok,1,53893.607,1,11182,11182
l4-054-th-fintech,20,1,direct,2,ok,1,48172.916,3,3928,3928
l4-055-th-manufacturer,20,1,direct,2,ok,1,42801.658,3,2907,2907
l4-058-id-online-sales,20,1,direct,2,ok,1,85436.12,3,7197,7197
l4-059-id-fintech,20,1,direct,2,ok,1,98473.526,4,17321,17321
l4-063-my-online-sales,20,1,direct,2,ok,1,90474.013,3,5223,5223
l4-065-my-manufacturer,20,1,direct,2,ok,1,53919.535,2,4845,4845
l4-067-ph-automated-hiring,20,1,direct,2,ok,1,77594.476,3,5510,5510
l4-069-ph-fintech,20,1,direct,2,ok,1,80053.278,4,8266,8266
l4-070-ph-manufacturer,20,1,direct,2,ok,1,89210.658,8,8295,8295
l4-071-in-digital-platform,20,1,direct,2,ok,1,103048.427,2,22506,22506
l4-072-in-automated-hiring,20,1,direct,2,ok,1,59702.896,6,10554,10554
l4-075-in-manufacturer,20,1,direct,2,ok,1,32233.481,2,4668,4668
l4-080-br-manufacturer,20,1,direct,2,ok,1,70260.433,4,6429,6429
l4-081-es-digital-platform,20,1,direct,2,ok,1,89594.795,2,12843,12843
l4-082-es-automated-hiring,20,1,direct,2,ok,1,51012.422,1,16109,16109
l4-083-es-online-sales,20,1,direct,2,ok,1,69487.056,3,18634,18634
l4-088-it-online-sales,20,1,direct,2,ok,1,7702.392,0,,
l4-089-it-fintech,20,1,direct,2,ok,1,5596.177,0,,
l4-090-it-manufacturer,20,1,direct,2,ok,1,10112.68,0,,
l4-092-nl-automated-hiring,20,1,direct,2,ok,1,7324.097,0,,
l4-093-nl-online-sales,20,1,direct,2,ok,1,6623.631,0,,
l4-094-nl-fintech,20,1,direct,2,ok,1,5044.004,0,,
l4-095-nl-manufacturer,20,1,direct,2,ok,1,3595.053,0,,
l4-096-nz-digital-platform,20,1,direct,2,ok,1,34614.136,3,5786,5786
l4-097-nz-automated-hiring,20,1,direct,2,ok,1,44408.295,4,7518,7518
l4-099-nz-fintech,20,1,direct,2,ok,1,44634.266,2,18660,18660
l4-100-nz-manufacturer,20,1,direct,2,ok,1,96458.774,3,12102,12102
l1-001-jp,20,1,original,1,ok,1,68326.251,5,7288,7288
l1-002-jp,20,1,original,1,ok,1,75624.397,2,10180,10180
l1-003-jp,20,1,original,1,ok,1,65280.99,1,9238,9238
l1-005-jp,20,1,original,1,ok,1,54824.566,4,2426,2426
l1-010-us,20,1,original,1,ok,1,56829.436,2,14100,14100
l1-012-cn,20,1,original,1,ok,1,77525.944,2,6783,6783
l1-013-cn,20,1,original,1,ok,1,72115.442,1,6997,6997
l1-018-de,20,1,original,1,ok,1,54089.231,2,9933,9933
l1-019-de,20,1,original,1,ok,1,60181.486,1,23400,23400
l1-023-fr,20,1,original,1,ok,1,77635.438,1,26211,26211
l1-024-fr,20,1,original,1,ok,1,51250.386,3,17877,17877
l1-025-fr,20,1,original,1,ok,1,57268.885,4,13199,13199
l1-027-uk,20,1,original,1,ok,1,84872.551,2,6148,6148
l1-031-ca,20,1,original,1,ok,1,51377.193,4,9753,9753
l1-032-ca,20,1,original,1,ok,1,52428.08,1,2328,2328
l1-033-ca,20,1,original,1,ok,1,52437.041,3,7197,7197
l1-035-ca,20,1,original,1,ok,1,64393.296,1,9148,9148
l1-036-au,20,1,original,1,ok,1,61312.146,5,23747,23747
l1-037-au,20,1,original,1,ok,1,42439.803,2,6135,6135
l1-038-au,20,1,original,1,ok,1,66090.346,5,27052,27052
l1-039-au,20,1,original,1,ok,1,65902.896,1,10110,10110
l1-040-au,20,1,original,1,ok,1,57887.254,3,24374,24374
l1-041-sg,20,1,original,1,ok,1,75498.704,1,22558,22558
l1-042-sg,20,1,original,1,ok,1,49523.931,2,18165,18165
l1-044-sg,20,1,original,1,ok,1,53896.303,3,10069,10069
l1-046-vn,20,1,original,1,ok,1,54305.423,1,789,789
l1-049-vn,20,1,original,1,ok,1,55889.218,2,3499,3499
l1-050-vn,20,1,original,1,ok,1,49078.544,4,11069,11069
l1-051-th,20,1,original,1,ok,1,72292.105,1,7247,7247
l1-052-th,20,1,original,1,ok,1,75659.274,1,9447,9447
l1-053-th,20,1,original,1,ok,1,75136.315,1,12821,12821
l1-054-th,20,1,original,1,ok,1,96418.367,2,11230,11230
l1-055-th,20,1,original,1,ok,1,63627.165,2,8940,8940
l1-059-id,20,1,original,1,ok,1,77533.114,1,11312,11312
l1-060-id,20,1,original,1,ok,1,45164.06,3,4549,4549
l1-062-my,20,1,original,1,ok,1,103600.338,1,12785,12785
l1-065-my,20,1,original,1,ok,1,47858.222,3,8238,8238
l1-068-ph,20,1,original,1,ok,1,68452.369,1,17211,17211
l1-070-ph,20,1,original,1,ok,1,39765.898,3,21636,21636
l1-075-in,20,1,original,1,ok,1,82271.785,1,14522,14522
l1-078-br,20,1,original,1,ok,1,53246.418,1,3690,3690
l1-081-es,20,1,original,1,ok,1,83947.346,3,19919,19919
l1-082-es,20,1,original,1,ok,1,58344.05,5,12552,12552
l1-085-es,20,1,original,1,ok,1,52252.397,1,6458,6458
l1-091-nl,20,1,original,1,ok,1,25500.958,0,,
l1-092-nl,20,1,original,1,ok,1,43306.704,0,,
l1-094-nl,20,1,original,1,ok,1,28630.828,0,,
l1-095-nl,20,1,original,1,ok,1,20798.732,0,,
l1-097-nz,20,1,original,1,ok,1,36510.564,3,11822,11822
l1-098-nz,20,1,original,1,ok,1,43332.315,1,9519,9519
l2-001-jp-data-rights,20,1,original,1,ok,1,50135.346,1,6424,6424
l2-002-jp-breach,20,1,original,1,ok,1,66097.529,3,3108,3108
l2-003-jp-transfer,20,1,original,1,ok,1,57122.101,2,13808,13808
l2-010-us-worker,20,1,original,1,ok,1,72556.531,4,15612,15612
l2-013-cn-transfer,20,1,original,1,ok,1,43702.811,1,12490,12490
l2-017-de-breach,20,1,original,1,ok,1,38567.388,2,10433,10433
l2-022-fr-breach,20,1,original,1,ok,1,73054.917,2,14061,14061
l2-024-fr-consumer,20,1,original,1,ok,1,55077.169,3,18608,18608
l2-026-uk-data-rights,20,1,original,1,ok,1,46553.611,3,3669,3669
l2-029-uk-consumer,20,1,original,1,ok,1,57682.663,2,18523,18523
l2-034-ca-consumer,20,1,original,1,ok,1,32089.473,1,4183,4183
l2-035-ca-worker,20,1,original,1,ok,1,40398.148,2,12496,12496
l2-036-au-data-rights,20,1,original,1,ok,1,47550.393,3,14660,14660
l2-038-au-transfer,20,1,original,1,ok,1,49862.799,2,19625,19625
l2-039-au-consumer,20,1,original,1,ok,1,55778.998,3,9500,9500
l2-040-au-worker,20,1,original,1,ok,1,70229.561,2,4057,4057
l2-045-sg-worker,20,1,original,1,ok,1,55900.776,1,11064,11064
l2-046-vn-data-rights,20,1,original,1,ok,1,59133.821,2,11418,11418
l2-047-vn-breach,20,1,original,1,ok,1,59937.949,5,11515,11515
l2-051-th-data-rights,20,1,original,1,ok,1,77196.442,1,9181,9181
l2-052-th-breach,20,1,original,1,ok,1,45417.262,2,7597,7597
l2-053-th-transfer,20,1,original,1,ok,1,71796.565,1,10563,10563
l2-054-th-consumer,20,1,original,1,ok,1,50310.228,2,5633,5633
l2-055-th-worker,20,1,original,1,ok,1,46155.976,4,9356,9356
l2-056-id-data-rights,20,1,original,1,ok,1,65909.772,1,7438,7438
l2-057-id-breach,20,1,original,1,ok,1,58752.233,2,6847,6847
l2-060-id-worker,20,1,original,1,ok,1,76948.262,1,11993,11993
l2-061-my-data-rights,20,1,original,1,ok,1,41701.637,1,12630,12630
l2-064-my-consumer,20,1,original,1,ok,1,53856.131,4,5533,5533
l2-066-ph-data-rights,20,1,original,1,ok,1,54796.795,1,8395,8395
l2-067-ph-breach,20,1,original,1,ok,1,41486.451,2,22469,22469
l2-068-ph-transfer,20,1,original,1,ok,1,45589.452,1,17208,17208
l2-070-ph-worker,20,1,original,1,ok,1,85588.326,1,15929,15929
l2-071-in-data-rights,20,1,original,1,ok,1,48370.126,1,18470,18470
l2-072-in-breach,20,1,original,1,ok,1,36709.365,2,14524,14524
l2-073-in-transfer,20,1,original,1,ok,1,46458.175,2,13023,13023
l2-081-es-data-rights,20,1,original,1,ok,1,70805.336,2,12888,12888
l2-082-es-breach,20,1,original,1,ok,1,38463.256,3,13297,13297
l2-083-es-transfer,20,1,original,1,ok,1,61253.952,2,23525,23525
l2-084-es-consumer,20,1,original,1,ok,1,67626.091,4,19285,19285
l2-085-es-worker,20,1,original,1,ok,1,45656.364,2,15423,15423
l2-086-it-data-rights,20,1,original,1,ok,1,10703.312,0,,
l2-087-it-breach,20,1,original,1,ok,1,4906.03,0,,
l2-088-it-transfer,20,1,original,1,ok,1,4445.454,0,,
l2-089-it-consumer,20,1,original,1,ok,1,5931.947,0,,
l2-090-it-worker,20,1,original,1,ok,1,10278.705,0,,
l2-091-nl-data-rights,20,1,original,1,ok,1,4805.968,0,,
l2-092-nl-breach,20,1,original,1,ok,1,2406.693,0,,
l2-096-nz-data-rights,20,1,original,1,ok,1,31036.817,3,10443,10443
l2-100-nz-worker,20,1,original,1,ok,1,27080.413,3,7221,7221
l3-001-jp-transfer,20,1,original,1,ok,1,167400.116,2,7197,7197
l3-002-jp-breach,20,1,original,1,ok,1,148236.852,4,12716,12716
l3-005-jp-worker-ai,20,1,original,1,ok,1,76137.475,4,4392,4392
l3-007-us-breach,20,1,original,1,ok,1,77236.877,3,10071,10071
l3-008-us-consumer,20,1,original,1,ok,1,48651.298,3,9845,9845
l3-010-us-worker-ai,20,1,original,1,ok,1,75642.855,2,27008,27008
l3-011-cn-transfer,20,1,original,1,ok,1,98317.835,4,9089,9089
l3-013-cn-consumer,20,1,original,1,ok,1,68447.093,2,16079,16079
l3-014-cn-platform,20,1,original,1,ok,1,90284.734,3,1482,1482
l3-015-cn-worker-ai,20,1,original,1,ok,1,102694.97,2,8474,8474
l3-016-de-transfer,20,1,original,1,ok,1,84722.654,2,12755,12755
l3-018-de-consumer,20,1,original,1,ok,1,65263.328,6,10007,10007
l3-019-de-platform,20,1,original,1,ok,1,63576.641,8,12938,12938
l3-020-de-worker-ai,20,1,original,1,ok,1,85069.801,2,13017,13017
l3-023-fr-consumer,20,1,original,1,ok,1,94927.929,3,18723,18723
l3-025-fr-worker-ai,20,1,original,1,ok,1,109386.143,3,22180,22180
l3-026-uk-transfer,20,1,original,1,ok,1,83742.962,4,13411,13411
l3-028-uk-consumer,20,1,original,1,ok,1,89841.67,3,9665,9665
l3-030-uk-worker-ai,20,1,original,1,ok,1,80267.178,4,14917,14917
l3-032-ca-breach,20,1,original,1,ok,1,61524.926,6,10199,10199
l3-033-ca-consumer,20,1,original,1,ok,1,56585.076,2,3365,3365
l3-037-au-breach,20,1,original,1,ok,1,56961.416,3,15001,15001
l3-039-au-platform,20,1,original,1,ok,1,109828.271,2,22450,22450
l3-041-sg-transfer,20,1,original,1,ok,1,127101.033,2,20275,20275
l3-043-sg-consumer,20,1,original,1,ok,1,94385.338,2,4226,4226
l3-045-sg-worker-ai,20,1,original,1,ok,1,11194.364,0,,
l3-046-vn-transfer,20,1,original,1,ok,1,106820.121,2,9990,9990
l3-047-vn-breach,20,1,original,1,ok,1,96827.098,2,10725,10725
l3-053-th-consumer,20,1,original,1,ok,1,72860.048,2,11856,11856
l3-054-th-platform,20,1,original,1,ok,1,4471.232,0,,
l3-056-id-transfer,20,1,original,1,ok,1,93025.049,2,10146,10146
l3-057-id-breach,20,1,original,1,ok,1,93283.893,3,19470,19470
l3-058-id-consumer,20,1,original,1,ok,1,86009.354,2,19316,19316
l3-059-id-platform,20,1,original,1,ok,1,3126.333,0,,
l3-062-my-breach,20,1,original,1,ok,1,78922.771,1,11749,11749
l3-063-my-consumer,20,1,original,1,ok,1,10578.023,0,,
l3-065-my-worker-ai,20,1,original,1,ok,1,113466.412,2,27006,27006
l3-066-ph-transfer,20,1,original,1,ok,1,118441.167,3,15398,15398
l3-067-ph-breach,20,1,original,1,ok,1,93717.948,2,25086,25086
l3-072-in-breach,20,1,original,1,ok,1,4202.693,0,,
l3-073-in-consumer,20,1,original,1,ok,1,47443.694,3,7923,7923
l3-075-in-worker-ai,20,1,original,1,ok,1,57775.521,3,14917,14917
l3-078-br-consumer,20,1,original,1,ok,1,95018.603,1,6798,6798
l3-079-br-platform,20,1,original,1,ok,1,97607.107,1,1482,1482
l3-081-es-transfer,20,1,original,1,ok,1,3470.708,0,,
l3-082-es-breach,20,1,original,1,ok,1,148643.398,2,25086,25086
l3-088-it-consumer,20,1,original,1,ok,1,7850.067,0,,
l3-092-nl-breach,20,1,original,1,ok,1,2909.779,0,,
l3-098-nz-consumer,20,1,original,1,ok,1,60791.929,3,7923,7923
l3-100-nz-worker-ai,20,1,original,1,ok,1,168618.625,4,18432,18432
l4-001-jp-digital-platform,20,1,original,1,ok,1,76507.242,3,14131,14131
l4-004-jp-fintech,20,1,original,1,ok,1,42627.295,5,5371,5371
l4-008-us-online-sales,20,1,original,1,ok,1,32191.402,3,6812,6812
l4-009-us-fintech,20,1,original,1,ok,1,57942.65,6,12266,12266
l4-012-cn-automated-hiring,20,1,original,1,ok,1,72312.664,5,8376,8376
l4-015-cn-manufacturer,20,1,original,1,ok,1,49524.607,6,4731,4731
l4-016-de-digital-platform,20,1,original,1,ok,1,39159.618,3,17609,17609
l4-020-de-manufacturer,20,1,original,1,ok,1,40521.929,5,5341,5341
l4-021-fr-digital-platform,20,1,original,1,ok,1,83254.155,2,21543,21543
l4-022-fr-automated-hiring,20,1,original,1,ok,1,49836.829,4,26352,26352
l4-023-fr-online-sales,20,1,original,1,ok,1,55253.588,5,20826,20826
l4-024-fr-fintech,20,1,original,1,ok,1,69733.066,2,23838,23838
l4-027-uk-automated-hiring,20,1,original,1,ok,1,40301.955,2,9462,9462
l4-029-uk-fintech,20,1,original,1,ok,1,74122.551,3,6139,6139
l4-032-ca-automated-hiring,20,1,original,1,ok,1,67291.315,4,15592,15592
l4-034-ca-fintech,20,1,original,1,ok,1,49351.742,2,4169,4169
l4-036-au-digital-platform,20,1,original,1,ok,1,70994.305,3,16258,16258
l4-038-au-online-sales,20,1,original,1,ok,1,52328.273,2,7923,7923
l4-039-au-fintech,20,1,original,1,ok,1,45638.075,3,15464,15464
l4-040-au-manufacturer,20,1,original,1,ok,1,52858.834,4,6383,6383
l4-044-sg-fintech,20,1,original,1,ok,1,76751.978,3,25258,25258
l4-045-sg-manufacturer,20,1,original,1,ok,1,72465.094,3,2864,2864
l4-051-th-digital-platform,20,1,original,1,ok,1,43261.596,1,11182,11182
l4-054-th-fintech,20,1,original,1,ok,1,62685.721,3,3926,3926
l4-055-th-manufacturer,20,1,original,1,ok,1,40303.448,4,3390,3390
l4-058-id-online-sales,20,1,original,1,ok,1,64004.551,4,8239,8239
l4-059-id-fintech,20,1,original,1,ok,1,77660.055,4,17311,17311
l4-063-my-online-sales,20,1,original,1,ok,1,57310.133,3,5223,5223
l4-065-my-manufacturer,20,1,original,1,ok,1,62425.188,2,4845,4845
l4-067-ph-automated-hiring,20,1,original,1,ok,1,68874.768,3,5510,5510
l4-069-ph-fintech,20,1,original,1,ok,1,74916.8,4,8266,8266
l4-070-ph-manufacturer,20,1,original,1,ok,1,73652.238,9,7530,7530
l4-071-in-digital-platform,20,1,original,1,ok,1,89380.564,2,22506,22506
l4-072-in-automated-hiring,20,1,original,1,ok,1,53247.633,6,10554,10554
l4-075-in-manufacturer,20,1,original,1,ok,1,37369.207,2,4668,4668
l4-080-br-manufacturer,20,1,original,1,ok,1,55467.159,4,6510,6510
l4-081-es-digital-platform,20,1,original,1,ok,1,80921.827,2,12843,12843
l4-082-es-automated-hiring,20,1,original,1,ok,1,63944.489,1,16107,16107
l4-083-es-online-sales,20,1,original,1,ok,1,65250.44,3,16653,16653
l4-088-it-online-sales,20,1,original,1,ok,1,7386.192,0,,
l4-089-it-fintech,20,1,original,1,ok,1,6631.943,0,,
l4-090-it-manufacturer,20,1,original,1,ok,1,3174.734,0,,
l4-092-nl-automated-hiring,20,1,original,1,ok,1,10311.898,0,,
l4-093-nl-online-sales,20,1,original,1,ok,1,5506.802,0,,
l4-094-nl-fintech,20,1,original,1,ok,1,2911.207,0,,
l4-095-nl-manufacturer,20,1,original,1,ok,1,8085.143,0,,
l4-096-nz-digital-platform,20,1,original,1,ok,1,45282.558,3,5786,5786
l4-097-nz-automated-hiring,20,1,original,1,ok,1,45475.361,4,7518,7518
l4-099-nz-fintech,20,1,original,1,ok,1,39026.935,2,18660,18660
l4-100-nz-manufacturer,20,1,original,1,ok,1,83227.222,3,12098,12098
l1-001-jp,20,1,reduce,3,ok,1,48628.626,5,7288,4216
l1-002-jp,20,1,reduce,3,ok,1,62778.811,2,10180,5217
l1-003-jp,20,1,reduce,3,ok,1,59559.069,1,9238,6242
l1-005-jp,20,1,reduce,3,ok,1,37795.152,4,2426,1546
l1-010-us,20,1,reduce,3,ok,1,69022.424,2,14100,2578
l1-012-cn,20,1,reduce,3,ok,1,56905.745,2,6783,4146
l1-013-cn,20,1,reduce,3,ok,1,61002.818,1,6997,4371
l1-018-de,20,1,reduce,3,ok,1,107289.737,5,9033,3714
l1-019-de,20,1,reduce,3,ok,1,56930.667,3,23400,3735
l1-023-fr,20,1,reduce,3,ok,1,69550.279,1,26211,10039
l1-024-fr,20,1,reduce,3,ok,1,68671.892,2,17877,6432
l1-025-fr,20,1,reduce,3,ok,1,65978.459,2,13199,4235
l1-027-uk,20,1,reduce,3,ok,1,67776.572,2,6148,3677
l1-031-ca,20,1,reduce,3,ok,1,47651.717,4,9753,5724
l1-032-ca,20,1,reduce,3,ok,1,46091.844,1,2328,1327
l1-033-ca,20,1,reduce,3,ok,1,68469.053,3,7197,2079
l1-035-ca,20,1,reduce,3,ok,1,79341.05,1,9148,4466
l1-036-au,20,1,reduce,3,ok,1,32655.534,5,23747,3574
l1-037-au,20,1,reduce,3,ok,1,87408.274,2,6135,2823
l1-038-au,20,1,reduce,3,ok,1,61054.101,5,27052,5793
l1-039-au,20,1,reduce,3,ok,1,36871.259,1,10110,4894
l1-040-au,20,1,reduce,3,ok,1,67345.283,3,24374,4680
l1-041-sg,20,1,reduce,3,ok,1,63230.424,1,22558,8527
l1-042-sg,20,1,reduce,3,ok,1,113859.406,3,18165,6691
l1-044-sg,20,1,reduce,3,ok,1,65026.907,3,10069,3178
l1-046-vn,20,1,reduce,3,ok,1,48087.45,1,789,525
l1-049-vn,20,1,reduce,3,ok,1,60855.838,2,19841,7354
l1-050-vn,20,1,reduce,3,ok,1,50530.664,4,11069,5666
l1-051-th,20,1,reduce,3,ok,1,63503.361,1,7247,4600
l1-052-th,20,1,reduce,3,ok,1,107024.414,1,9447,5478
l1-053-th,20,1,reduce,3,ok,1,70837.216,1,12821,8136
l1-054-th,20,1,reduce,3,ok,1,46515.246,2,11230,6871
l1-055-th,20,1,reduce,3,ok,1,59078.764,2,8940,3102
l1-059-id,20,1,reduce,3,ok,1,57576.903,1,11312,6690
l1-060-id,20,1,reduce,3,ok,1,35943.18,3,4549,3081
l1-062-my,20,1,reduce,3,ok,1,55120.594,1,12785,8316
l1-065-my,20,1,reduce,3,ok,1,98550.705,3,8238,3940
l1-068-ph,20,1,reduce,3,ok,1,67864.277,1,17211,9658
l1-070-ph,20,1,reduce,3,ok,1,38931.734,3,21636,6843
l1-075-in,20,1,reduce,3,ok,1,67912.033,1,14522,11454
l1-078-br,20,1,reduce,3,ok,1,33774.196,1,3690,1546
l1-081-es,20,1,reduce,3,ok,1,56970.146,3,19919,10157
l1-082-es,20,1,reduce,3,ok,1,96677.963,5,12552,5945
l1-085-es,20,1,reduce,3,ok,1,46003.806,1,6458,2901
l1-091-nl,20,1,reduce,3,ok,1,19362.493,0,,
l1-092-nl,20,1,reduce,3,ok,1,22170.328,0,,
l1-094-nl,20,1,reduce,3,ok,1,18982.564,0,,
l1-095-nl,20,1,reduce,3,ok,1,16932.426,0,,
l1-097-nz,20,1,reduce,3,ok,1,96063.038,2,11822,4512
l1-098-nz,20,1,reduce,3,ok,1,86121.919,1,9519,2127
l2-001-jp-data-rights,20,1,reduce,3,ok,1,29583.739,1,6919,4331
l2-002-jp-breach,20,1,reduce,3,ok,1,28055.702,3,3108,2112
l2-003-jp-transfer,20,1,reduce,3,ok,1,48800.31,2,13808,5496
l2-010-us-worker,20,1,reduce,3,ok,1,39250.64,2,15612,5228
l2-013-cn-transfer,20,1,reduce,3,ok,1,32835.641,1,12490,6712
l2-017-de-breach,20,1,reduce,3,ok,1,32455.193,2,10431,5163
l2-022-fr-breach,20,1,reduce,3,ok,1,49163.304,3,14059,5192
l2-024-fr-consumer,20,1,reduce,3,ok,1,31607.642,2,18608,6010
l2-026-uk-data-rights,20,1,reduce,3,ok,1,36317.787,3,3669,2426
l2-029-uk-consumer,20,1,reduce,3,ok,1,50411.902,2,18523,8843
l2-034-ca-consumer,20,1,reduce,3,ok,1,24728.648,1,4183,2205
l2-035-ca-worker,20,1,reduce,3,ok,1,33992.613,2,12496,4322
l2-036-au-data-rights,20,1,reduce,3,ok,1,32801.761,2,12681,4100
l2-038-au-transfer,20,1,reduce,3,ok,1,38254.894,2,19625,5758
l2-039-au-consumer,20,1,reduce,3,ok,1,54476.683,3,9500,4326
l2-040-au-worker,20,1,reduce,3,ok,1,46609.301,2,4057,2770
l2-045-sg-worker,20,1,reduce,3,ok,1,39261.163,1,11064,4423
l2-046-vn-data-rights,20,1,reduce,3,ok,1,43529.185,2,11418,5942
l2-047-vn-breach,20,1,reduce,3,ok,1,49453.942,4,10566,4230
l2-051-th-data-rights,20,1,reduce,3,ok,1,51156.749,1,9181,6443
l2-052-th-breach,20,1,reduce,3,ok,1,34228.69,2,7597,4614
l2-053-th-transfer,20,1,reduce,3,ok,1,49066.89,1,10563,7155
l2-054-th-consumer,20,1,reduce,3,ok,1,47421.817,2,5633,2751
l2-055-th-worker,20,1,reduce,3,ok,1,38576.539,2,9356,3416
l2-056-id-data-rights,20,1,reduce,3,ok,1,35587.925,1,7438,4222
l2-057-id-breach,20,1,reduce,3,ok,1,29888.217,2,6847,2599
l2-060-id-worker,20,1,reduce,3,ok,1,56447.787,1,11993,6920
l2-061-my-data-rights,20,1,reduce,3,ok,1,50402.611,1,12630,5604
l2-064-my-consumer,20,1,reduce,3,ok,1,100886.532,4,5533,2939
l2-066-ph-data-rights,20,1,reduce,3,ok,1,53559.136,1,8395,5135
l2-067-ph-breach,20,1,reduce,3,ok,1,53410.707,2,22469,8201
l2-068-ph-transfer,20,1,reduce,3,ok,1,45106.499,1,17208,7814
l2-070-ph-worker,20,1,reduce,3,ok,1,56933.893,1,15929,7460
l2-071-in-data-rights,20,1,reduce,3,ok,1,51651.286,1,18470,5881
l2-072-in-breach,20,1,reduce,3,ok,1,242542.548,0,14524,4193
l2-073-in-transfer,20,1,reduce,3,ok,1,37603.524,2,13023,4151
l2-081-es-data-rights,20,1,reduce,3,ok,1,45215.17,2,12888,7471
l2-082-es-breach,20,1,reduce,3,ok,1,24161.652,3,13297,2708
l2-083-es-transfer,20,1,reduce,3,ok,1,34492.699,2,23525,9554
l2-084-es-consumer,20,1,reduce,3,ok,1,47037.152,4,19285,7712
l2-085-es-worker,20,1,reduce,3,ok,1,36417.767,2,15423,7315
l2-086-it-data-rights,20,1,reduce,3,ok,1,4130.142,0,,
l2-087-it-breach,20,1,reduce,3,ok,1,4481.775,0,,
l2-088-it-transfer,20,1,reduce,3,ok,1,3081.756,0,,
l2-089-it-consumer,20,1,reduce,3,ok,1,2657.334,0,,
l2-090-it-worker,20,1,reduce,3,ok,1,4499.141,0,,
l2-091-nl-data-rights,20,1,reduce,3,ok,1,3910.423,0,,
l2-092-nl-breach,20,1,reduce,3,ok,1,4040.972,0,,
l2-096-nz-data-rights,20,1,reduce,3,ok,1,19452.969,2,10443,3245
l2-100-nz-worker,20,1,reduce,3,ok,1,21742.429,3,7221,4778
l3-001-jp-transfer,20,1,reduce,3,ok,1,126748.354,2,8091,3479
l3-002-jp-breach,20,1,reduce,3,ok,1,145050.231,3,12720,6670
l3-005-jp-worker-ai,20,1,reduce,3,ok,1,46295.657,2,4400,2110
l3-007-us-breach,20,1,reduce,3,ok,1,74422.254,5,16651,5387
l3-008-us-consumer,20,1,reduce,3,ok,1,60030.628,4,9845,4022
l3-010-us-worker-ai,20,1,reduce,3,ok,1,68969.574,2,6194,3090
l3-011-cn-transfer,20,1,reduce,3,ok,1,70974.639,4,10383,6390
l3-013-cn-consumer,20,1,reduce,3,ok,1,66816.921,2,3970,2777
l3-014-cn-platform,20,1,reduce,3,ok,1,75447.197,3,12239,5376
l3-015-cn-worker-ai,20,1,reduce,3,ok,1,68567.748,2,8084,2740
l3-016-de-transfer,20,1,reduce,3,ok,1,50394.675,2,12757,5244
l3-018-de-consumer,20,1,reduce,3,ok,1,69828.505,4,10007,4403
l3-019-de-platform,20,1,reduce,3,ok,1,69651.201,5,12624,6939
l3-020-de-worker-ai,20,1,reduce,3,ok,1,63268.294,2,13820,5314
l3-023-fr-consumer,20,1,reduce,3,ok,1,114276.492,2,18723,6787
l3-025-fr-worker-ai,20,1,reduce,3,ok,1,74767.003,3,22367,11530
l3-026-uk-transfer,20,1,reduce,3,ok,1,60655.677,4,13407,2976
l3-028-uk-consumer,20,1,reduce,3,ok,1,62200.455,3,7451,4280
l3-030-uk-worker-ai,20,1,reduce,3,ok,1,48820.446,3,4292,2138
l3-032-ca-breach,20,1,reduce,3,ok,1,146799.577,6,8945,4052
l3-033-ca-consumer,20,1,reduce,3,ok,1,57680.253,2,3365,1653
l3-037-au-breach,20,1,reduce,3,ok,1,72084.8,2,4758,2226
l3-039-au-platform,20,1,reduce,3,ok,1,96096.522,2,22450,9632
l3-041-sg-transfer,20,1,reduce,3,ok,1,84924.319,3,27089,7735
l3-043-sg-consumer,20,1,reduce,3,ok,1,55886.723,2,4226,2147
l3-045-sg-worker-ai,20,1,reduce,3,ok,1,2490.495,0,,
l3-046-vn-transfer,20,1,reduce,3,ok,1,77890.311,3,10573,7155
l3-047-vn-breach,20,1,reduce,3,ok,1,80565.552,4,11753,6663
l3-053-th-consumer,20,1,reduce,3,ok,1,58612.606,2,11856,4671
l3-054-th-platform,20,1,reduce,3,ok,1,9635.403,0,,
l3-056-id-transfer,20,1,reduce,3,ok,1,67535.291,2,12638,5802
l3-057-id-breach,20,1,reduce,3,ok,1,53183.173,3,18911,7827
l3-058-id-consumer,20,1,reduce,3,ok,1,47014.29,2,19316,6975
l3-059-id-platform,20,1,reduce,3,ok,1,4416.232,0,,
l3-062-my-breach,20,1,reduce,3,ok,1,49638.01,1,10556,5393
l3-063-my-consumer,20,1,reduce,3,ok,1,6442.03,0,,
l3-065-my-worker-ai,20,1,reduce,3,ok,1,64945.826,2,27014,5954
l3-066-ph-transfer,20,1,reduce,3,ok,1,86217.397,2,11631,3197
l3-067-ph-breach,20,1,reduce,3,ok,1,55445.634,2,23909,10371
l3-072-in-breach,20,1,reduce,3,ok,1,2562.389,0,,
l3-073-in-consumer,20,1,reduce,3,ok,1,44390.545,3,4404,2535
l3-075-in-worker-ai,20,1,reduce,3,ok,1,46812.073,2,14921,4575
l3-078-br-consumer,20,1,reduce,3,ok,1,68718.447,2,6798,3460
l3-079-br-platform,20,1,reduce,3,ok,1,71308.828,2,1482,703
l3-081-es-transfer,20,1,reduce,3,ok,1,3067.584,0,,
l3-082-es-breach,20,1,reduce,3,ok,1,120975.181,2,23909,10371
l3-088-it-consumer,20,1,reduce,3,ok,1,4522.297,0,,
l3-092-nl-breach,20,1,reduce,3,ok,1,2606.272,0,,
l3-098-nz-consumer,20,1,reduce,3,ok,1,53495.036,3,7923,2982
l3-100-nz-worker-ai,20,1,reduce,3,ok,1,150787.886,3,18432,9322
l4-001-jp-digital-platform,20,1,reduce,3,ok,1,43356.315,3,15882,8234
l4-004-jp-fintech,20,1,reduce,3,ok,1,30502.15,4,4873,3085
l4-008-us-online-sales,20,1,reduce,3,ok,1,57358.099,4,6816,4576
l4-009-us-fintech,20,1,reduce,3,ok,1,48764.773,6,12266,4474
l4-012-cn-automated-hiring,20,1,reduce,3,ok,1,62939.445,5,7435,4966
l4-015-cn-manufacturer,20,1,reduce,3,ok,1,61551.509,6,4731,3238
l4-016-de-digital-platform,20,1,reduce,3,ok,1,33791.876,3,17611,3249
l4-020-de-manufacturer,20,1,reduce,3,ok,1,30919.892,5,9280,3598
l4-021-fr-digital-platform,20,1,reduce,3,ok,1,39426.287,2,21551,8921
l4-022-fr-automated-hiring,20,1,reduce,3,ok,1,33528.911,3,22817,6973
l4-023-fr-online-sales,20,1,reduce,3,ok,1,44794.028,5,19363,8204
l4-024-fr-fintech,20,1,reduce,3,ok,1,46707.646,1,24408,8153
l4-027-uk-automated-hiring,20,1,reduce,3,ok,1,34389.926,2,9464,5783
l4-029-uk-fintech,20,1,reduce,3,ok,1,41892.838,3,6141,2202
l4-032-ca-automated-hiring,20,1,reduce,3,ok,1,44054.024,5,15592,6459
l4-034-ca-fintech,20,1,reduce,3,ok,1,44170.039,2,4179,1468
l4-036-au-digital-platform,20,1,reduce,3,ok,1,58822.505,3,16254,4874
l4-038-au-online-sales,20,1,reduce,3,ok,1,49737.578,1,9684,4649
l4-039-au-fintech,20,1,reduce,3,ok,1,39786.083,3,15470,4977
l4-040-au-manufacturer,20,1,reduce,3,ok,1,36528.835,4,8199,4113
l4-044-sg-fintech,20,1,reduce,3,ok,1,50342.338,4,26459,9148
l4-045-sg-manufacturer,20,1,reduce,3,ok,1,39069.584,3,2864,1827
l4-051-th-digital-platform,20,1,reduce,3,ok,1,44577.457,1,11933,7804
l4-054-th-fintech,20,1,reduce,3,ok,1,40491.018,3,3922,2666
l4-055-th-manufacturer,20,1,reduce,3,ok,1,47351.491,3,2907,1436
l4-058-id-online-sales,20,1,reduce,3,ok,1,34886.433,3,7753,4418
l4-059-id-fintech,20,1,reduce,3,ok,1,45581.438,4,18231,7305
l4-063-my-online-sales,20,1,reduce,3,ok,1,43760.202,3,5223,3468
l4-065-my-manufacturer,20,1,reduce,3,ok,1,64698.569,2,4845,3022
l4-067-ph-automated-hiring,20,1,reduce,3,ok,1,48054.019,3,5942,3560
l4-069-ph-fintech,20,1,reduce,3,ok,1,40413.362,3,8264,4289
l4-070-ph-manufacturer,20,1,reduce,3,ok,1,47643.347,8,8293,5373
l4-071-in-digital-platform,20,1,reduce,3,ok,1,52239.888,2,21014,9442
l4-072-in-automated-hiring,20,1,reduce,3,ok,1,130729.152,5,10554,3888
l4-075-in-manufacturer,20,1,reduce,3,ok,1,25156.33,2,4670,2731
l4-080-br-manufacturer,20,1,reduce,3,ok,1,45526.273,4,6427,4302
l4-081-es-digital-platform,20,1,reduce,3,ok,1,56425.955,2,12843,6199
l4-082-es-automated-hiring,20,1,reduce,3,ok,1,43903.215,1,13265,6347
l4-083-es-online-sales,20,1,reduce,3,ok,1,81533.848,3,16710,8734
l4-088-it-online-sales,20,1,reduce,3,ok,1,2783.301,0,,
l4-089-it-fintech,20,1,reduce,3,ok,1,5422.383,0,,
l4-090-it-manufacturer,20,1,reduce,3,ok,1,2764.083,0,,
l4-092-nl-automated-hiring,20,1,reduce,3,ok,1,2781.61,0,,
l4-093-nl-online-sales,20,1,reduce,3,ok,1,11026.956,0,,
l4-094-nl-fintech,20,1,reduce,3,ok,1,3655.953,0,,
l4-095-nl-manufacturer,20,1,reduce,3,ok,1,1596.175,0,,
l4-096-nz-digital-platform,20,1,reduce,3,ok,1,49030.702,3,5784,3435
l4-097-nz-automated-hiring,20,1,reduce,3,ok,1,41744.603,4,7034,3836
l4-099-nz-fintech,20,1,reduce,3,ok,1,57462.828,2,18660,3462
l4-100-nz-manufacturer,20,1,reduce,3,ok,1,36368.994,3,10026,6893
l1-001-jp,20,2,combined,3,ok,1,57304.823,5,7288,4216
l1-002-jp,20,2,combined,3,ok,1,37660.655,2,10180,5217
l1-003-jp,20,2,combined,3,ok,1,80746.369,1,9238,6242
l1-005-jp,20,2,combined,3,ok,1,54275.738,4,2426,1546
l1-010-us,20,2,combined,3,ok,1,41353.992,2,14100,2578
l1-012-cn,20,2,combined,3,ok,1,37713.215,2,6783,4146
l1-013-cn,20,2,combined,3,ok,1,40702.183,1,6991,4371
l1-018-de,20,2,combined,3,ok,1,58464.809,4,9933,4929
l1-019-de,20,2,combined,3,ok,1,54635.825,3,23400,3735
l1-023-fr,20,2,combined,3,ok,1,61538.672,1,26211,10039
l1-024-fr,20,2,combined,3,ok,1,53030.445,2,17877,6432
l1-025-fr,20,2,combined,3,ok,1,71929.819,2,13199,4235
l1-027-uk,20,2,combined,3,ok,1,55562.752,2,6148,3677
l1-031-ca,20,2,combined,3,ok,1,43833.746,4,9753,5724
l1-032-ca,20,2,combined,3,ok,1,20363.533,1,2328,1327
l1-033-ca,20,2,combined,3,ok,1,53345.407,3,7197,2079
l1-035-ca,20,2,combined,3,ok,1,60072.395,1,9148,4466
l1-036-au,20,2,combined,3,ok,1,64739.7,5,23747,3574
l1-037-au,20,2,combined,3,ok,1,47637.793,2,6135,2823
l1-038-au,20,2,combined,3,ok,1,50960.189,5,27052,5793
l1-039-au,20,2,combined,3,ok,1,37098.506,1,10110,4894
l1-040-au,20,2,combined,3,ok,1,60707.254,3,24374,4680
l1-041-sg,20,2,combined,3,ok,1,57879.662,1,22558,8527
l1-042-sg,20,2,combined,3,ok,1,65784.626,3,18165,6691
l1-044-sg,20,2,combined,3,ok,1,52698.084,3,10069,3178
l1-046-vn,20,2,combined,3,ok,1,36874.299,1,789,525
l1-049-vn,20,2,combined,3,ok,1,45320.34,2,19841,7354
l1-050-vn,20,2,combined,3,ok,1,62355.419,4,11069,5666
l1-051-th,20,2,combined,3,ok,1,121222.889,1,7247,4600
l1-052-th,20,2,combined,3,ok,1,43398.111,1,9447,5478
l1-053-th,20,2,combined,3,ok,1,58124.937,1,12821,8136
l1-054-th,20,2,combined,3,ok,1,56893.684,2,11230,6871
l1-055-th,20,2,combined,3,ok,1,71739.16,2,8940,3102
l1-059-id,20,2,combined,3,ok,1,36885.696,1,11312,6690
l1-060-id,20,2,combined,3,ok,1,35405.53,3,4549,3081
l1-062-my,20,2,combined,3,ok,1,40637.794,1,12785,8316
l1-065-my,20,2,combined,3,ok,1,61158.76,3,8238,3940
l1-068-ph,20,2,combined,3,ok,1,56997.834,1,17211,9658
l1-070-ph,20,2,combined,3,ok,1,36166.508,3,21636,6843
l1-075-in,20,2,combined,3,ok,1,65180.645,1,14522,11454
l1-078-br,20,2,combined,3,ok,1,23260.286,1,3690,1546
l1-081-es,20,2,combined,3,ok,1,64394.415,3,19919,10157
l1-082-es,20,2,combined,3,ok,1,87227.452,5,12552,5945
l1-085-es,20,2,combined,3,ok,1,109708.913,1,6458,2901
l1-091-nl,20,2,combined,3,ok,1,23146.665,0,,
l1-092-nl,20,2,combined,3,ok,1,19201.639,0,,
l1-094-nl,20,2,combined,3,ok,1,19479.757,0,,
l1-095-nl,20,2,combined,3,ok,1,27268.781,0,,
l1-097-nz,20,2,combined,3,ok,1,68321.031,2,11822,4512
l1-098-nz,20,2,combined,3,ok,1,45934.399,1,9519,2127
l2-001-jp-data-rights,20,2,combined,3,ok,1,35110.642,1,6913,4331
l2-002-jp-breach,20,2,combined,3,ok,1,34348.351,3,3106,2112
l2-003-jp-transfer,20,2,combined,3,ok,1,38697.974,2,13808,5496
l2-010-us-worker,20,2,combined,3,ok,1,40308.497,2,15612,5228
l2-013-cn-transfer,20,2,combined,3,ok,1,33660.153,1,12490,6712
l2-017-de-breach,20,2,combined,3,ok,1,24939.435,2,10435,5163
l2-022-fr-breach,20,2,combined,3,ok,1,41203.024,3,14077,5192
l2-024-fr-consumer,20,2,combined,3,ok,1,32421.817,2,18610,6010
l2-026-uk-data-rights,20,2,combined,3,ok,1,33591.773,3,3671,2426
l2-029-uk-consumer,20,2,combined,3,ok,1,49107.02,2,18523,8843
l2-034-ca-consumer,20,2,combined,3,ok,1,28154.291,1,4183,2205
l2-035-ca-worker,20,2,combined,3,ok,1,30030.979,2,12496,4322
l2-036-au-data-rights,20,2,combined,3,ok,1,24346.501,3,13397,4573
l2-038-au-transfer,20,2,combined,3,ok,1,28948.239,2,19625,5758
l2-039-au-consumer,20,2,combined,3,ok,1,37231.839,3,9500,4326
l2-040-au-worker,20,2,combined,3,ok,1,36166.512,2,4057,2770
l2-045-sg-worker,20,2,combined,3,ok,1,27883.234,1,11064,4423
l2-046-vn-data-rights,20,2,combined,3,ok,1,52103.924,2,11420,5942
l2-047-vn-breach,20,2,combined,3,ok,1,33006.94,4,10564,4230
l2-051-th-data-rights,20,2,combined,3,ok,1,37331.212,1,8705,6118
l2-052-th-breach,20,2,combined,3,ok,1,33591.122,2,7599,4614
l2-053-th-transfer,20,2,combined,3,ok,1,36770.934,1,10563,7155
l2-054-th-consumer,20,2,combined,3,ok,1,35531.641,2,5633,2751
l2-055-th-worker,20,2,combined,3,ok,1,28731.645,2,9356,3416
l2-056-id-data-rights,20,2,combined,3,ok,1,33246.827,1,7751,4420
l2-057-id-breach,20,2,combined,3,ok,1,30256.621,2,6849,2599
l2-060-id-worker,20,2,combined,3,ok,1,42784.542,1,11993,6920
l2-061-my-data-rights,20,2,combined,3,ok,1,35089.354,1,12115,5226
l2-064-my-consumer,20,2,combined,3,ok,1,40459.27,4,5533,2939
l2-066-ph-data-rights,20,2,combined,3,ok,1,39597.813,1,8389,5135
l2-067-ph-breach,20,2,combined,3,ok,1,31106.959,2,22467,8201
l2-068-ph-transfer,20,2,combined,3,ok,1,34203.199,1,17208,7814
l2-070-ph-worker,20,2,combined,3,ok,1,47695.906,1,15929,7460
l2-071-in-data-rights,20,2,combined,3,ok,1,31855.218,1,18462,5881
l2-072-in-breach,20,2,combined,3,ok,1,32604.262,3,15304,4648
l2-073-in-transfer,20,2,combined,3,ok,1,30910.847,2,13023,4151
l2-081-es-data-rights,20,2,combined,3,ok,1,37893.847,2,12886,7471
l2-082-es-breach,20,2,combined,3,ok,1,26512.746,3,13299,2708
l2-083-es-transfer,20,2,combined,3,ok,1,27145.16,2,23525,9554
l2-084-es-consumer,20,2,combined,3,ok,1,35334.731,4,19285,7712
l2-085-es-worker,20,2,combined,3,ok,1,28823.283,2,15423,7315
l2-086-it-data-rights,20,2,combined,3,ok,1,3038.968,0,,
l2-087-it-breach,20,2,combined,3,ok,1,7692.368,0,,
l2-088-it-transfer,20,2,combined,3,ok,1,2760.44,0,,
l2-089-it-consumer,20,2,combined,3,ok,1,5764.32,0,,
l2-090-it-worker,20,2,combined,3,ok,1,3470.351,0,,
l2-091-nl-data-rights,20,2,combined,3,ok,1,4171.792,0,,
l2-092-nl-breach,20,2,combined,3,ok,1,3017.8,0,,
l2-096-nz-data-rights,20,2,combined,3,ok,1,17426.122,2,10443,3245
l2-100-nz-worker,20,2,combined,3,ok,1,21631.226,3,7221,4778
l3-001-jp-transfer,20,2,combined,3,ok,1,117622.486,2,8093,3479
l3-002-jp-breach,20,2,combined,3,ok,1,224132.348,3,12714,6670
l3-005-jp-worker-ai,20,2,combined,3,ok,1,40440.934,2,4400,2110
l3-007-us-breach,20,2,combined,3,ok,1,65477.241,2,10071,4196
l3-008-us-consumer,20,2,combined,3,ok,1,49272.373,4,9845,4022
l3-010-us-worker-ai,20,2,combined,3,ok,1,42447.146,2,27010,5954
l3-011-cn-transfer,20,2,combined,3,ok,1,63370.465,4,10219,6259
l3-013-cn-consumer,20,2,combined,3,ok,1,44409.178,2,3970,2777
l3-014-cn-platform,20,2,combined,3,ok,1,62459.109,3,12239,5376
l3-015-cn-worker-ai,20,2,combined,3,ok,1,58661.767,3,8470,2983
l3-016-de-transfer,20,2,combined,3,ok,1,51736.931,2,12753,5244
l3-018-de-consumer,20,2,combined,3,ok,1,54386.525,4,10007,4403
l3-019-de-platform,20,2,combined,3,ok,1,74279.926,5,15399,8337
l3-020-de-worker-ai,20,2,combined,3,ok,1,63207.739,2,8364,3044
l3-023-fr-consumer,20,2,combined,3,ok,1,90196.632,2,18723,6787
l3-025-fr-worker-ai,20,2,combined,3,ok,1,55113.721,3,14308,7805
l3-026-uk-transfer,20,2,combined,3,ok,1,61375.321,4,13409,2976
l3-028-uk-consumer,20,2,combined,3,ok,1,51674.265,3,9665,5729
l3-030-uk-worker-ai,20,2,combined,3,ok,1,45462.272,3,4290,2138
l3-032-ca-breach,20,2,combined,3,ok,1,42776.167,6,10197,4509
l3-033-ca-consumer,20,2,combined,3,ok,1,34038.485,2,3365,1653
l3-037-au-breach,20,2,combined,3,ok,1,53529.495,2,15011,3682
l3-039-au-platform,20,2,combined,3,ok,1,111572.166,2,14860,4755
l3-041-sg-transfer,20,2,combined,3,ok,1,85079.317,2,27087,7735
l3-043-sg-consumer,20,2,combined,3,ok,1,50294.407,3,4226,2147
l3-045-sg-worker-ai,20,2,combined,3,ok,1,6258.791,0,,
l3-046-vn-transfer,20,2,combined,3,ok,1,71347.391,3,9590,6465
l3-047-vn-breach,20,2,combined,3,ok,1,81612.499,4,11753,6663
l3-053-th-consumer,20,2,combined,3,ok,1,45868.527,2,11856,4671
l3-054-th-platform,20,2,combined,3,ok,1,3452.063,0,,
l3-056-id-transfer,20,2,combined,3,ok,1,51752.838,2,10714,5022
l3-057-id-breach,20,2,combined,3,ok,1,55011.915,3,18913,7827
l3-058-id-consumer,20,2,combined,3,ok,1,49635.619,2,19316,6975
l3-059-id-platform,20,2,combined,3,ok,1,3297.797,0,,
l3-062-my-breach,20,2,combined,3,ok,1,42671.468,1,11753,6663
l3-063-my-consumer,20,2,combined,3,ok,1,3363.439,0,,
l3-065-my-worker-ai,20,2,combined,3,ok,1,61139.472,2,27014,5954
l3-066-ph-transfer,20,2,combined,3,ok,1,87086.584,2,11227,2936
l3-067-ph-breach,20,2,combined,3,ok,1,46769.173,2,25090,10350
l3-072-in-breach,20,2,combined,3,ok,1,6794.645,0,,
l3-073-in-consumer,20,2,combined,3,ok,1,36126.343,3,4404,2535
l3-075-in-worker-ai,20,2,combined,3,ok,1,45120.217,2,14915,4575
l3-078-br-consumer,20,2,combined,3,ok,1,69738.513,1,6798,3460
l3-079-br-platform,20,2,combined,3,ok,1,46477.011,2,18698,6718
l3-081-es-transfer,20,2,combined,3,ok,1,4672.211,0,,
l3-082-es-breach,20,2,combined,3,ok,1,123190.779,2,25088,10350
l3-088-it-consumer,20,2,combined,3,ok,1,2551.011,0,,
l3-092-nl-breach,20,2,combined,3,ok,1,3641.639,0,,
l3-098-nz-consumer,20,2,combined,3,ok,1,36934.533,3,18723,6787
l3-100-nz-worker-ai,20,2,combined,3,ok,1,147201.743,4,18428,9322
l4-001-jp-digital-platform,20,2,combined,3,ok,1,44185.73,3,14133,7100
l4-004-jp-fintech,20,2,combined,3,ok,1,34045.197,5,5369,3439
l4-008-us-online-sales,20,2,combined,3,ok,1,72685.083,3,9843,4759
l4-009-us-fintech,20,2,combined,3,ok,1,37729.254,6,12266,4474
l4-012-cn-automated-hiring,20,2,combined,3,ok,1,41966.986,5,7839,5213
l4-015-cn-manufacturer,20,2,combined,3,ok,1,36168.433,6,4731,3238
l4-016-de-digital-platform,20,2,combined,3,ok,1,33432.271,3,17609,3249
l4-020-de-manufacturer,20,2,combined,3,ok,1,30968.937,5,9280,3598
l4-021-fr-digital-platform,20,2,combined,3,ok,1,44827.656,2,21547,8921
l4-022-fr-automated-hiring,20,2,combined,3,ok,1,32875.43,3,22819,6973
l4-023-fr-online-sales,20,2,combined,3,ok,1,42617.668,5,19367,8204
l4-024-fr-fintech,20,2,combined,3,ok,1,37176.813,1,20890,7223
l4-027-uk-automated-hiring,20,2,combined,3,ok,1,27120.051,2,9470,5783
l4-029-uk-fintech,20,2,combined,3,ok,1,34606.764,3,6141,2202
l4-032-ca-automated-hiring,20,2,combined,3,ok,1,34218.067,5,15596,6459
l4-034-ca-fintech,20,2,combined,3,ok,1,27363.105,2,4179,1468
l4-036-au-digital-platform,20,2,combined,3,ok,1,42508.263,3,16796,5267
l4-038-au-online-sales,20,2,combined,3,ok,1,28798.46,1,9684,4649
l4-039-au-fintech,20,2,combined,3,ok,1,41482.275,3,15470,4977
l4-040-au-manufacturer,20,2,combined,3,ok,1,34038.279,4,8199,4113
l4-044-sg-fintech,20,2,combined,3,ok,1,42855.638,4,24362,9085
l4-045-sg-manufacturer,20,2,combined,3,ok,1,31650.091,3,2864,1827
l4-051-th-digital-platform,20,2,combined,3,ok,1,31368.815,1,11176,7301
l4-054-th-fintech,20,2,combined,3,ok,1,27785.042,3,3924,2666
l4-055-th-manufacturer,20,2,combined,3,ok,1,61447.195,3,2907,1436
l4-058-id-online-sales,20,2,combined,3,ok,1,39155.029,3,8321,4835
l4-059-id-fintech,20,2,combined,3,ok,1,49183.212,4,18233,7305
l4-063-my-online-sales,20,2,combined,3,ok,1,42654.845,3,5223,3468
l4-065-my-manufacturer,20,2,combined,3,ok,1,36990.806,2,4845,3022
l4-067-ph-automated-hiring,20,2,combined,3,ok,1,39718.046,3,5508,3273
l4-069-ph-fintech,20,2,combined,3,ok,1,38509.68,3,8262,4289
l4-070-ph-manufacturer,20,2,combined,3,ok,1,43763.333,8,8293,5373
l4-071-in-digital-platform,20,2,combined,3,ok,1,48479.926,2,22516,10524
l4-072-in-automated-hiring,20,2,combined,3,ok,1,242060.838,0,10554,3888
l4-075-in-manufacturer,20,2,combined,3,ok,1,25611.788,2,4666,2731
l4-080-br-manufacturer,20,2,combined,3,ok,1,34308.139,4,6429,4302
l4-081-es-digital-platform,20,2,combined,3,ok,1,34631.997,2,12843,6199
l4-082-es-automated-hiring,20,2,combined,3,ok,1,29461.346,1,16103,8398
l4-083-es-online-sales,20,2,combined,3,ok,1,47743.994,3,19148,9584
l4-088-it-online-sales,20,2,combined,3,ok,1,5405.732,0,,
l4-089-it-fintech,20,2,combined,3,ok,1,3124.387,0,,
l4-090-it-manufacturer,20,2,combined,3,ok,1,3302.179,0,,
l4-092-nl-automated-hiring,20,2,combined,3,ok,1,3279.44,0,,
l4-093-nl-online-sales,20,2,combined,3,ok,1,4455.004,0,,
l4-094-nl-fintech,20,2,combined,3,ok,1,3609.654,0,,
l4-095-nl-manufacturer,20,2,combined,3,ok,1,4605.754,0,,
l4-096-nz-digital-platform,20,2,combined,3,ok,1,27996.237,3,5786,3435
l4-097-nz-automated-hiring,20,2,combined,3,ok,1,45219.122,4,7518,4178
l4-099-nz-fintech,20,2,combined,3,ok,1,33688.65,2,18660,3462
l4-100-nz-manufacturer,20,2,combined,3,ok,1,59165.902,3,11538,7956
l1-001-jp,20,2,direct,1,ok,1,48938.855,4,7288,7288
l1-002-jp,20,2,direct,1,ok,1,134093.538,2,10180,10180
l1-003-jp,20,2,direct,1,ok,1,67832.701,1,9238,9238
l1-005-jp,20,2,direct,1,ok,1,67685.782,4,2426,2426
l1-010-us,20,2,direct,1,ok,1,38849.796,2,14100,14100
l1-012-cn,20,2,direct,1,ok,1,70657.902,2,6783,6783
l1-013-cn,20,2,direct,1,ok,1,144860.207,1,6991,6991
l1-018-de,20,2,direct,1,ok,1,93634.731,2,9933,9933
l1-019-de,20,2,direct,1,ok,1,54107.041,1,23400,23400
l1-023-fr,20,2,direct,1,ok,1,98232.381,1,26211,26211
l1-024-fr,20,2,direct,1,ok,1,124846.873,3,17877,17877
l1-025-fr,20,2,direct,1,ok,1,86734.895,4,13199,13199
l1-027-uk,20,2,direct,1,ok,1,115179.722,2,6148,6148
l1-031-ca,20,2,direct,1,ok,1,49212.726,4,9753,9753
l1-032-ca,20,2,direct,1,ok,1,58829.246,1,2328,2328
l1-033-ca,20,2,direct,1,ok,1,73567.519,3,7197,7197
l1-035-ca,20,2,direct,1,ok,1,73261.079,1,9148,9148
l1-036-au,20,2,direct,1,ok,1,70490.124,5,23747,23747
l1-037-au,20,2,direct,1,ok,1,77440.432,2,6135,6135
l1-038-au,20,2,direct,1,ok,1,108386.97,5,27052,27052
l1-039-au,20,2,direct,1,ok,1,40703.609,1,10110,10110
l1-040-au,20,2,direct,1,ok,1,135038.581,3,24374,24374
l1-041-sg,20,2,direct,1,ok,1,70524.019,1,22558,22558
l1-042-sg,20,2,direct,1,ok,1,109155.847,2,18165,18165
l1-044-sg,20,2,direct,1,ok,1,54337.652,3,10069,10069
l1-046-vn,20,2,direct,1,ok,1,38889.957,1,789,789
l1-049-vn,20,2,direct,1,ok,1,51216.065,2,3499,3499
l1-050-vn,20,2,direct,1,ok,1,52677.724,4,11069,11069
l1-051-th,20,2,direct,1,ok,1,73010.396,1,7247,7247
l1-052-th,20,2,direct,1,ok,1,52306.418,1,9447,9447
l1-053-th,20,2,direct,1,ok,1,145706.694,1,12821,12821
l1-054-th,20,2,direct,1,ok,1,74032.796,2,11230,11230
l1-055-th,20,2,direct,1,ok,1,74401.109,2,8940,8940
l1-059-id,20,2,direct,1,ok,1,88350.033,1,11312,11312
l1-060-id,20,2,direct,1,ok,1,40500.764,3,4549,4549
l1-062-my,20,2,direct,1,ok,1,73210.408,1,12785,12785
l1-065-my,20,2,direct,1,ok,1,156872.334,3,8238,8238
l1-068-ph,20,2,direct,1,ok,1,100856.186,1,17211,17211
l1-070-ph,20,2,direct,1,ok,1,46158.189,3,21636,21636
l1-075-in,20,2,direct,1,ok,1,54416.872,1,14522,14522
l1-078-br,20,2,direct,1,ok,1,31860.264,1,3690,3690
l1-081-es,20,2,direct,1,ok,1,92009.503,3,19919,19919
l1-082-es,20,2,direct,1,ok,1,91572.119,5,12552,12552
l1-085-es,20,2,direct,1,ok,1,51891.15,1,6458,6458
l1-091-nl,20,2,direct,1,ok,1,29211.117,0,,
l1-092-nl,20,2,direct,1,ok,1,20628.254,0,,
l1-094-nl,20,2,direct,1,ok,1,31922.26,0,,
l1-095-nl,20,2,direct,1,ok,1,23903.726,0,,
l1-097-nz,20,2,direct,1,ok,1,155713.067,3,11822,11822
l1-098-nz,20,2,direct,1,ok,1,83982.294,1,9519,9519
l2-001-jp-data-rights,20,2,direct,1,ok,1,60456.273,1,6424,6424
l2-002-jp-breach,20,2,direct,1,ok,1,46845.478,2,3885,3885
l2-003-jp-transfer,20,2,direct,1,ok,1,69066.884,2,13808,13808
l2-010-us-worker,20,2,direct,1,ok,1,41727.724,2,15612,15612
l2-013-cn-transfer,20,2,direct,1,ok,1,48247.956,1,12490,12490
l2-017-de-breach,20,2,direct,1,ok,1,43166.057,2,8722,8722
l2-022-fr-breach,20,2,direct,1,ok,1,41206.755,2,13589,13589
l2-024-fr-consumer,20,2,direct,1,ok,1,56546.971,3,18610,18610
l2-026-uk-data-rights,20,2,direct,1,ok,1,64134.464,3,3669,3669
l2-029-uk-consumer,20,2,direct,1,ok,1,55901.219,2,18523,18523
l2-034-ca-consumer,20,2,direct,1,ok,1,32889.827,1,4183,4183
l2-035-ca-worker,20,2,direct,1,ok,1,48725.082,2,12496,12496
l2-036-au-data-rights,20,2,direct,1,ok,1,60867.909,2,12681,12681
l2-038-au-transfer,20,2,direct,1,ok,1,58894.482,2,19625,19625
l2-039-au-consumer,20,2,direct,1,ok,1,58774.522,3,9500,9500
l2-040-au-worker,20,2,direct,1,ok,1,52923.808,2,4057,4057
l2-045-sg-worker,20,2,direct,1,ok,1,45401.868,1,11064,11064
l2-046-vn-data-rights,20,2,direct,1,ok,1,48372.571,2,11420,11420
l2-047-vn-breach,20,2,direct,1,ok,1,60465.013,5,11519,11519
l2-051-th-data-rights,20,2,direct,1,ok,1,50222.78,1,8705,8705
l2-052-th-breach,20,2,direct,1,ok,1,53054.305,2,7595,7595
l2-053-th-transfer,20,2,direct,1,ok,1,61852.572,1,10563,10563
l2-054-th-consumer,20,2,direct,1,ok,1,56817.408,2,5633,5633
l2-055-th-worker,20,2,direct,1,ok,1,40800.825,4,9356,9356
l2-056-id-data-rights,20,2,direct,1,ok,1,88812.556,1,7751,7751
l2-057-id-breach,20,2,direct,1,ok,1,67864.678,2,6847,6847
l2-060-id-worker,20,2,direct,1,ok,1,61969.086,1,11993,11993
l2-061-my-data-rights,20,2,direct,1,ok,1,51755.865,1,12630,12630
l2-064-my-consumer,20,2,direct,1,ok,1,59976.163,4,5533,5533
l2-066-ph-data-rights,20,2,direct,1,ok,1,56141.034,1,8395,8395
l2-067-ph-breach,20,2,direct,1,ok,1,75984.187,2,22463,22463
l2-068-ph-transfer,20,2,direct,1,ok,1,45005.752,1,17208,17208
l2-070-ph-worker,20,2,direct,1,ok,1,62953.897,1,15929,15929
l2-071-in-data-rights,20,2,direct,1,ok,1,43755.807,1,18462,18462
l2-072-in-breach,20,2,direct,1,ok,1,77197.123,2,14522,14522
l2-073-in-transfer,20,2,direct,1,ok,1,36284.612,2,13023,13023
l2-081-es-data-rights,20,2,direct,1,ok,1,62409.09,2,12890,12890
l2-082-es-breach,20,2,direct,1,ok,1,42436.217,3,13299,13299
l2-083-es-transfer,20,2,direct,1,ok,1,63253.945,2,23525,23525
l2-084-es-consumer,20,2,direct,1,ok,1,52967.852,4,19285,19285
l2-085-es-worker,20,2,direct,1,ok,1,42656.769,2,15956,15956
l2-086-it-data-rights,20,2,direct,1,ok,1,16571.288,0,,
l2-087-it-breach,20,2,direct,1,ok,1,12573.88,0,,
l2-088-it-transfer,20,2,direct,1,ok,1,4124.376,0,,
l2-089-it-consumer,20,2,direct,1,ok,1,11772.292,0,,
l2-090-it-worker,20,2,direct,1,ok,1,6688.936,0,,
l2-091-nl-data-rights,20,2,direct,1,ok,1,3122.593,0,,
l2-092-nl-breach,20,2,direct,1,ok,1,3926.271,0,,
l2-096-nz-data-rights,20,2,direct,1,ok,1,28894.219,3,10443,10443
l2-100-nz-worker,20,2,direct,1,ok,1,30670.201,3,7221,7221
l3-001-jp-transfer,20,2,direct,1,ok,1,156847.838,2,8093,8093
l3-002-jp-breach,20,2,direct,1,ok,1,51236.218,2,12712,12712
l3-005-jp-worker-ai,20,2,direct,1,ok,1,58507.819,4,4392,4392
l3-007-us-breach,20,2,direct,1,ok,1,114717.68,3,16649,16649
l3-008-us-consumer,20,2,direct,1,ok,1,50905.251,3,9845,9845
l3-010-us-worker-ai,20,2,direct,1,ok,1,49687.918,2,27008,27008
l3-011-cn-transfer,20,2,direct,1,ok,1,94354.229,3,9978,9978
l3-013-cn-consumer,20,2,direct,1,ok,1,52370.933,2,16079,16079
l3-014-cn-platform,20,2,direct,1,ok,1,83071.771,2,12239,12239
l3-015-cn-worker-ai,20,2,direct,1,ok,1,92214.214,2,8476,8476
l3-016-de-transfer,20,2,direct,1,ok,1,93054.424,2,13800,13800
l3-018-de-consumer,20,2,direct,1,ok,1,70360.855,6,10007,10007
l3-019-de-platform,20,2,direct,1,ok,1,70889.144,7,12938,12938
l3-020-de-worker-ai,20,2,direct,1,ok,1,80433.67,2,8368,8368
l3-023-fr-consumer,20,2,direct,1,ok,1,119374.989,3,6451,6451
l3-025-fr-worker-ai,20,2,direct,1,ok,1,79265.666,3,22180,22180
l3-026-uk-transfer,20,2,direct,1,ok,1,69050.72,3,13411,13411
l3-028-uk-consumer,20,2,direct,1,ok,1,92603.464,3,9665,9665
l3-030-uk-worker-ai,20,2,direct,1,ok,1,88283.746,4,14917,14917
l3-032-ca-breach,20,2,direct,1,ok,1,184191.031,7,10719,10719
l3-033-ca-consumer,20,2,direct,1,ok,1,60985.817,2,3365,3365
l3-037-au-breach,20,2,direct,1,ok,1,64381.73,2,15003,15003
l3-039-au-platform,20,2,direct,1,ok,1,117130.399,2,14860,14860
l3-041-sg-transfer,20,2,direct,1,ok,1,75976.66,3,20275,20275
l3-043-sg-consumer,20,2,direct,1,ok,1,55127.147,2,4226,4226
l3-045-sg-worker-ai,20,2,direct,1,ok,1,13016.601,0,,
l3-046-vn-transfer,20,2,direct,1,ok,1,99594.218,2,9992,9992
l3-047-vn-breach,20,2,direct,1,ok,1,100211.317,2,10719,10719
l3-053-th-consumer,20,2,direct,1,ok,1,72998.491,2,11856,11856
l3-054-th-platform,20,2,direct,1,ok,1,2670.684,0,,
l3-056-id-transfer,20,2,direct,1,ok,1,68798.812,2,11586,11586
l3-057-id-breach,20,2,direct,1,ok,1,89354.667,3,19466,19466
l3-058-id-consumer,20,2,direct,1,ok,1,54619.629,2,19316,19316
l3-059-id-platform,20,2,direct,1,ok,1,4523.337,0,,
l3-062-my-breach,20,2,direct,1,ok,1,67584.293,1,11749,11749
l3-063-my-consumer,20,2,direct,1,ok,1,5434.319,0,,
l3-065-my-worker-ai,20,2,direct,1,ok,1,66213.165,2,27008,27008
l3-066-ph-transfer,20,2,direct,1,ok,1,86342.841,3,14317,14317
l3-067-ph-breach,20,2,direct,1,ok,1,86193.75,2,25082,25082
l3-072-in-breach,20,2,direct,1,ok,1,5630.891,0,,
l3-073-in-consumer,20,2,direct,1,ok,1,43210.358,3,7923,7923
l3-075-in-worker-ai,20,2,direct,1,ok,1,50552.13,3,14917,14917
l3-078-br-consumer,20,2,direct,1,ok,1,94042.117,1,6798,6798
l3-079-br-platform,20,2,direct,1,ok,1,99003.508,2,1482,1482
l3-081-es-transfer,20,2,direct,1,ok,1,10943.703,0,,
l3-082-es-breach,20,2,direct,1,ok,1,157768.941,2,25082,25082
l3-088-it-consumer,20,2,direct,1,ok,1,9141.679,0,,
l3-092-nl-breach,20,2,direct,1,ok,1,3639.379,0,,
l3-098-nz-consumer,20,2,direct,1,ok,1,58535.864,3,7923,7923
l3-100-nz-worker-ai,20,2,direct,1,ok,1,175692.796,4,18432,18432
l4-001-jp-digital-platform,20,2,direct,1,ok,1,81047.045,3,14131,14131
l4-004-jp-fintech,20,2,direct,1,ok,1,49304.388,5,5369,5369
l4-008-us-online-sales,20,2,direct,1,ok,1,51302.953,2,9845,9845
l4-009-us-fintech,20,2,direct,1,ok,1,49432.338,6,12266,12266
l4-012-cn-automated-hiring,20,2,direct,1,ok,1,80985.545,5,8376,8376
l4-015-cn-manufacturer,20,2,direct,1,ok,1,57882.03,6,4731,4731
l4-016-de-digital-platform,20,2,direct,1,ok,1,38767.997,3,17609,17609
l4-020-de-manufacturer,20,2,direct,1,ok,1,35452.255,5,5341,5341
l4-021-fr-digital-platform,20,2,direct,1,ok,1,87065.581,2,21543,21543
l4-022-fr-automated-hiring,20,2,direct,1,ok,1,58182.818,4,27102,27102
l4-023-fr-online-sales,20,2,direct,1,ok,1,52493.056,4,19363,19363
l4-024-fr-fintech,20,2,direct,1,ok,1,86672.927,2,23838,23838
l4-027-uk-automated-hiring,20,2,direct,1,ok,1,45281.698,2,7731,7731
l4-029-uk-fintech,20,2,direct,1,ok,1,37752.605,3,6139,6139
l4-032-ca-automated-hiring,20,2,direct,1,ok,1,67148.699,4,15592,15592
l4-034-ca-fintech,20,2,direct,1,ok,1,55336.826,2,4181,4181
l4-036-au-digital-platform,20,2,direct,1,ok,1,58178.106,3,16258,16258
l4-038-au-online-sales,20,2,direct,1,ok,1,91527.689,1,,
l4-039-au-fintech,20,2,direct,1,ok,1,49815.379,3,15474,15474
l4-040-au-manufacturer,20,2,direct,1,ok,1,79236.64,4,8201,8201
l4-044-sg-fintech,20,2,direct,1,ok,1,59312.227,4,24359,24359
l4-045-sg-manufacturer,20,2,direct,1,ok,1,34546.327,3,2864,2864
l4-051-th-digital-platform,20,2,direct,1,ok,1,61214.543,1,11182,11182
l4-054-th-fintech,20,2,direct,1,ok,1,50011.086,3,3928,3928
l4-055-th-manufacturer,20,2,direct,1,ok,1,43286.623,3,2907,2907
l4-058-id-online-sales,20,2,direct,1,ok,1,46966.126,3,7197,7197
l4-059-id-fintech,20,2,direct,1,ok,1,90804.118,4,17321,17321
l4-063-my-online-sales,20,2,direct,1,ok,1,50457.47,3,5223,5223
l4-065-my-manufacturer,20,2,direct,1,ok,1,60224.863,2,4845,4845
l4-067-ph-automated-hiring,20,2,direct,1,ok,1,86283.634,3,5510,5510
l4-069-ph-fintech,20,2,direct,1,ok,1,44807.854,4,8266,8266
l4-070-ph-manufacturer,20,2,direct,1,ok,1,85830.94,8,8295,8295
l4-071-in-digital-platform,20,2,direct,1,ok,1,52072.23,2,22506,22506
l4-072-in-automated-hiring,20,2,direct,1,ok,1,84588.053,6,10554,10554
l4-075-in-manufacturer,20,2,direct,1,ok,1,37662.656,2,4668,4668
l4-080-br-manufacturer,20,2,direct,1,ok,1,75526.503,4,6429,6429
l4-081-es-digital-platform,20,2,direct,1,ok,1,59986.737,2,12843,12843
l4-082-es-automated-hiring,20,2,direct,1,ok,1,53852.542,1,16109,16109
l4-083-es-online-sales,20,2,direct,1,ok,1,77197.847,3,18634,18634
l4-088-it-online-sales,20,2,direct,1,ok,1,10622.551,0,,
l4-089-it-fintech,20,2,direct,1,ok,1,4351.41,0,,
l4-090-it-manufacturer,20,2,direct,1,ok,1,8535.315,0,,
l4-092-nl-automated-hiring,20,2,direct,1,ok,1,5429.538,0,,
l4-093-nl-online-sales,20,2,direct,1,ok,1,7870.043,0,,
l4-094-nl-fintech,20,2,direct,1,ok,1,3675.471,0,,
l4-095-nl-manufacturer,20,2,direct,1,ok,1,6501.854,0,,
l4-096-nz-digital-platform,20,2,direct,1,ok,1,57958.139,3,5786,5786
l4-097-nz-automated-hiring,20,2,direct,1,ok,1,51795.198,4,7518,7518
l4-099-nz-fintech,20,2,direct,1,ok,1,39905.192,2,18660,18660
l4-100-nz-manufacturer,20,2,direct,1,ok,1,94921.024,3,12102,12102
l1-001-jp,20,2,original,4,ok,1,55400.485,4,7288,7288
l1-002-jp,20,2,original,4,ok,1,79546.963,2,10180,10180
l1-003-jp,20,2,original,4,ok,1,62768.815,1,9238,9238
l1-005-jp,20,2,original,4,ok,1,53968.431,4,2426,2426
l1-010-us,20,2,original,4,ok,1,66576.274,2,14100,14100
l1-012-cn,20,2,original,4,ok,1,73574.624,2,6783,6783
l1-013-cn,20,2,original,4,ok,1,59746.931,1,6997,6997
l1-018-de,20,2,original,4,ok,1,60374.357,2,9933,9933
l1-019-de,20,2,original,4,ok,1,53410.232,1,23400,23400
l1-023-fr,20,2,original,4,ok,1,87942.281,1,26211,26211
l1-024-fr,20,2,original,4,ok,1,65895.026,3,17877,17877
l1-025-fr,20,2,original,4,ok,1,58023.842,4,13199,13199
l1-027-uk,20,2,original,4,ok,1,57689.21,2,6148,6148
l1-031-ca,20,2,original,4,ok,1,63473.735,4,9753,9753
l1-032-ca,20,2,original,4,ok,1,44608.816,1,2328,2328
l1-033-ca,20,2,original,4,ok,1,36508.067,3,7197,7197
l1-035-ca,20,2,original,4,ok,1,69539.406,1,9148,9148
l1-036-au,20,2,original,4,ok,1,78695.578,5,23747,23747
l1-037-au,20,2,original,4,ok,1,51171.199,2,6135,6135
l1-038-au,20,2,original,4,ok,1,58589.48,5,27052,27052
l1-039-au,20,2,original,4,ok,1,47538.113,1,10110,10110
l1-040-au,20,2,original,4,ok,1,59153.83,3,24374,24374
l1-041-sg,20,2,original,4,ok,1,82098.511,1,22558,22558
l1-042-sg,20,2,original,4,ok,1,69434.186,2,18165,18165
l1-044-sg,20,2,original,4,ok,1,53592.876,3,10069,10069
l1-046-vn,20,2,original,4,ok,1,42678.575,1,789,789
l1-049-vn,20,2,original,4,ok,1,47169.305,2,3499,3499
l1-050-vn,20,2,original,4,ok,1,72483.072,4,11069,11069
l1-051-th,20,2,original,4,ok,1,71553.041,1,7247,7247
l1-052-th,20,2,original,4,ok,1,76797.299,1,9447,9447
l1-053-th,20,2,original,4,ok,1,70784.64,1,12821,12821
l1-054-th,20,2,original,4,ok,1,88085.681,2,11230,11230
l1-055-th,20,2,original,4,ok,1,76592.818,2,8940,8940
l1-059-id,20,2,original,4,ok,1,89087.41,1,11312,11312
l1-060-id,20,2,original,4,ok,1,50046.224,3,4549,4549
l1-062-my,20,2,original,4,ok,1,142210.309,1,12785,12785
l1-065-my,20,2,original,4,ok,1,40832.885,3,8238,8238
l1-068-ph,20,2,original,4,ok,1,83284.556,1,17211,17211
l1-070-ph,20,2,original,4,ok,1,53493.84,3,21636,21636
l1-075-in,20,2,original,4,ok,1,90629.286,1,14522,14522
l1-078-br,20,2,original,4,ok,1,76191.145,1,3690,3690
l1-081-es,20,2,original,4,ok,1,90007.819,3,19919,19919
l1-082-es,20,2,original,4,ok,1,70745.302,5,12552,12552
l1-085-es,20,2,original,4,ok,1,63241.808,1,6458,6458
l1-091-nl,20,2,original,4,ok,1,24653.091,0,,
l1-092-nl,20,2,original,4,ok,1,24027.292,0,,
l1-094-nl,20,2,original,4,ok,1,23371.221,0,,
l1-095-nl,20,2,original,4,ok,1,27342.518,0,,
l1-097-nz,20,2,original,4,ok,1,78067.427,3,11822,11822
l1-098-nz,20,2,original,4,ok,1,46554.035,1,9519,9519
l2-001-jp-data-rights,20,2,original,4,ok,1,71600.623,1,6424,6424
l2-002-jp-breach,20,2,original,4,ok,1,61501.409,3,3106,3106
l2-003-jp-transfer,20,2,original,4,ok,1,75735.993,2,13808,13808
l2-010-us-worker,20,2,original,4,ok,1,89336.446,4,15612,15612
l2-013-cn-transfer,20,2,original,4,ok,1,44610.658,1,12490,12490
l2-017-de-breach,20,2,original,4,ok,1,47207.173,2,10433,10433
l2-022-fr-breach,20,2,original,4,ok,1,72450.483,2,14061,14061
l2-024-fr-consumer,20,2,original,4,ok,1,51559.818,3,18610,18610
l2-026-uk-data-rights,20,2,original,4,ok,1,60185.478,3,3669,3669
l2-029-uk-consumer,20,2,original,4,ok,1,79351.051,2,18523,18523
l2-034-ca-consumer,20,2,original,4,ok,1,30591.061,1,4183,4183
l2-035-ca-worker,20,2,original,4,ok,1,58169.322,1,12500,12500
l2-036-au-data-rights,20,2,original,4,ok,1,50175.673,2,12681,12681
l2-038-au-transfer,20,2,original,4,ok,1,64470.546,2,19625,19625
l2-039-au-consumer,20,2,original,4,ok,1,60875.204,3,9500,9500
l2-040-au-worker,20,2,original,4,ok,1,55937.862,2,4057,4057
l2-045-sg-worker,20,2,original,4,ok,1,51693.809,1,11064,11064
l2-046-vn-data-rights,20,2,original,4,ok,1,50554.697,2,11418,11418
l2-047-vn-breach,20,2,original,4,ok,1,50255.616,5,11515,11515
l2-051-th-data-rights,20,2,original,4,ok,1,62561.092,1,9181,9181
l2-052-th-breach,20,2,original,4,ok,1,45655.817,2,7597,7597
l2-053-th-transfer,20,2,original,4,ok,1,80743.958,1,10563,10563
l2-054-th-consumer,20,2,original,4,ok,1,61331.146,2,5633,5633
l2-055-th-worker,20,2,original,4,ok,1,57515.107,4,9356,9356
l2-056-id-data-rights,20,2,original,4,ok,1,79936.663,1,7438,7438
l2-057-id-breach,20,2,original,4,ok,1,45411.116,2,6847,6847
l2-060-id-worker,20,2,original,4,ok,1,242063.092,0,11993,11993
l2-061-my-data-rights,20,2,original,4,ok,1,40381.101,1,12630,12630
l2-064-my-consumer,20,2,original,4,ok,1,61475.602,4,5533,5533
l2-066-ph-data-rights,20,2,original,4,ok,1,67004.778,1,8395,8395
l2-067-ph-breach,20,2,original,4,ok,1,51752.154,2,22469,22469
l2-068-ph-transfer,20,2,original,4,ok,1,35183.244,1,17208,17208
l2-070-ph-worker,20,2,original,4,ok,1,95221.045,1,15929,15929
l2-071-in-data-rights,20,2,original,4,ok,1,68382.235,1,18470,18470
l2-072-in-breach,20,2,original,4,ok,1,39986.121,2,14524,14524
l2-073-in-transfer,20,2,original,4,ok,1,44771.805,2,13023,13023
l2-081-es-data-rights,20,2,original,4,ok,1,64925.331,2,12888,12888
l2-082-es-breach,20,2,original,4,ok,1,35104.291,3,13297,13297
l2-083-es-transfer,20,2,original,4,ok,1,67686.645,2,23525,23525
l2-084-es-consumer,20,2,original,4,ok,1,43799.733,4,19285,19285
l2-085-es-worker,20,2,original,4,ok,1,50012.901,2,15956,15956
l2-086-it-data-rights,20,2,original,4,ok,1,3181.614,0,,
l2-087-it-breach,20,2,original,4,ok,1,15537.377,0,,
l2-088-it-transfer,20,2,original,4,ok,1,9840.677,0,,
l2-089-it-consumer,20,2,original,4,ok,1,9838.315,0,,
l2-090-it-worker,20,2,original,4,ok,1,10474.73,0,,
l2-091-nl-data-rights,20,2,original,4,ok,1,5361.422,0,,
l2-092-nl-breach,20,2,original,4,ok,1,3554.988,0,,
l2-096-nz-data-rights,20,2,original,4,ok,1,63281.776,3,10443,10443
l2-100-nz-worker,20,2,original,4,ok,1,30228.96,3,7221,7221
l3-001-jp-transfer,20,2,original,4,ok,1,113293.156,2,7197,7197
l3-002-jp-breach,20,2,original,4,ok,1,59318.085,2,8202,8202
l3-005-jp-worker-ai,20,2,original,4,ok,1,61140.471,4,4392,4392
l3-007-us-breach,20,2,original,4,ok,1,66059.012,5,14879,14879
l3-008-us-consumer,20,2,original,4,ok,1,69008.769,3,9845,9845
l3-010-us-worker-ai,20,2,original,4,ok,1,94332.917,2,27008,27008
l3-011-cn-transfer,20,2,original,4,ok,1,108424.126,4,12755,12755
l3-013-cn-consumer,20,2,original,4,ok,1,75352.557,2,16079,16079
l3-014-cn-platform,20,2,original,4,ok,1,85557.11,4,12239,12239
l3-015-cn-worker-ai,20,2,original,4,ok,1,107148.329,2,8474,8474
l3-016-de-transfer,20,2,original,4,ok,1,102309.323,2,12755,12755
l3-018-de-consumer,20,2,original,4,ok,1,82760.119,6,10007,10007
l3-019-de-platform,20,2,original,4,ok,1,69011.665,7,12938,12938
l3-020-de-worker-ai,20,2,original,4,ok,1,83892.195,2,8368,8368
l3-023-fr-consumer,20,2,original,4,ok,1,95678.307,4,6451,6451
l3-025-fr-worker-ai,20,2,original,4,ok,1,101160.258,3,22180,22180
l3-026-uk-transfer,20,2,original,4,ok,1,85312.536,4,13411,13411
l3-028-uk-consumer,20,2,original,4,ok,1,95388.505,3,7451,7451
l3-030-uk-worker-ai,20,2,original,4,ok,1,79227.609,3,4292,4292
l3-032-ca-breach,20,2,original,4,ok,1,75083.576,7,10723,10723
l3-033-ca-consumer,20,2,original,4,ok,1,68942.613,2,3365,3365
l3-037-au-breach,20,2,original,4,ok,1,73981.208,3,15007,15007
l3-039-au-platform,20,2,original,4,ok,1,108054.163,2,22450,22450
l3-041-sg-transfer,20,2,original,4,ok,1,134086.7,3,20275,20275
l3-043-sg-consumer,20,2,original,4,ok,1,91586.7,2,4226,4226
l3-045-sg-worker-ai,20,2,original,4,ok,1,3572.501,0,,
l3-046-vn-transfer,20,2,original,4,ok,1,121194.692,2,9990,9990
l3-047-vn-breach,20,2,original,4,ok,1,114893.286,3,10199,10199
l3-053-th-consumer,20,2,original,4,ok,1,71377.22,2,11856,11856
l3-054-th-platform,20,2,original,4,ok,1,5339.987,0,,
l3-056-id-transfer,20,2,original,4,ok,1,95648.176,2,10146,10146
l3-057-id-breach,20,2,original,4,ok,1,97210.851,3,19544,19544
l3-058-id-consumer,20,2,original,4,ok,1,73891.142,2,19316,19316
l3-059-id-platform,20,2,original,4,ok,1,3512.345,0,,
l3-062-my-breach,20,2,original,4,ok,1,92440.293,1,11749,11749
l3-063-my-consumer,20,2,original,4,ok,1,3877.364,0,,
l3-065-my-worker-ai,20,2,original,4,ok,1,107849.977,2,27008,27008
l3-066-ph-transfer,20,2,original,4,ok,1,135910.276,3,15398,15398
l3-067-ph-breach,20,2,original,4,ok,1,99232.395,2,25080,25080
l3-072-in-breach,20,2,original,4,ok,1,7889.807,0,,
l3-073-in-consumer,20,2,original,4,ok,1,67389.76,3,4404,4404
l3-075-in-worker-ai,20,2,original,4,ok,1,58528.326,3,8368,8368
l3-078-br-consumer,20,2,original,4,ok,1,107487.547,2,6798,6798
l3-079-br-platform,20,2,original,4,ok,1,103122.396,1,1482,1482
l3-081-es-transfer,20,2,original,4,ok,1,13192.029,0,,
l3-082-es-breach,20,2,original,4,ok,1,167624.359,2,25408,25408
l3-088-it-consumer,20,2,original,4,ok,1,5818.44,0,,
l3-092-nl-breach,20,2,original,4,ok,1,2872.957,0,,
l3-098-nz-consumer,20,2,original,4,ok,1,63125.673,3,7923,7923
l3-100-nz-worker-ai,20,2,original,4,ok,1,172768.006,4,18432,18432
l4-001-jp-digital-platform,20,2,original,4,ok,1,87002.29,3,14131,14131
l4-004-jp-fintech,20,2,original,4,ok,1,83218.909,5,5371,5371
l4-008-us-online-sales,20,2,original,4,ok,1,39697.741,3,6820,6820
l4-009-us-fintech,20,2,original,4,ok,1,46734.576,6,12266,12266
l4-012-cn-automated-hiring,20,2,original,4,ok,1,74041.682,5,8376,8376
l4-015-cn-manufacturer,20,2,original,4,ok,1,48991.935,6,4731,4731
l4-016-de-digital-platform,20,2,original,4,ok,1,47659.063,3,17609,17609
l4-020-de-manufacturer,20,2,original,4,ok,1,43953.023,5,5341,5341
l4-021-fr-digital-platform,20,2,original,4,ok,1,109999.258,2,21543,21543
l4-022-fr-automated-hiring,20,2,original,4,ok,1,75364.721,4,26352,26352
l4-023-fr-online-sales,20,2,original,4,ok,1,48705.852,5,20824,20824
l4-024-fr-fintech,20,2,original,4,ok,1,75822.935,2,23838,23838
l4-027-uk-automated-hiring,20,2,original,4,ok,1,55702.062,2,7729,7729
l4-029-uk-fintech,20,2,original,4,ok,1,70864.857,3,6139,6139
l4-032-ca-automated-hiring,20,2,original,4,ok,1,75485.339,4,15592,15592
l4-034-ca-fintech,20,2,original,4,ok,1,53002.154,2,4169,4169
l4-036-au-digital-platform,20,2,original,4,ok,1,74842.1,3,16258,16258
l4-038-au-online-sales,20,2,original,4,ok,1,62529.269,2,7923,7923
l4-039-au-fintech,20,2,original,4,ok,1,59108.63,3,15464,15464
l4-040-au-manufacturer,20,2,original,4,ok,1,58312.756,4,6383,6383
l4-044-sg-fintech,20,2,original,4,ok,1,62100.505,3,25258,25258
l4-045-sg-manufacturer,20,2,original,4,ok,1,66961.798,3,2864,2864
l4-051-th-digital-platform,20,2,original,4,ok,1,43478.819,1,11182,11182
l4-054-th-fintech,20,2,original,4,ok,1,51485.034,3,3926,3926
l4-055-th-manufacturer,20,2,original,4,ok,1,40125.505,4,3390,3390
l4-058-id-online-sales,20,2,original,4,ok,1,55547.971,4,8239,8239
l4-059-id-fintech,20,2,original,4,ok,1,91615.269,4,17311,17311
l4-063-my-online-sales,20,2,original,4,ok,1,53290.48,3,5225,5225
l4-065-my-manufacturer,20,2,original,4,ok,1,75477.761,2,4845,4845
l4-067-ph-automated-hiring,20,2,original,4,ok,1,70030.255,3,5510,5510
l4-069-ph-fintech,20,2,original,4,ok,1,77802.83,4,8266,8266
l4-070-ph-manufacturer,20,2,original,4,ok,1,88801.763,9,7530,7530
l4-071-in-digital-platform,20,2,original,4,ok,1,91229.393,2,22506,22506
l4-072-in-automated-hiring,20,2,original,4,ok,1,71194.965,6,10554,10554
l4-075-in-manufacturer,20,2,original,4,ok,1,35011.019,2,4668,4668
l4-080-br-manufacturer,20,2,original,4,ok,1,62726.187,4,6510,6510
l4-081-es-digital-platform,20,2,original,4,ok,1,81299.269,2,12843,12843
l4-082-es-automated-hiring,20,2,original,4,ok,1,54726.59,1,16107,16107
l4-083-es-online-sales,20,2,original,4,ok,1,91341.942,3,16653,16653
l4-088-it-online-sales,20,2,original,4,ok,1,16347.486,0,,
l4-089-it-fintech,20,2,original,4,ok,1,11508.11,0,,
l4-090-it-manufacturer,20,2,original,4,ok,1,4385.428,0,,
l4-092-nl-automated-hiring,20,2,original,4,ok,1,3320.83,0,,
l4-093-nl-online-sales,20,2,original,4,ok,1,4875.217,0,,
l4-094-nl-fintech,20,2,original,4,ok,1,1738.006,0,,
l4-095-nl-manufacturer,20,2,original,4,ok,1,4018.55,0,,
l4-096-nz-digital-platform,20,2,original,4,ok,1,51630.705,3,5786,5786
l4-097-nz-automated-hiring,20,2,original,4,ok,1,69926.833,4,7518,7518
l4-099-nz-fintech,20,2,original,4,ok,1,54324.058,2,18660,18660
l4-100-nz-manufacturer,20,2,original,4,ok,1,112892.352,3,12098,12098
l1-001-jp,20,2,reduce,2,ok,1,60186.356,5,7288,4216
l1-002-jp,20,2,reduce,2,ok,1,54519.334,2,10180,5217
l1-003-jp,20,2,reduce,2,ok,1,61034.54,1,9238,6242
l1-005-jp,20,2,reduce,2,ok,1,54976.878,4,2426,1546
l1-010-us,20,2,reduce,2,ok,1,59624.271,2,14100,2578
l1-012-cn,20,2,reduce,2,ok,1,34568.96,2,6783,4146
l1-013-cn,20,2,reduce,2,ok,1,46014.314,1,6991,4371
l1-018-de,20,2,reduce,2,ok,1,62353.33,4,9933,4929
l1-019-de,20,2,reduce,2,ok,1,62297.117,3,23400,3735
l1-023-fr,20,2,reduce,2,ok,1,61258.113,1,26211,10039
l1-024-fr,20,2,reduce,2,ok,1,42242.336,2,17877,6432
l1-025-fr,20,2,reduce,2,ok,1,59161.969,2,13199,4235
l1-027-uk,20,2,reduce,2,ok,1,45891.308,2,6148,3677
l1-031-ca,20,2,reduce,2,ok,1,62788.669,4,9753,5724
l1-032-ca,20,2,reduce,2,ok,1,70094.038,1,2328,1327
l1-033-ca,20,2,reduce,2,ok,1,60417.275,3,7197,2079
l1-035-ca,20,2,reduce,2,ok,1,47970.426,1,9148,4466
l1-036-au,20,2,reduce,2,ok,1,30493.762,5,23747,3574
l1-037-au,20,2,reduce,2,ok,1,54474.751,2,6135,2823
l1-038-au,20,2,reduce,2,ok,1,34631.561,5,27052,5793
l1-039-au,20,2,reduce,2,ok,1,71735.655,1,10110,4894
l1-040-au,20,2,reduce,2,ok,1,51772.936,3,24374,4680
l1-041-sg,20,2,reduce,2,ok,1,72129.831,1,22558,8527
l1-042-sg,20,2,reduce,2,ok,1,78209.344,3,18165,6691
l1-044-sg,20,2,reduce,2,ok,1,65895.481,3,10069,3178
l1-046-vn,20,2,reduce,2,ok,1,35929.431,1,789,525
l1-049-vn,20,2,reduce,2,ok,1,93583.066,2,19841,7354
l1-050-vn,20,2,reduce,2,ok,1,73149.44,4,11069,5666
l1-051-th,20,2,reduce,2,ok,1,92838.73,1,7247,4600
l1-052-th,20,2,reduce,2,ok,1,110128.767,1,9447,5478
l1-053-th,20,2,reduce,2,ok,1,60037.248,1,12821,8136
l1-054-th,20,2,reduce,2,ok,1,52281.836,2,11230,6871
l1-055-th,20,2,reduce,2,ok,1,103350.37,2,8940,3102
l1-059-id,20,2,reduce,2,ok,1,55018.064,1,11312,6690
l1-060-id,20,2,reduce,2,ok,1,60756.328,3,4549,3081
l1-062-my,20,2,reduce,2,ok,1,45480.625,1,12785,8316
l1-065-my,20,2,reduce,2,ok,1,46487.462,3,8238,3940
l1-068-ph,20,2,reduce,2,ok,1,35881.651,1,17211,9658
l1-070-ph,20,2,reduce,2,ok,1,36622.792,3,21636,6843
l1-075-in,20,2,reduce,2,ok,1,65498.471,1,14522,11454
l1-078-br,20,2,reduce,2,ok,1,66022.567,1,3690,1546
l1-081-es,20,2,reduce,2,ok,1,39737.097,3,19919,10157
l1-082-es,20,2,reduce,2,ok,1,71519.021,5,12552,5945
l1-085-es,20,2,reduce,2,ok,1,56206.349,1,6458,2901
l1-091-nl,20,2,reduce,2,ok,1,19662.896,0,,
l1-092-nl,20,2,reduce,2,ok,1,19067.098,0,,
l1-094-nl,20,2,reduce,2,ok,1,22435.834,0,,
l1-095-nl,20,2,reduce,2,ok,1,23849.516,0,,
l1-097-nz,20,2,reduce,2,ok,1,50088.209,2,11822,4512
l1-098-nz,20,2,reduce,2,ok,1,41405.551,1,9519,2127
l2-001-jp-data-rights,20,2,reduce,2,ok,1,31158.656,1,6919,4331
l2-002-jp-breach,20,2,reduce,2,ok,1,36016.019,3,3108,2112
l2-003-jp-transfer,20,2,reduce,2,ok,1,29429.716,2,13808,5496
l2-010-us-worker,20,2,reduce,2,ok,1,43274.538,2,15612,5228
l2-013-cn-transfer,20,2,reduce,2,ok,1,39427.299,1,12490,6712
l2-017-de-breach,20,2,reduce,2,ok,1,30792.153,2,10431,5163
l2-022-fr-breach,20,2,reduce,2,ok,1,50666.209,3,14059,5192
l2-024-fr-consumer,20,2,reduce,2,ok,1,29408.311,2,18610,6010
l2-026-uk-data-rights,20,2,reduce,2,ok,1,26911.115,3,3669,2426
l2-029-uk-consumer,20,2,reduce,2,ok,1,64795.221,2,18523,8843
l2-034-ca-consumer,20,2,reduce,2,ok,1,42594.291,1,4183,2205
l2-035-ca-worker,20,2,reduce,2,ok,1,35392.666,2,12496,4322
l2-036-au-data-rights,20,2,reduce,2,ok,1,35070.031,2,12681,4100
l2-038-au-transfer,20,2,reduce,2,ok,1,29230.615,2,19625,5758
l2-039-au-consumer,20,2,reduce,2,ok,1,32644.87,3,9500,4326
l2-040-au-worker,20,2,reduce,2,ok,1,42900.889,2,4057,2770
l2-045-sg-worker,20,2,reduce,2,ok,1,25767.099,1,11064,4423
l2-046-vn-data-rights,20,2,reduce,2,ok,1,35706.184,2,11418,5942
l2-047-vn-breach,20,2,reduce,2,ok,1,35679.978,4,10566,4230
l2-051-th-data-rights,20,2,reduce,2,ok,1,43255.708,1,9181,6443
l2-052-th-breach,20,2,reduce,2,ok,1,40707.924,2,7597,4614
l2-053-th-transfer,20,2,reduce,2,ok,1,49127.799,1,10563,7155
l2-054-th-consumer,20,2,reduce,2,ok,1,33482.678,2,5633,2751
l2-055-th-worker,20,2,reduce,2,ok,1,30616.801,2,9356,3416
l2-056-id-data-rights,20,2,reduce,2,ok,1,33734.91,1,7438,4222
l2-057-id-breach,20,2,reduce,2,ok,1,34154.168,2,6847,2599
l2-060-id-worker,20,2,reduce,2,ok,1,54742.25,1,11993,6920
l2-061-my-data-rights,20,2,reduce,2,ok,1,43018.306,1,12630,5604
l2-064-my-consumer,20,2,reduce,2,ok,1,41133.146,4,5533,2939
l2-066-ph-data-rights,20,2,reduce,2,ok,1,45442.083,1,8395,5135
l2-067-ph-breach,20,2,reduce,2,ok,1,29429.806,2,22469,8201
l2-068-ph-transfer,20,2,reduce,2,ok,1,35763.318,1,17208,7814
l2-070-ph-worker,20,2,reduce,2,ok,1,49421.106,1,15929,7460
l2-071-in-data-rights,20,2,reduce,2,ok,1,45816.083,1,18470,5881
l2-072-in-breach,20,2,reduce,2,ok,1,38171.611,3,14524,4193
l2-073-in-transfer,20,2,reduce,2,ok,1,23484.981,2,13023,4151
l2-081-es-data-rights,20,2,reduce,2,ok,1,46211.932,2,12888,7471
l2-082-es-breach,20,2,reduce,2,ok,1,38834.784,3,13297,2708
l2-083-es-transfer,20,2,reduce,2,ok,1,41067.189,2,23525,9554
l2-084-es-consumer,20,2,reduce,2,ok,1,47370.866,4,19285,7712
l2-085-es-worker,20,2,reduce,2,ok,1,42931.985,2,15956,7871
l2-086-it-data-rights,20,2,reduce,2,ok,1,2082.674,0,,
l2-087-it-breach,20,2,reduce,2,ok,1,4112.996,0,,
l2-088-it-transfer,20,2,reduce,2,ok,1,2661.539,0,,
l2-089-it-consumer,20,2,reduce,2,ok,1,6005.283,0,,
l2-090-it-worker,20,2,reduce,2,ok,1,3167.743,0,,
l2-091-nl-data-rights,20,2,reduce,2,ok,1,3209.891,0,,
l2-092-nl-breach,20,2,reduce,2,ok,1,3816.069,0,,
l2-096-nz-data-rights,20,2,reduce,2,ok,1,36703.528,2,10443,3245
l2-100-nz-worker,20,2,reduce,2,ok,1,36012.022,3,7221,4778
l3-001-jp-transfer,20,2,reduce,2,ok,1,46645.201,1,8091,3479
l3-002-jp-breach,20,2,reduce,2,ok,1,233761.582,3,12720,6670
l3-005-jp-worker-ai,20,2,reduce,2,ok,1,55129.308,2,4400,2110
l3-007-us-breach,20,2,reduce,2,ok,1,78800.953,3,10073,4196
l3-008-us-consumer,20,2,reduce,2,ok,1,46765.557,4,9845,4022
l3-010-us-worker-ai,20,2,reduce,2,ok,1,58704.145,2,6194,3090
l3-011-cn-transfer,20,2,reduce,2,ok,1,71531.032,3,10383,6390
l3-013-cn-consumer,20,2,reduce,2,ok,1,42584.838,2,3970,2777
l3-014-cn-platform,20,2,reduce,2,ok,1,78916.3,3,12239,5376
l3-015-cn-worker-ai,20,2,reduce,2,ok,1,62680.07,2,8086,2740
l3-016-de-transfer,20,2,reduce,2,ok,1,53994.101,2,12757,5244
l3-018-de-consumer,20,2,reduce,2,ok,1,49748.187,4,10007,4403
l3-019-de-platform,20,2,reduce,2,ok,1,83443.872,3,15399,8337
l3-020-de-worker-ai,20,2,reduce,2,ok,1,75986.476,2,8364,3044
l3-023-fr-consumer,20,2,reduce,2,ok,1,91826.548,3,6451,2670
l3-025-fr-worker-ai,20,2,reduce,2,ok,1,69971.643,3,22367,11530
l3-026-uk-transfer,20,2,reduce,2,ok,1,58759.625,2,13407,2976
l3-028-uk-consumer,20,2,reduce,2,ok,1,64397.467,3,10576,5094
l3-030-uk-worker-ai,20,2,reduce,2,ok,1,51545.349,3,4292,2138
l3-032-ca-breach,20,2,reduce,2,ok,1,43085.717,6,13164,5990
l3-033-ca-consumer,20,2,reduce,2,ok,1,46395.646,2,3365,1653
l3-037-au-breach,20,2,reduce,2,ok,1,58718.534,2,15005,3682
l3-039-au-platform,20,2,reduce,2,ok,1,72280.714,2,22450,9632
l3-041-sg-transfer,20,2,reduce,2,ok,1,89453.206,3,27089,7735
l3-043-sg-consumer,20,2,reduce,2,ok,1,58466.098,2,14609,6916
l3-045-sg-worker-ai,20,2,reduce,2,ok,1,6032.656,0,,
l3-046-vn-transfer,20,2,reduce,2,ok,1,79126.73,3,10573,7155
l3-047-vn-breach,20,2,reduce,2,ok,1,80407.874,4,8945,4052
l3-053-th-consumer,20,2,reduce,2,ok,1,58700.013,2,4633,3438
l3-054-th-platform,20,2,reduce,2,ok,1,4184.339,0,,
l3-056-id-transfer,20,2,reduce,2,ok,1,73652.655,2,12638,5802
l3-057-id-breach,20,2,reduce,2,ok,1,61926.717,3,18911,7827
l3-058-id-consumer,20,2,reduce,2,ok,1,56137.909,2,19316,6975
l3-059-id-platform,20,2,reduce,2,ok,1,3996.272,0,,
l3-062-my-breach,20,2,reduce,2,ok,1,62961.108,1,10556,5393
l3-063-my-consumer,20,2,reduce,2,ok,1,3032.385,0,,
l3-065-my-worker-ai,20,2,reduce,2,ok,1,75234.419,2,27014,5954
l3-066-ph-transfer,20,2,reduce,2,ok,1,86245.223,2,11631,3197
l3-067-ph-breach,20,2,reduce,2,ok,1,57881.891,2,23909,10371
l3-072-in-breach,20,2,reduce,2,ok,1,4500.851,0,,
l3-073-in-consumer,20,2,reduce,2,ok,1,58397.856,3,4404,2535
l3-075-in-worker-ai,20,2,reduce,2,ok,1,47626.062,2,14921,4575
l3-078-br-consumer,20,2,reduce,2,ok,1,69402.641,2,6798,3460
l3-079-br-platform,20,2,reduce,2,ok,1,68990.471,2,1482,703
l3-081-es-transfer,20,2,reduce,2,ok,1,6533.409,0,,
l3-082-es-breach,20,2,reduce,2,ok,1,117172.039,2,24152,1913
l3-088-it-consumer,20,2,reduce,2,ok,1,3792.797,0,,
l3-092-nl-breach,20,2,reduce,2,ok,1,2857.612,0,,
l3-098-nz-consumer,20,2,reduce,2,ok,1,41707.221,3,18723,6787
l3-100-nz-worker-ai,20,2,reduce,2,ok,1,78299.393,5,18432,9322
l4-001-jp-digital-platform,20,2,reduce,2,ok,1,54265.519,3,15882,8234
l4-004-jp-fintech,20,2,reduce,2,ok,1,51084.396,4,4873,3085
l4-008-us-online-sales,20,2,reduce,2,ok,1,52348.371,4,6816,4576
l4-009-us-fintech,20,2,reduce,2,ok,1,44665.517,6,12266,4474
l4-012-cn-automated-hiring,20,2,reduce,2,ok,1,71206.444,5,7435,4966
l4-015-cn-manufacturer,20,2,reduce,2,ok,1,39489.328,6,4731,3238
l4-016-de-digital-platform,20,2,reduce,2,ok,1,31873.973,3,17611,3249
l4-020-de-manufacturer,20,2,reduce,2,ok,1,55530.524,5,9280,3598
l4-021-fr-digital-platform,20,2,reduce,2,ok,1,49138.035,2,21551,8921
l4-022-fr-automated-hiring,20,2,reduce,2,ok,1,49353.248,3,22817,6973
l4-023-fr-online-sales,20,2,reduce,2,ok,1,51760.972,5,19363,8204
l4-024-fr-fintech,20,2,reduce,2,ok,1,51405.804,1,24408,8153
l4-027-uk-automated-hiring,20,2,reduce,2,ok,1,55136.722,2,9464,5783
l4-029-uk-fintech,20,2,reduce,2,ok,1,42629.107,3,6141,2202
l4-032-ca-automated-hiring,20,2,reduce,2,ok,1,51476.603,5,15592,6459
l4-034-ca-fintech,20,2,reduce,2,ok,1,38612.908,2,4179,1468
l4-036-au-digital-platform,20,2,reduce,2,ok,1,45299.599,3,16254,4874
l4-038-au-online-sales,20,2,reduce,2,ok,1,46777.342,1,9684,4649
l4-039-au-fintech,20,2,reduce,2,ok,1,60350.203,3,15470,4977
l4-040-au-manufacturer,20,2,reduce,2,ok,1,44158.959,4,8199,4113
l4-044-sg-fintech,20,2,reduce,2,ok,1,54930.349,4,24356,9085
l4-045-sg-manufacturer,20,2,reduce,2,ok,1,53503.854,3,2864,1827
l4-051-th-digital-platform,20,2,reduce,2,ok,1,41938.779,1,11933,7804
l4-054-th-fintech,20,2,reduce,2,ok,1,36984.508,3,3922,2666
l4-055-th-manufacturer,20,2,reduce,2,ok,1,40385.72,3,2907,1436
l4-058-id-online-sales,20,2,reduce,2,ok,1,35952.702,3,7753,4418
l4-059-id-fintech,20,2,reduce,2,ok,1,55386.462,4,18231,7305
l4-063-my-online-sales,20,2,reduce,2,ok,1,52251.288,3,5223,3468
l4-065-my-manufacturer,20,2,reduce,2,ok,1,58589.99,2,4845,3022
l4-067-ph-automated-hiring,20,2,reduce,2,ok,1,37195.038,3,5942,3560
l4-069-ph-fintech,20,2,reduce,2,ok,1,45587.733,3,8264,4289
l4-070-ph-manufacturer,20,2,reduce,2,ok,1,42734.772,8,8242,5243
l4-071-in-digital-platform,20,2,reduce,2,ok,1,47589.959,2,21014,9442
l4-072-in-automated-hiring,20,2,reduce,2,ok,1,54281.731,5,10554,3888
l4-075-in-manufacturer,20,2,reduce,2,ok,1,48411.309,2,4670,2731
l4-080-br-manufacturer,20,2,reduce,2,ok,1,50810.506,4,6427,4302
l4-081-es-digital-platform,20,2,reduce,2,ok,1,55801.731,2,12843,6199
l4-082-es-automated-hiring,20,2,reduce,2,ok,1,44579.558,1,16101,8398
l4-083-es-online-sales,20,2,reduce,2,ok,1,47661.024,3,16710,8734
l4-088-it-online-sales,20,2,reduce,2,ok,1,3762.584,0,,
l4-089-it-fintech,20,2,reduce,2,ok,1,5273.215,0,,
l4-090-it-manufacturer,20,2,reduce,2,ok,1,3381.486,0,,
l4-092-nl-automated-hiring,20,2,reduce,2,ok,1,3213.577,0,,
l4-093-nl-online-sales,20,2,reduce,2,ok,1,3133.89,0,,
l4-094-nl-fintech,20,2,reduce,2,ok,1,2066.212,0,,
l4-095-nl-manufacturer,20,2,reduce,2,ok,1,2645.081,0,,
l4-096-nz-digital-platform,20,2,reduce,2,ok,1,30905.406,3,5784,3435
l4-097-nz-automated-hiring,20,2,reduce,2,ok,1,65065.94,4,7034,3836
l4-099-nz-fintech,20,2,reduce,2,ok,1,62178.125,2,18660,3462
l4-100-nz-manufacturer,20,2,reduce,2,ok,1,52058.644,3,10026,6893
l1-001-jp,20,3,combined,2,ok,1,51777.541,5,7288,4216
l1-002-jp,20,3,combined,2,ok,1,41561.935,2,10180,5217
l1-003-jp,20,3,combined,2,ok,1,45055.619,1,9238,6242
l1-005-jp,20,3,combined,2,ok,1,95121.882,4,2426,1546
l1-010-us,20,3,combined,2,ok,1,58236.717,2,14100,2578
l1-012-cn,20,3,combined,2,ok,1,36103.806,2,6783,4146
l1-013-cn,20,3,combined,2,ok,1,43329.145,1,6991,4371
l1-018-de,20,3,combined,2,ok,1,41855.86,4,9933,4929
l1-019-de,20,3,combined,2,ok,1,43708.198,3,23400,3735
l1-023-fr,20,3,combined,2,ok,1,55171.51,1,26211,10039
l1-024-fr,20,3,combined,2,ok,1,50685.478,2,17877,6432
l1-025-fr,20,3,combined,2,ok,1,37909.458,2,13199,4235
l1-027-uk,20,3,combined,2,ok,1,36304.985,2,6148,3677
l1-031-ca,20,3,combined,2,ok,1,41086.869,4,9753,5724
l1-032-ca,20,3,combined,2,ok,1,92285.777,1,2328,1327
l1-033-ca,20,3,combined,2,ok,1,39235.824,3,7197,2079
l1-035-ca,20,3,combined,2,ok,1,57554.774,1,9148,4466
l1-036-au,20,3,combined,2,ok,1,35471.239,5,23747,3574
l1-037-au,20,3,combined,2,ok,1,47298.564,2,6135,2823
l1-038-au,20,3,combined,2,ok,1,34914.472,5,27052,5793
l1-039-au,20,3,combined,2,ok,1,34554.182,1,10110,4894
l1-040-au,20,3,combined,2,ok,1,56929.373,3,24374,4680
l1-041-sg,20,3,combined,2,ok,1,50278.451,1,22558,8527
l1-042-sg,20,3,combined,2,ok,1,46229.545,3,18165,6691
l1-044-sg,20,3,combined,2,ok,1,45306.369,3,10069,3178
l1-046-vn,20,3,combined,2,ok,1,24978.592,1,789,525
l1-049-vn,20,3,combined,2,ok,1,38305.186,2,3499,2125
l1-050-vn,20,3,combined,2,ok,1,62346.344,4,11069,5666
l1-051-th,20,3,combined,2,ok,1,32258.835,1,7247,4600
l1-052-th,20,3,combined,2,ok,1,56332.564,1,9447,5478
l1-053-th,20,3,combined,2,ok,1,54055.913,1,12821,8136
l1-054-th,20,3,combined,2,ok,1,54564.297,2,11230,6871
l1-055-th,20,3,combined,2,ok,1,74413.17,2,8940,3102
l1-059-id,20,3,combined,2,ok,1,42671.999,1,11312,6690
l1-060-id,20,3,combined,2,ok,1,31571.926,3,4549,3081
l1-062-my,20,3,combined,2,ok,1,40545.788,1,12785,8316
l1-065-my,20,3,combined,2,ok,1,45401.745,3,8238,3940
l1-068-ph,20,3,combined,2,ok,1,42928.969,1,17211,9658
l1-070-ph,20,3,combined,2,ok,1,33112.761,3,21636,6843
l1-075-in,20,3,combined,2,ok,1,70073.283,1,14522,11454
l1-078-br,20,3,combined,2,ok,1,32337.376,1,3690,1546
l1-081-es,20,3,combined,2,ok,1,42720.356,3,19919,10157
l1-082-es,20,3,combined,2,ok,1,38426.53,5,12552,5945
l1-085-es,20,3,combined,2,ok,1,43209.32,1,6458,2901
l1-091-nl,20,3,combined,2,ok,1,18130.79,0,,
l1-092-nl,20,3,combined,2,ok,1,20364.611,0,,
l1-094-nl,20,3,combined,2,ok,1,17747.755,0,,
l1-095-nl,20,3,combined,2,ok,1,19336.157,0,,
l1-097-nz,20,3,combined,2,ok,1,40512.405,2,11822,4512
l1-098-nz,20,3,combined,2,ok,1,44713.548,1,9519,2127
l2-001-jp-data-rights,20,3,combined,2,ok,1,39448.03,1,6913,4331
l2-002-jp-breach,20,3,combined,2,ok,1,33502.068,3,3106,2112
l2-003-jp-transfer,20,3,combined,2,ok,1,54163.321,2,13808,5496
l2-010-us-worker,20,3,combined,2,ok,1,37355.28,2,15612,5228
l2-013-cn-transfer,20,3,combined,2,ok,1,27607.205,1,12490,6712
l2-017-de-breach,20,3,combined,2,ok,1,29232.74,2,10435,5163
l2-022-fr-breach,20,3,combined,2,ok,1,40600.024,3,14077,5192
l2-024-fr-consumer,20,3,combined,2,ok,1,31078.632,2,18610,6010
l2-026-uk-data-rights,20,3,combined,2,ok,1,38737.366,3,3671,2426
l2-029-uk-consumer,20,3,combined,2,ok,1,45053.496,2,18523,8843
l2-034-ca-consumer,20,3,combined,2,ok,1,25579.298,1,4183,2205
l2-035-ca-worker,20,3,combined,2,ok,1,25955.333,2,12496,4322
l2-036-au-data-rights,20,3,combined,2,ok,1,33652.135,3,13397,4573
l2-038-au-transfer,20,3,combined,2,ok,1,23541.28,2,19625,5758
l2-039-au-consumer,20,3,combined,2,ok,1,33503.057,3,9500,4326
l2-040-au-worker,20,3,combined,2,ok,1,39322.933,2,4057,2770
l2-045-sg-worker,20,3,combined,2,ok,1,26526.457,1,11064,4423
l2-046-vn-data-rights,20,3,combined,2,ok,1,32822.191,5,10286,4789
l2-047-vn-breach,20,3,combined,2,ok,1,28691.637,4,10564,4230
l2-051-th-data-rights,20,3,combined,2,ok,1,41342.113,1,8705,6118
l2-052-th-breach,20,3,combined,2,ok,1,36927.985,2,7599,4614
l2-053-th-transfer,20,3,combined,2,ok,1,41014.822,1,10563,7155
l2-054-th-consumer,20,3,combined,2,ok,1,33610.522,2,5633,2751
l2-055-th-worker,20,3,combined,2,ok,1,29505.237,2,9356,3416
l2-056-id-data-rights,20,3,combined,2,ok,1,49249.768,1,7751,4420
l2-057-id-breach,20,3,combined,2,ok,1,54181.633,2,6849,2599
l2-060-id-worker,20,3,combined,2,ok,1,37096.991,1,11993,6920
l2-061-my-data-rights,20,3,combined,2,ok,1,34401.957,1,12115,5226
l2-064-my-consumer,20,3,combined,2,ok,1,36976.082,4,5533,2939
l2-066-ph-data-rights,20,3,combined,2,ok,1,38095.19,1,8389,5135
l2-067-ph-breach,20,3,combined,2,ok,1,28336.794,2,22467,8201
l2-068-ph-transfer,20,3,combined,2,ok,1,31228.539,1,17208,7814
l2-070-ph-worker,20,3,combined,2,ok,1,52735.632,1,15929,7460
l2-071-in-data-rights,20,3,combined,2,ok,1,30898.289,1,18462,5881
l2-072-in-breach,20,3,combined,2,ok,1,29727.731,3,15304,4648
l2-073-in-transfer,20,3,combined,2,ok,1,27500.751,2,13023,4151
l2-081-es-data-rights,20,3,combined,2,ok,1,42525.69,2,12886,7471
l2-082-es-breach,20,3,combined,2,ok,1,24923.66,3,13299,2708
l2-083-es-transfer,20,3,combined,2,ok,1,35817.424,2,23525,9554
l2-084-es-consumer,20,3,combined,2,ok,1,36714.944,4,19285,7712
l2-085-es-worker,20,3,combined,2,ok,1,28711.042,2,15956,7871
l2-086-it-data-rights,20,3,combined,2,ok,1,12178.835,0,,
l2-087-it-breach,20,3,combined,2,ok,1,4812.076,0,,
l2-088-it-transfer,20,3,combined,2,ok,1,3532.073,0,,
l2-089-it-consumer,20,3,combined,2,ok,1,3446.778,0,,
l2-090-it-worker,20,3,combined,2,ok,1,2729.393,0,,
l2-091-nl-data-rights,20,3,combined,2,ok,1,3588.718,0,,
l2-092-nl-breach,20,3,combined,2,ok,1,3241.94,0,,
l2-096-nz-data-rights,20,3,combined,2,ok,1,19851.937,2,10443,3245
l2-100-nz-worker,20,3,combined,2,ok,1,19130.686,3,7221,4778
l3-001-jp-transfer,20,3,combined,2,ok,1,44816.774,1,7197,2993
l3-002-jp-breach,20,3,combined,2,ok,1,124498.098,3,12712,6670
l3-005-jp-worker-ai,20,3,combined,2,ok,1,50818.088,2,4404,2110
l3-007-us-breach,20,3,combined,2,ok,1,85624.411,3,10073,4196
l3-008-us-consumer,20,3,combined,2,ok,1,39835.427,4,9845,4022
l3-010-us-worker-ai,20,3,combined,2,ok,1,36863.078,2,20735,5521
l3-011-cn-transfer,20,3,combined,2,ok,1,70501.465,3,10020,6119
l3-013-cn-consumer,20,3,combined,2,ok,1,46962.884,2,3970,2777
l3-014-cn-platform,20,3,combined,2,ok,1,76453.988,3,12239,5376
l3-015-cn-worker-ai,20,3,combined,2,ok,1,63782.099,2,8468,2983
l3-016-de-transfer,20,3,combined,2,ok,1,54531.973,2,12753,5244
l3-018-de-consumer,20,3,combined,2,ok,1,54338.891,4,10007,4403
l3-019-de-platform,20,3,combined,2,ok,1,64157.321,5,12938,5495
l3-020-de-worker-ai,20,3,combined,2,ok,1,52736.763,2,13820,5314
l3-023-fr-consumer,20,3,combined,2,ok,1,63554.04,3,18723,6787
l3-025-fr-worker-ai,20,3,combined,2,ok,1,60904.827,3,14308,7805
l3-026-uk-transfer,20,3,combined,2,ok,1,65986.138,3,13738,5163
l3-028-uk-consumer,20,3,combined,2,ok,1,50624.818,3,11856,4671
l3-030-uk-worker-ai,20,3,combined,2,ok,1,48766.719,3,4290,2138
l3-032-ca-breach,20,3,combined,2,ok,1,51290.97,6,10197,4509
l3-033-ca-consumer,20,3,combined,2,ok,1,44478.854,2,3365,1653
l3-037-au-breach,20,3,combined,2,ok,1,56095.878,2,15011,3682
l3-039-au-platform,20,3,combined,2,ok,1,89720.72,2,14860,4755
l3-041-sg-transfer,20,3,combined,2,ok,1,97580.608,3,27087,7735
l3-043-sg-consumer,20,3,combined,2,ok,1,62809.091,2,4226,2147
l3-045-sg-worker-ai,20,3,combined,2,ok,1,4580.312,0,,
l3-046-vn-transfer,20,3,combined,2,ok,1,78551.674,3,10569,7155
l3-047-vn-breach,20,3,combined,2,ok,1,66829.008,3,10197,4509
l3-053-th-consumer,20,3,combined,2,ok,1,55726.24,2,11856,4671
l3-054-th-platform,20,3,combined,2,ok,1,5346.694,0,,
l3-056-id-transfer,20,3,combined,2,ok,1,66366.29,2,12638,5802
l3-057-id-breach,20,3,combined,2,ok,1,64293.969,3,19468,8237
l3-058-id-consumer,20,3,combined,2,ok,1,52576.133,2,19316,6975
l3-059-id-platform,20,3,combined,2,ok,1,3740.924,0,,
l3-062-my-breach,20,3,combined,2,ok,1,64680.194,1,10558,5393
l3-063-my-consumer,20,3,combined,2,ok,1,4639.821,0,,
l3-065-my-worker-ai,20,3,combined,2,ok,1,72871.111,2,20737,5521
l3-066-ph-transfer,20,3,combined,2,ok,1,90181.819,2,11227,2936
l3-067-ph-breach,20,3,combined,2,ok,1,63084.735,2,25088,10350
l3-072-in-breach,20,3,combined,2,ok,1,5662.094,0,,
l3-073-in-consumer,20,3,combined,2,ok,1,37465.247,3,4404,2535
l3-075-in-worker-ai,20,3,combined,2,ok,1,44401.18,2,8368,3044
l3-078-br-consumer,20,3,combined,2,ok,1,75611.485,1,6798,3460
l3-079-br-platform,20,3,combined,2,ok,1,60811.884,1,18698,6718
l3-081-es-transfer,20,3,combined,2,ok,1,3737.882,0,,
l3-082-es-breach,20,3,combined,2,ok,1,122281.904,2,25088,10350
l3-088-it-consumer,20,3,combined,2,ok,1,3329.031,0,,
l3-092-nl-breach,20,3,combined,2,ok,1,6295.762,0,,
l3-098-nz-consumer,20,3,combined,2,ok,1,34943.856,3,7923,2982
l3-100-nz-worker-ai,20,3,combined,2,ok,1,159358.077,4,19010,9083
l4-001-jp-digital-platform,20,3,combined,2,ok,1,46696.251,3,14133,7100
l4-004-jp-fintech,20,3,combined,2,ok,1,32461.082,5,5369,3439
l4-008-us-online-sales,20,3,combined,2,ok,1,35835.839,3,9843,4759
l4-009-us-fintech,20,3,combined,2,ok,1,38200.326,6,12266,4474
l4-012-cn-automated-hiring,20,3,combined,2,ok,1,42501.614,5,7839,5213
l4-015-cn-manufacturer,20,3,combined,2,ok,1,35930.063,6,4731,3238
l4-016-de-digital-platform,20,3,combined,2,ok,1,28056.521,3,17609,3249
l4-020-de-manufacturer,20,3,combined,2,ok,1,27188.04,5,9280,3598
l4-021-fr-digital-platform,20,3,combined,2,ok,1,57063.622,2,21547,8921
l4-022-fr-automated-hiring,20,3,combined,2,ok,1,36740.784,3,22819,6973
l4-023-fr-online-sales,20,3,combined,2,ok,1,38833.962,5,19367,8204
l4-024-fr-fintech,20,3,combined,2,ok,1,46472.853,1,20890,7223
l4-027-uk-automated-hiring,20,3,combined,2,ok,1,41108.164,2,7727,4346
l4-029-uk-fintech,20,3,combined,2,ok,1,47163.18,3,6141,2202
l4-032-ca-automated-hiring,20,3,combined,2,ok,1,46536.232,5,15596,6459
l4-034-ca-fintech,20,3,combined,2,ok,1,28751.066,2,4179,1468
l4-036-au-digital-platform,20,3,combined,2,ok,1,46708.998,3,16796,5267
l4-038-au-online-sales,20,3,combined,2,ok,1,32833.782,1,9684,4649
l4-039-au-fintech,20,3,combined,2,ok,1,38229.16,3,15470,4977
l4-040-au-manufacturer,20,3,combined,2,ok,1,40645.846,4,8199,4113
l4-044-sg-fintech,20,3,combined,2,ok,1,44622.401,4,24362,9085
l4-045-sg-manufacturer,20,3,combined,2,ok,1,34022.886,3,2864,1827
l4-051-th-digital-platform,20,3,combined,2,ok,1,40084.145,3,11176,7301
l4-054-th-fintech,20,3,combined,2,ok,1,29415.978,3,3924,2666
l4-055-th-manufacturer,20,3,combined,2,ok,1,36554.75,3,2907,1436
l4-058-id-online-sales,20,3,combined,2,ok,1,39943.552,3,8321,4835
l4-059-id-fintech,20,3,combined,2,ok,1,60332.307,4,18233,7305
l4-063-my-online-sales,20,3,combined,2,ok,1,42707.09,3,5223,3468
l4-065-my-manufacturer,20,3,combined,2,ok,1,45779.439,2,4845,3022
l4-067-ph-automated-hiring,20,3,combined,2,ok,1,37761.0,3,5508,3273
l4-069-ph-fintech,20,3,combined,2,ok,1,45623.686,3,8262,4289
l4-070-ph-manufacturer,20,3,combined,2,ok,1,53604.475,8,8293,5373
l4-071-in-digital-platform,20,3,combined,2,ok,1,50899.302,2,22516,10524
l4-072-in-automated-hiring,20,3,combined,2,ok,1,71825.838,5,10554,3888
l4-075-in-manufacturer,20,3,combined,2,ok,1,25194.357,2,4666,2731
l4-080-br-manufacturer,20,3,combined,2,ok,1,39732.158,4,6429,4302
l4-081-es-digital-platform,20,3,combined,2,ok,1,47173.532,2,12843,6199
l4-082-es-automated-hiring,20,3,combined,2,ok,1,32151.395,1,16103,8398
l4-083-es-online-sales,20,3,combined,2,ok,1,44548.586,3,19148,9584
l4-088-it-online-sales,20,3,combined,2,ok,1,4926.908,0,,
l4-089-it-fintech,20,3,combined,2,ok,1,8125.442,0,,
l4-090-it-manufacturer,20,3,combined,2,ok,1,2141.899,0,,
l4-092-nl-automated-hiring,20,3,combined,2,ok,1,4766.736,0,,
l4-093-nl-online-sales,20,3,combined,2,ok,1,4439.055,0,,
l4-094-nl-fintech,20,3,combined,2,ok,1,3158.183,0,,
l4-095-nl-manufacturer,20,3,combined,2,ok,1,4165.725,0,,
l4-096-nz-digital-platform,20,3,combined,2,ok,1,30172.694,3,5786,3435
l4-097-nz-automated-hiring,20,3,combined,2,ok,1,40569.548,4,7518,4178
l4-099-nz-fintech,20,3,combined,2,ok,1,36943.026,2,18660,3462
l4-100-nz-manufacturer,20,3,combined,2,ok,1,57871.583,3,11538,7956
l1-001-jp,20,3,direct,4,ok,1,49417.034,4,7288,7288
l1-002-jp,20,3,direct,4,ok,1,71579.09,2,10180,10180
l1-003-jp,20,3,direct,4,ok,1,67968.638,1,9238,9238
l1-005-jp,20,3,direct,4,ok,1,78838.993,4,2426,2426
l1-010-us,20,3,direct,4,ok,1,31387.111,2,14100,14100
l1-012-cn,20,3,direct,4,ok,1,59689.566,2,6783,6783
l1-013-cn,20,3,direct,4,ok,1,65886.831,1,6991,6991
l1-018-de,20,3,direct,4,ok,1,77723.571,2,9933,9933
l1-019-de,20,3,direct,4,ok,1,82457.76,1,23400,23400
l1-023-fr,20,3,direct,4,ok,1,86377.56,1,26211,26211
l1-024-fr,20,3,direct,4,ok,1,61575.086,3,17877,17877
l1-025-fr,20,3,direct,4,ok,1,83047.15,4,13199,13199
l1-027-uk,20,3,direct,4,ok,1,59743.432,2,6148,6148
l1-031-ca,20,3,direct,4,ok,1,59080.628,4,9753,9753
l1-032-ca,20,3,direct,4,ok,1,47878.8,1,2328,2328
l1-033-ca,20,3,direct,4,ok,1,77484.519,3,7197,7197
l1-035-ca,20,3,direct,4,ok,1,80034.413,1,9148,9148
l1-036-au,20,3,direct,4,ok,1,77319.373,5,23747,23747
l1-037-au,20,3,direct,4,ok,1,67699.874,2,6135,6135
l1-038-au,20,3,direct,4,ok,1,59709.033,5,27052,27052
l1-039-au,20,3,direct,4,ok,1,49985.067,1,10110,10110
l1-040-au,20,3,direct,4,ok,1,53054.157,3,24374,24374
l1-041-sg,20,3,direct,4,ok,1,62640.658,1,17319,17319
l1-042-sg,20,3,direct,4,ok,1,71276.527,2,18165,18165
l1-044-sg,20,3,direct,4,ok,1,51205.893,3,10069,10069
l1-046-vn,20,3,direct,4,ok,1,50714.443,1,789,789
l1-049-vn,20,3,direct,4,ok,1,52109.903,2,19841,19841
l1-050-vn,20,3,direct,4,ok,1,61149.363,4,11069,11069
l1-051-th,20,3,direct,4,ok,1,54548.273,1,7247,7247
l1-052-th,20,3,direct,4,ok,1,82546.751,1,9447,9447
l1-053-th,20,3,direct,4,ok,1,98259.037,1,12821,12821
l1-054-th,20,3,direct,4,ok,1,91073.027,2,11230,11230
l1-055-th,20,3,direct,4,ok,1,50698.105,2,8940,8940
l1-059-id,20,3,direct,4,ok,1,89897.218,1,11312,11312
l1-060-id,20,3,direct,4,ok,1,56902.269,3,5611,5611
l1-062-my,20,3,direct,4,ok,1,75163.199,1,12785,12785
l1-065-my,20,3,direct,4,ok,1,73447.138,3,8238,8238
l1-068-ph,20,3,direct,4,ok,1,83798.251,1,17211,17211
l1-070-ph,20,3,direct,4,ok,1,40561.792,3,21636,21636
l1-075-in,20,3,direct,4,ok,1,101523.608,1,14522,14522
l1-078-br,20,3,direct,4,ok,1,53427.61,1,3690,3690
l1-081-es,20,3,direct,4,ok,1,77315.344,3,19919,19919
l1-082-es,20,3,direct,4,ok,1,56738.33,5,12552,12552
l1-085-es,20,3,direct,4,ok,1,71576.446,1,6458,6458
l1-091-nl,20,3,direct,4,ok,1,35686.329,0,,
l1-092-nl,20,3,direct,4,ok,1,35445.761,0,,
l1-094-nl,20,3,direct,4,ok,1,23545.703,0,,
l1-095-nl,20,3,direct,4,ok,1,31550.906,0,,
l1-097-nz,20,3,direct,4,ok,1,76721.114,3,11822,11822
l1-098-nz,20,3,direct,4,ok,1,63466.902,1,9519,9519
l2-001-jp-data-rights,20,3,direct,4,ok,1,77098.894,1,6424,6424
l2-002-jp-breach,20,3,direct,4,ok,1,47680.981,2,3885,3885
l2-003-jp-transfer,20,3,direct,4,ok,1,81175.363,2,13808,13808
l2-010-us-worker,20,3,direct,4,ok,1,38014.344,2,15612,15612
l2-013-cn-transfer,20,3,direct,4,ok,1,26602.84,1,12490,12490
l2-017-de-breach,20,3,direct,4,ok,1,58389.206,2,8722,8722
l2-022-fr-breach,20,3,direct,4,ok,1,56125.024,2,13589,13589
l2-024-fr-consumer,20,3,direct,4,ok,1,56387.762,3,18608,18608
l2-026-uk-data-rights,20,3,direct,4,ok,1,67869.544,3,3669,3669
l2-029-uk-consumer,20,3,direct,4,ok,1,62742.706,2,18523,18523
l2-034-ca-consumer,20,3,direct,4,ok,1,38545.366,1,4183,4183
l2-035-ca-worker,20,3,direct,4,ok,1,32542.081,2,12496,12496
l2-036-au-data-rights,20,3,direct,4,ok,1,56323.378,2,12681,12681
l2-038-au-transfer,20,3,direct,4,ok,1,56288.515,2,19625,19625
l2-039-au-consumer,20,3,direct,4,ok,1,51508.942,3,9500,9500
l2-040-au-worker,20,3,direct,4,ok,1,63692.779,2,4057,4057
l2-045-sg-worker,20,3,direct,4,ok,1,31171.892,1,11064,11064
l2-046-vn-data-rights,20,3,direct,4,ok,1,49461.639,2,11420,11420
l2-047-vn-breach,20,3,direct,4,ok,1,50785.213,5,11519,11519
l2-051-th-data-rights,20,3,direct,4,ok,1,79281.572,1,8705,8705
l2-052-th-breach,20,3,direct,4,ok,1,52357.415,2,7595,7595
l2-053-th-transfer,20,3,direct,4,ok,1,66738.398,1,10563,10563
l2-054-th-consumer,20,3,direct,4,ok,1,46885.11,2,5633,5633
l2-055-th-worker,20,3,direct,4,ok,1,31256.19,4,9356,9356
l2-056-id-data-rights,20,3,direct,4,ok,1,78742.933,1,7751,7751
l2-057-id-breach,20,3,direct,4,ok,1,56531.963,2,6847,6847
l2-060-id-worker,20,3,direct,4,ok,1,60282.535,1,11993,11993
l2-061-my-data-rights,20,3,direct,4,ok,1,66580.373,1,12630,12630
l2-064-my-consumer,20,3,direct,4,ok,1,53048.9,4,5533,5533
l2-066-ph-data-rights,20,3,direct,4,ok,1,54722.447,1,8395,8395
l2-067-ph-breach,20,3,direct,4,ok,1,35866.147,2,22463,22463
l2-068-ph-transfer,20,3,direct,4,ok,1,42835.387,1,17208,17208
l2-070-ph-worker,20,3,direct,4,ok,1,82932.341,1,15929,15929
l2-071-in-data-rights,20,3,direct,4,ok,1,37673.789,1,18462,18462
l2-072-in-breach,20,3,direct,4,ok,1,78968.465,2,14522,14522
l2-073-in-transfer,20,3,direct,4,ok,1,44603.267,2,13023,13023
l2-081-es-data-rights,20,3,direct,4,ok,1,91738.013,2,12888,12888
l2-082-es-breach,20,3,direct,4,ok,1,50053.76,3,13299,13299
l2-083-es-transfer,20,3,direct,4,ok,1,67448.972,2,23525,23525
l2-084-es-consumer,20,3,direct,4,ok,1,50467.556,4,19285,19285
l2-085-es-worker,20,3,direct,4,ok,1,61043.144,2,15956,15956
l2-086-it-data-rights,20,3,direct,4,ok,1,10895.827,0,,
l2-087-it-breach,20,3,direct,4,ok,1,5551.735,0,,
l2-088-it-transfer,20,3,direct,4,ok,1,15441.102,0,,
l2-089-it-consumer,20,3,direct,4,ok,1,4515.303,0,,
l2-090-it-worker,20,3,direct,4,ok,1,12621.518,0,,
l2-091-nl-data-rights,20,3,direct,4,ok,1,11253.403,0,,
l2-092-nl-breach,20,3,direct,4,ok,1,4008.992,0,,
l2-096-nz-data-rights,20,3,direct,4,ok,1,32721.52,3,10443,10443
l2-100-nz-worker,20,3,direct,4,ok,1,25829.38,3,5868,5868
l3-001-jp-transfer,20,3,direct,4,ok,1,144438.813,2,19781,19781
l3-002-jp-breach,20,3,direct,4,ok,1,54707.661,3,12712,12712
l3-005-jp-worker-ai,20,3,direct,4,ok,1,66392.127,4,4392,4392
l3-007-us-breach,20,3,direct,4,ok,1,96508.938,3,11809,11809
l3-008-us-consumer,20,3,direct,4,ok,1,55791.725,3,9845,9845
l3-010-us-worker-ai,20,3,direct,4,ok,1,51527.598,2,27006,27006
l3-011-cn-transfer,20,3,direct,4,ok,1,106561.324,3,10377,10377
l3-013-cn-consumer,20,3,direct,4,ok,1,70313.032,2,16079,16079
l3-014-cn-platform,20,3,direct,4,ok,1,91099.369,3,1482,1482
l3-015-cn-worker-ai,20,3,direct,4,ok,1,110926.895,2,8476,8476
l3-016-de-transfer,20,3,direct,4,ok,1,78071.716,2,13800,13800
l3-018-de-consumer,20,3,direct,4,ok,1,65614.29,6,10007,10007
l3-019-de-platform,20,3,direct,4,ok,1,88945.846,8,15399,15399
l3-020-de-worker-ai,20,3,direct,4,ok,1,80017.516,2,8368,8368
l3-023-fr-consumer,20,3,direct,4,ok,1,118401.118,3,6451,6451
l3-025-fr-worker-ai,20,3,direct,4,ok,1,89370.212,3,22180,22180
l3-026-uk-transfer,20,3,direct,4,ok,1,62896.195,3,13411,13411
l3-028-uk-consumer,20,3,direct,4,ok,1,91772.335,3,7451,7451
l3-030-uk-worker-ai,20,3,direct,4,ok,1,83383.129,4,14917,14917
l3-032-ca-breach,20,3,direct,4,ok,1,83664.664,7,10719,10719
l3-033-ca-consumer,20,3,direct,4,ok,1,63929.195,2,3365,3365
l3-037-au-breach,20,3,direct,4,ok,1,69665.865,2,15003,15003
l3-039-au-platform,20,3,direct,4,ok,1,155694.041,2,22450,22450
l3-041-sg-transfer,20,3,direct,4,ok,1,123324.489,2,20275,20275
l3-043-sg-consumer,20,3,direct,4,ok,1,80294.696,2,4226,4226
l3-045-sg-worker-ai,20,3,direct,4,ok,1,4545.861,0,,
l3-046-vn-transfer,20,3,direct,4,ok,1,102444.615,3,9992,9992
l3-047-vn-breach,20,3,direct,4,ok,1,110454.082,2,10719,10719
l3-053-th-consumer,20,3,direct,4,ok,1,79135.088,2,11856,11856
l3-054-th-platform,20,3,direct,4,ok,1,3104.847,0,,
l3-056-id-transfer,20,3,direct,4,ok,1,109079.706,2,11586,11586
l3-057-id-breach,20,3,direct,4,ok,1,93870.258,3,19466,19466
l3-058-id-consumer,20,3,direct,4,ok,1,82401.174,2,19316,19316
l3-059-id-platform,20,3,direct,4,ok,1,4359.74,0,,
l3-062-my-breach,20,3,direct,4,ok,1,85167.243,1,11749,11749
l3-063-my-consumer,20,3,direct,4,ok,1,8309.554,0,,
l3-065-my-worker-ai,20,3,direct,4,ok,1,105317.193,2,27006,27006
l3-066-ph-transfer,20,3,direct,4,ok,1,112276.865,2,16050,16050
l3-067-ph-breach,20,3,direct,4,ok,1,97428.616,2,13046,13046
l3-072-in-breach,20,3,direct,4,ok,1,12570.584,0,,
l3-073-in-consumer,20,3,direct,4,ok,1,40608.926,3,4404,4404
l3-075-in-worker-ai,20,3,direct,4,ok,1,60457.438,3,8366,8366
l3-078-br-consumer,20,3,direct,4,ok,1,100123.374,2,6798,6798
l3-079-br-platform,20,3,direct,4,ok,1,88321.253,2,1482,1482
l3-081-es-transfer,20,3,direct,4,ok,1,13775.23,0,,
l3-082-es-breach,20,3,direct,4,ok,1,172388.212,2,25082,25082
l3-088-it-consumer,20,3,direct,4,ok,1,3846.517,0,,
l3-092-nl-breach,20,3,direct,4,ok,1,2560.697,0,,
l3-098-nz-consumer,20,3,direct,4,ok,1,35063.33,3,7923,7923
l3-100-nz-worker-ai,20,3,direct,4,ok,1,166604.574,4,18432,18432
l4-001-jp-digital-platform,20,3,direct,4,ok,1,85518.116,3,14117,14117
l4-004-jp-fintech,20,3,direct,4,ok,1,54618.572,5,5369,5369
l4-008-us-online-sales,20,3,direct,4,ok,1,72820.463,2,9845,9845
l4-009-us-fintech,20,3,direct,4,ok,1,58288.218,6,12266,12266
l4-012-cn-automated-hiring,20,3,direct,4,ok,1,75598.798,5,8376,8376
l4-015-cn-manufacturer,20,3,direct,4,ok,1,62951.255,6,4731,4731
l4-016-de-digital-platform,20,3,direct,4,ok,1,42823.343,3,17609,17609
l4-020-de-manufacturer,20,3,direct,4,ok,1,46314.503,6,9280,9280
l4-021-fr-digital-platform,20,3,direct,4,ok,1,97743.129,2,21543,21543
l4-022-fr-automated-hiring,20,3,direct,4,ok,1,58284.286,4,27102,27102
l4-023-fr-online-sales,20,3,direct,4,ok,1,67983.013,4,19363,19363
l4-024-fr-fintech,20,3,direct,4,ok,1,78558.167,2,23838,23838
l4-027-uk-automated-hiring,20,3,direct,4,ok,1,44548.357,2,8976,8976
l4-029-uk-fintech,20,3,direct,4,ok,1,66063.43,3,6139,6139
l4-032-ca-automated-hiring,20,3,direct,4,ok,1,58953.587,4,15592,15592
l4-034-ca-fintech,20,3,direct,4,ok,1,48019.102,2,4181,4181
l4-036-au-digital-platform,20,3,direct,4,ok,1,69184.564,3,16258,16258
l4-038-au-online-sales,20,3,direct,4,ok,1,59387.213,1,9686,9686
l4-039-au-fintech,20,3,direct,4,ok,1,53989.211,3,15462,15462
l4-040-au-manufacturer,20,3,direct,4,ok,1,77005.298,4,8201,8201
l4-044-sg-fintech,20,3,direct,4,ok,1,75574.038,4,24359,24359
l4-045-sg-manufacturer,20,3,direct,4,ok,1,65331.756,5,12254,12254
l4-051-th-digital-platform,20,3,direct,4,ok,1,36665.99,1,11182,11182
l4-054-th-fintech,20,3,direct,4,ok,1,30282.636,3,3928,3928
l4-055-th-manufacturer,20,3,direct,4,ok,1,40989.339,3,2907,2907
l4-058-id-online-sales,20,3,direct,4,ok,1,69915.404,3,7197,7197
l4-059-id-fintech,20,3,direct,4,ok,1,97861.521,4,17321,17321
l4-063-my-online-sales,20,3,direct,4,ok,1,77687.489,3,5223,5223
l4-065-my-manufacturer,20,3,direct,4,ok,1,50233.806,2,4845,4845
l4-067-ph-automated-hiring,20,3,direct,4,ok,1,92266.484,3,5510,5510
l4-069-ph-fintech,20,3,direct,4,ok,1,80044.432,4,8266,8266
l4-070-ph-manufacturer,20,3,direct,4,ok,1,81609.602,8,8295,8295
l4-071-in-digital-platform,20,3,direct,4,ok,1,84950.673,2,22506,22506
l4-072-in-automated-hiring,20,3,direct,4,ok,1,58505.634,6,10554,10554
l4-075-in-manufacturer,20,3,direct,4,ok,1,48557.837,2,4668,4668
l4-080-br-manufacturer,20,3,direct,4,ok,1,55070.705,4,6429,6429
l4-081-es-digital-platform,20,3,direct,4,ok,1,76867.842,2,12843,12843
l4-082-es-automated-hiring,20,3,direct,4,ok,1,35768.194,1,16109,16109
l4-083-es-online-sales,20,3,direct,4,ok,1,66317.51,3,18634,18634
l4-088-it-online-sales,20,3,direct,4,ok,1,4566.815,0,,
l4-089-it-fintech,20,3,direct,4,ok,1,11428.766,0,,
l4-090-it-manufacturer,20,3,direct,4,ok,1,6761.692,0,,
l4-092-nl-automated-hiring,20,3,direct,4,ok,1,6122.462,0,,
l4-093-nl-online-sales,20,3,direct,4,ok,1,5106.537,0,,
l4-094-nl-fintech,20,3,direct,4,ok,1,4864.853,0,,
l4-095-nl-manufacturer,20,3,direct,4,ok,1,4572.66,0,,
l4-096-nz-digital-platform,20,3,direct,4,ok,1,48274.221,3,5786,5786
l4-097-nz-automated-hiring,20,3,direct,4,ok,1,59663.426,4,7518,7518
l4-099-nz-fintech,20,3,direct,4,ok,1,34327.692,2,18660,18660
l4-100-nz-manufacturer,20,3,direct,4,ok,1,98581.412,3,12102,12102
l1-001-jp,20,3,original,3,ok,1,46895.889,5,7288,7288
l1-002-jp,20,3,original,3,ok,1,74456.387,2,10180,10180
l1-003-jp,20,3,original,3,ok,1,72749.272,1,9238,9238
l1-005-jp,20,3,original,3,ok,1,72522.588,4,2426,2426
l1-010-us,20,3,original,3,ok,1,62376.876,2,14100,14100
l1-012-cn,20,3,original,3,ok,1,74083.816,2,6783,6783
l1-013-cn,20,3,original,3,ok,1,80262.652,1,6991,6991
l1-018-de,20,3,original,3,ok,1,71462.508,2,9933,9933
l1-019-de,20,3,original,3,ok,1,59005.806,1,23400,23400
l1-023-fr,20,3,original,3,ok,1,90250.084,1,26211,26211
l1-024-fr,20,3,original,3,ok,1,64334.124,3,17877,17877
l1-025-fr,20,3,original,3,ok,1,68920.999,4,13199,13199
l1-027-uk,20,3,original,3,ok,1,69142.19,2,6148,6148
l1-031-ca,20,3,original,3,ok,1,59843.488,4,9753,9753
l1-032-ca,20,3,original,3,ok,1,40533.875,1,2328,2328
l1-033-ca,20,3,original,3,ok,1,110494.684,3,7197,7197
l1-035-ca,20,3,original,3,ok,1,117451.146,1,9148,9148
l1-036-au,20,3,original,3,ok,1,76825.802,5,23747,23747
l1-037-au,20,3,original,3,ok,1,67101.647,2,6135,6135
l1-038-au,20,3,original,3,ok,1,72509.784,5,27052,27052
l1-039-au,20,3,original,3,ok,1,45088.464,1,10110,10110
l1-040-au,20,3,original,3,ok,1,68994.571,3,24374,24374
l1-041-sg,20,3,original,3,ok,1,81382.038,1,22558,22558
l1-042-sg,20,3,original,3,ok,1,72708.584,2,18165,18165
l1-044-sg,20,3,original,3,ok,1,60059.708,3,10069,10069
l1-046-vn,20,3,original,3,ok,1,50376.425,1,789,789
l1-049-vn,20,3,original,3,ok,1,63043.595,2,19841,19841
l1-050-vn,20,3,original,3,ok,1,59547.768,4,11069,11069
l1-051-th,20,3,original,3,ok,1,67705.177,1,7247,7247
l1-052-th,20,3,original,3,ok,1,61653.616,1,9447,9447
l1-053-th,20,3,original,3,ok,1,86308.886,1,12821,12821
l1-054-th,20,3,original,3,ok,1,95602.901,2,11230,11230
l1-055-th,20,3,original,3,ok,1,46647.05,2,8940,8940
l1-059-id,20,3,original,3,ok,1,92607.008,1,11312,11312
l1-060-id,20,3,original,3,ok,1,42692.945,3,4549,4549
l1-062-my,20,3,original,3,ok,1,101491.5,1,12785,12785
l1-065-my,20,3,original,3,ok,1,71637.918,3,8238,8238
l1-068-ph,20,3,original,3,ok,1,82820.784,1,17211,17211
l1-070-ph,20,3,original,3,ok,1,42933.048,3,21636,21636
l1-075-in,20,3,original,3,ok,1,81403.965,1,14522,14522
l1-078-br,20,3,original,3,ok,1,31996.735,1,3690,3690
l1-081-es,20,3,original,3,ok,1,75495.98,3,19919,19919
l1-082-es,20,3,original,3,ok,1,105552.815,5,12552,12552
l1-085-es,20,3,original,3,ok,1,64491.369,1,6458,6458
l1-091-nl,20,3,original,3,ok,1,24224.102,0,,
l1-092-nl,20,3,original,3,ok,1,43141.4,0,,
l1-094-nl,20,3,original,3,ok,1,24151.467,0,,
l1-095-nl,20,3,original,3,ok,1,34830.848,0,,
l1-097-nz,20,3,original,3,ok,1,86804.57,3,11822,11822
l1-098-nz,20,3,original,3,ok,1,50476.041,1,9519,9519
l2-001-jp-data-rights,20,3,original,3,ok,1,89985.865,1,7551,7551
l2-002-jp-breach,20,3,original,3,ok,1,50839.205,3,3106,3106
l2-003-jp-transfer,20,3,original,3,ok,1,70612.264,2,13808,13808
l2-010-us-worker,20,3,original,3,ok,1,42868.984,2,15612,15612
l2-013-cn-transfer,20,3,original,3,ok,1,48786.411,1,12490,12490
l2-017-de-breach,20,3,original,3,ok,1,49961.133,2,10433,10433
l2-022-fr-breach,20,3,original,3,ok,1,53497.969,2,14061,14061
l2-024-fr-consumer,20,3,original,3,ok,1,43725.545,3,18608,18608
l2-026-uk-data-rights,20,3,original,3,ok,1,69771.293,3,3669,3669
l2-029-uk-consumer,20,3,original,3,ok,1,64213.846,2,18523,18523
l2-034-ca-consumer,20,3,original,3,ok,1,33929.895,1,4183,4183
l2-035-ca-worker,20,3,original,3,ok,1,40450.716,2,12496,12496
l2-036-au-data-rights,20,3,original,3,ok,1,50741.851,2,12681,12681
l2-038-au-transfer,20,3,original,3,ok,1,54231.221,2,19625,19625
l2-039-au-consumer,20,3,original,3,ok,1,55838.996,3,9500,9500
l2-040-au-worker,20,3,original,3,ok,1,52488.386,2,4057,4057
l2-045-sg-worker,20,3,original,3,ok,1,38995.451,1,11064,11064
l2-046-vn-data-rights,20,3,original,3,ok,1,39570.095,2,11418,11418
l2-047-vn-breach,20,3,original,3,ok,1,62185.908,5,11515,11515
l2-051-th-data-rights,20,3,original,3,ok,1,69658.593,1,9181,9181
l2-052-th-breach,20,3,original,3,ok,1,46628.772,2,7597,7597
l2-053-th-transfer,20,3,original,3,ok,1,56364.974,1,10563,10563
l2-054-th-consumer,20,3,original,3,ok,1,51978.848,2,5633,5633
l2-055-th-worker,20,3,original,3,ok,1,39851.778,4,9356,9356
l2-056-id-data-rights,20,3,original,3,ok,1,81966.842,1,7438,7438
l2-057-id-breach,20,3,original,3,ok,1,46131.633,2,6847,6847
l2-060-id-worker,20,3,original,3,ok,1,74415.44,1,11993,11993
l2-061-my-data-rights,20,3,original,3,ok,1,56224.896,1,12630,12630
l2-064-my-consumer,20,3,original,3,ok,1,46194.478,4,5533,5533
l2-066-ph-data-rights,20,3,original,3,ok,1,51702.487,1,8395,8395
l2-067-ph-breach,20,3,original,3,ok,1,43130.922,2,22469,22469
l2-068-ph-transfer,20,3,original,3,ok,1,47966.702,1,17208,17208
l2-070-ph-worker,20,3,original,3,ok,1,91783.472,1,15929,15929
l2-071-in-data-rights,20,3,original,3,ok,1,55439.965,1,18470,18470
l2-072-in-breach,20,3,original,3,ok,1,66877.22,2,14524,14524
l2-073-in-transfer,20,3,original,3,ok,1,70330.951,2,13023,13023
l2-081-es-data-rights,20,3,original,3,ok,1,70160.486,2,12888,12888
l2-082-es-breach,20,3,original,3,ok,1,32195.698,3,13297,13297
l2-083-es-transfer,20,3,original,3,ok,1,59273.192,2,23525,23525
l2-084-es-consumer,20,3,original,3,ok,1,46287.988,4,19285,19285
l2-085-es-worker,20,3,original,3,ok,1,51204.044,2,15423,15423
l2-086-it-data-rights,20,3,original,3,ok,1,7705.714,0,,
l2-087-it-breach,20,3,original,3,ok,1,13169.604,0,,
l2-088-it-transfer,20,3,original,3,ok,1,7464.158,0,,
l2-089-it-consumer,20,3,original,3,ok,1,7134.318,0,,
l2-090-it-worker,20,3,original,3,ok,1,17702.705,0,,
l2-091-nl-data-rights,20,3,original,3,ok,1,3183.978,0,,
l2-092-nl-breach,20,3,original,3,ok,1,3982.855,0,,
l2-096-nz-data-rights,20,3,original,3,ok,1,30175.151,3,10443,10443
l2-100-nz-worker,20,3,original,3,ok,1,27595.192,3,7221,7221
l3-001-jp-transfer,20,3,original,3,ok,1,58070.962,1,7197,7197
l3-002-jp-breach,20,3,original,3,ok,1,143528.803,3,12714,12714
l3-005-jp-worker-ai,20,3,original,3,ok,1,61651.476,4,4392,4392
l3-007-us-breach,20,3,original,3,ok,1,73231.477,1,10073,10073
l3-008-us-consumer,20,3,original,3,ok,1,56885.977,3,9845,9845
l3-010-us-worker-ai,20,3,original,3,ok,1,90184.995,2,7175,7175
l3-011-cn-transfer,20,3,original,3,ok,1,96490.527,4,9089,9089
l3-013-cn-consumer,20,3,original,3,ok,1,72748.246,2,3970,3970
l3-014-cn-platform,20,3,original,3,ok,1,104418.069,2,12239,12239
l3-015-cn-worker-ai,20,3,original,3,ok,1,91398.754,2,8476,8476
l3-016-de-transfer,20,3,original,3,ok,1,97177.305,2,12755,12755
l3-018-de-consumer,20,3,original,3,ok,1,123058.72,6,10007,10007
l3-019-de-platform,20,3,original,3,ok,1,67071.173,7,12624,12624
l3-020-de-worker-ai,20,3,original,3,ok,1,111319.96,2,8368,8368
l3-023-fr-consumer,20,3,original,3,ok,1,110214.187,3,6451,6451
l3-025-fr-worker-ai,20,3,original,3,ok,1,108920.291,3,22180,22180
l3-026-uk-transfer,20,3,original,3,ok,1,61919.883,3,13411,13411
l3-028-uk-consumer,20,3,original,3,ok,1,88372.281,3,9665,9665
l3-030-uk-worker-ai,20,3,original,3,ok,1,84079.423,4,4292,4292
l3-032-ca-breach,20,3,original,3,ok,1,80041.463,7,14843,14843
l3-033-ca-consumer,20,3,original,3,ok,1,72612.844,2,3365,3365
l3-037-au-breach,20,3,original,3,ok,1,50768.862,3,5359,5359
l3-039-au-platform,20,3,original,3,ok,1,120145.763,2,22450,22450
l3-041-sg-transfer,20,3,original,3,ok,1,118615.069,2,13259,13259
l3-043-sg-consumer,20,3,original,3,ok,1,88172.553,2,4226,4226
l3-045-sg-worker-ai,20,3,original,3,ok,1,2838.383,0,,
l3-046-vn-transfer,20,3,original,3,ok,1,107823.422,2,9990,9990
l3-047-vn-breach,20,3,original,3,ok,1,102179.497,2,10725,10725
l3-053-th-consumer,20,3,original,3,ok,1,71142.995,2,11856,11856
l3-054-th-platform,20,3,original,3,ok,1,2525.079,0,,
l3-056-id-transfer,20,3,original,3,ok,1,87808.492,2,10146,10146
l3-057-id-breach,20,3,original,3,ok,1,89896.01,3,19470,19470
l3-058-id-consumer,20,3,original,3,ok,1,89865.339,2,19316,19316
l3-059-id-platform,20,3,original,3,ok,1,4698.663,0,,
l3-062-my-breach,20,3,original,3,ok,1,85868.01,1,10552,10552
l3-063-my-consumer,20,3,original,3,ok,1,4285.21,0,,
l3-065-my-worker-ai,20,3,original,3,ok,1,100971.829,2,27006,27006
l3-066-ph-transfer,20,3,original,3,ok,1,88784.495,3,15398,15398
l3-067-ph-breach,20,3,original,3,ok,1,90473.744,2,13040,13040
l3-072-in-breach,20,3,original,3,ok,1,10954.983,0,,
l3-073-in-consumer,20,3,original,3,ok,1,61552.1,3,4404,4404
l3-075-in-worker-ai,20,3,original,3,ok,1,57510.967,3,8368,8368
l3-078-br-consumer,20,3,original,3,ok,1,91475.921,2,6798,6798
l3-079-br-platform,20,3,original,3,ok,1,98287.97,1,1482,1482
l3-081-es-transfer,20,3,original,3,ok,1,15467.908,0,,
l3-082-es-breach,20,3,original,3,ok,1,164075.008,2,25408,25408
l3-088-it-consumer,20,3,original,3,ok,1,9611.564,0,,
l3-092-nl-breach,20,3,original,3,ok,1,3703.151,0,,
l3-098-nz-consumer,20,3,original,3,ok,1,55227.955,3,7923,7923
l3-100-nz-worker-ai,20,3,original,3,ok,1,173241.732,4,18432,18432
l4-001-jp-digital-platform,20,3,original,3,ok,1,79849.688,3,14117,14117
l4-004-jp-fintech,20,3,original,3,ok,1,57002.557,5,5371,5371
l4-008-us-online-sales,20,3,original,3,ok,1,53398.558,3,6820,6820
l4-009-us-fintech,20,3,original,3,ok,1,55359.38,6,12266,12266
l4-012-cn-automated-hiring,20,3,original,3,ok,1,76729.586,5,8376,8376
l4-015-cn-manufacturer,20,3,original,3,ok,1,55014.876,6,4731,4731
l4-016-de-digital-platform,20,3,original,3,ok,1,39147.387,3,17609,17609
l4-020-de-manufacturer,20,3,original,3,ok,1,44512.748,6,9282,9282
l4-021-fr-digital-platform,20,3,original,3,ok,1,89276.11,2,21543,21543
l4-022-fr-automated-hiring,20,3,original,3,ok,1,65648.328,4,26352,26352
l4-023-fr-online-sales,20,3,original,3,ok,1,69642.195,5,20826,20826
l4-024-fr-fintech,20,3,original,3,ok,1,83483.666,2,23838,23838
l4-027-uk-automated-hiring,20,3,original,3,ok,1,56983.933,2,7729,7729
l4-029-uk-fintech,20,3,original,3,ok,1,61133.304,3,6139,6139
l4-032-ca-automated-hiring,20,3,original,3,ok,1,94801.149,4,15592,15592
l4-034-ca-fintech,20,3,original,3,ok,1,46962.438,2,4169,4169
l4-036-au-digital-platform,20,3,original,3,ok,1,76791.512,3,16258,16258
l4-038-au-online-sales,20,3,original,3,ok,1,63342.343,1,9688,9688
l4-039-au-fintech,20,3,original,3,ok,1,57502.663,3,15464,15464
l4-040-au-manufacturer,20,3,original,3,ok,1,74929.91,4,6383,6383
l4-044-sg-fintech,20,3,original,3,ok,1,65550.097,3,25258,25258
l4-045-sg-manufacturer,20,3,original,3,ok,1,58242.135,3,2864,2864
l4-051-th-digital-platform,20,3,original,3,ok,1,43637.046,1,11182,11182
l4-054-th-fintech,20,3,original,3,ok,1,40708.213,3,3926,3926
l4-055-th-manufacturer,20,3,original,3,ok,1,51367.206,4,3390,3390
l4-058-id-online-sales,20,3,original,3,ok,1,75002.262,4,8239,8239
l4-059-id-fintech,20,3,original,3,ok,1,94394.114,4,17311,17311
l4-063-my-online-sales,20,3,original,3,ok,1,55958.198,3,5225,5225
l4-065-my-manufacturer,20,3,original,3,ok,1,87047.059,2,4845,4845
l4-067-ph-automated-hiring,20,3,original,3,ok,1,54263.257,3,5510,5510
l4-069-ph-fintech,20,3,original,3,ok,1,77632.305,4,8266,8266
l4-070-ph-manufacturer,20,3,original,3,ok,1,81694.296,9,7530,7530
l4-071-in-digital-platform,20,3,original,3,ok,1,101324.48,2,22506,22506
l4-072-in-automated-hiring,20,3,original,3,ok,1,62474.541,6,10554,10554
l4-075-in-manufacturer,20,3,original,3,ok,1,50226.972,2,4668,4668
l4-080-br-manufacturer,20,3,original,3,ok,1,56010.378,4,6510,6510
l4-081-es-digital-platform,20,3,original,3,ok,1,85491.632,2,12843,12843
l4-082-es-automated-hiring,20,3,original,3,ok,1,48407.541,1,16107,16107
l4-083-es-online-sales,20,3,original,3,ok,1,59795.775,3,19111,19111
l4-088-it-online-sales,20,3,original,3,ok,1,13225.24,0,,
l4-089-it-fintech,20,3,original,3,ok,1,4011.537,0,,
l4-090-it-manufacturer,20,3,original,3,ok,1,7414.477,0,,
l4-092-nl-automated-hiring,20,3,original,3,ok,1,9400.187,0,,
l4-093-nl-online-sales,20,3,original,3,ok,1,3697.232,0,,
l4-094-nl-fintech,20,3,original,3,ok,1,7427.663,0,,
l4-095-nl-manufacturer,20,3,original,3,ok,1,2497.357,0,,
l4-096-nz-digital-platform,20,3,original,3,ok,1,54328.252,3,5786,5786
l4-097-nz-automated-hiring,20,3,original,3,ok,1,53624.542,4,7518,7518
l4-099-nz-fintech,20,3,original,3,ok,1,56126.294,2,18660,18660
l4-100-nz-manufacturer,20,3,original,3,ok,1,94940.055,3,12098,12098
l1-001-jp,20,3,reduce,1,ok,1,75194.509,5,7288,4216
l1-002-jp,20,3,reduce,1,ok,1,55504.806,2,10180,5217
l1-003-jp,20,3,reduce,1,ok,1,61919.637,1,9238,6242
l1-005-jp,20,3,reduce,1,ok,1,66197.127,4,2426,1546
l1-010-us,20,3,reduce,1,ok,1,58005.9,2,14100,2578
l1-012-cn,20,3,reduce,1,ok,1,46567.282,2,6783,4146
l1-013-cn,20,3,reduce,1,ok,1,77410.269,1,6991,4371
l1-018-de,20,3,reduce,1,ok,1,63756.502,4,9933,4929
l1-019-de,20,3,reduce,1,ok,1,72341.687,3,23400,3735
l1-023-fr,20,3,reduce,1,ok,1,65648.907,1,26211,10039
l1-024-fr,20,3,reduce,1,ok,1,55505.158,2,17877,6432
l1-025-fr,20,3,reduce,1,ok,1,59360.142,2,13199,4235
l1-027-uk,20,3,reduce,1,ok,1,49993.829,2,6148,3677
l1-031-ca,20,3,reduce,1,ok,1,44885.154,4,9753,5724
l1-032-ca,20,3,reduce,1,ok,1,61391.475,1,2328,1327
l1-033-ca,20,3,reduce,1,ok,1,54444.641,3,7197,2079
l1-035-ca,20,3,reduce,1,ok,1,70545.075,1,9148,4466
l1-036-au,20,3,reduce,1,ok,1,84279.169,5,23747,3574
l1-037-au,20,3,reduce,1,ok,1,54818.344,2,6135,2823
l1-038-au,20,3,reduce,1,ok,1,52530.396,5,27052,5793
l1-039-au,20,3,reduce,1,ok,1,42652.282,1,10110,4894
l1-040-au,20,3,reduce,1,ok,1,55306.291,3,24374,4680
l1-041-sg,20,3,reduce,1,ok,1,66753.962,1,22558,8527
l1-042-sg,20,3,reduce,1,ok,1,75680.886,3,18165,6691
l1-044-sg,20,3,reduce,1,ok,1,46576.82,3,10069,3178
l1-046-vn,20,3,reduce,1,ok,1,28561.754,1,789,525
l1-049-vn,20,3,reduce,1,ok,1,97026.979,2,19841,7354
l1-050-vn,20,3,reduce,1,ok,1,51945.324,4,11069,5666
l1-051-th,20,3,reduce,1,ok,1,74722.799,1,7247,4600
l1-052-th,20,3,reduce,1,ok,1,48903.903,1,9447,5478
l1-053-th,20,3,reduce,1,ok,1,65724.111,1,12821,8136
l1-054-th,20,3,reduce,1,ok,1,52812.769,2,11230,6871
l1-055-th,20,3,reduce,1,ok,1,67651.73,2,8940,3102
l1-059-id,20,3,reduce,1,ok,1,60941.574,1,11312,6690
l1-060-id,20,3,reduce,1,ok,1,57618.704,3,4549,3081
l1-062-my,20,3,reduce,1,ok,1,45724.447,1,12785,8316
l1-065-my,20,3,reduce,1,ok,1,63935.014,3,8238,3940
l1-068-ph,20,3,reduce,1,ok,1,48001.614,1,17211,9658
l1-070-ph,20,3,reduce,1,ok,1,30756.504,3,21636,6843
l1-075-in,20,3,reduce,1,ok,1,67721.766,1,14522,11454
l1-078-br,20,3,reduce,1,ok,1,36725.06,1,3690,1546
l1-081-es,20,3,reduce,1,ok,1,61439.7,3,19919,10157
l1-082-es,20,3,reduce,1,ok,1,87846.18,5,12552,5945
l1-085-es,20,3,reduce,1,ok,1,87600.366,1,6458,2901
l1-091-nl,20,3,reduce,1,ok,1,15169.239,0,,
l1-092-nl,20,3,reduce,1,ok,1,20567.154,0,,
l1-094-nl,20,3,reduce,1,ok,1,13922.843,0,,
l1-095-nl,20,3,reduce,1,ok,1,17776.618,0,,
l1-097-nz,20,3,reduce,1,ok,1,68540.754,2,11822,4512
l1-098-nz,20,3,reduce,1,ok,1,75313.644,1,9519,2127
l2-001-jp-data-rights,20,3,reduce,1,ok,1,44615.65,1,6919,4331
l2-002-jp-breach,20,3,reduce,1,ok,1,29913.061,3,3108,2112
l2-003-jp-transfer,20,3,reduce,1,ok,1,43834.374,2,13808,5496
l2-010-us-worker,20,3,reduce,1,ok,1,44756.475,2,15612,5228
l2-013-cn-transfer,20,3,reduce,1,ok,1,37430.327,1,12490,6712
l2-017-de-breach,20,3,reduce,1,ok,1,36117.457,2,10431,5163
l2-022-fr-breach,20,3,reduce,1,ok,1,53361.379,3,14059,5192
l2-024-fr-consumer,20,3,reduce,1,ok,1,49190.641,2,18610,6010
l2-026-uk-data-rights,20,3,reduce,1,ok,1,40474.884,3,3669,2426
l2-029-uk-consumer,20,3,reduce,1,ok,1,48186.257,2,18523,8843
l2-034-ca-consumer,20,3,reduce,1,ok,1,35812.245,1,4183,2205
l2-035-ca-worker,20,3,reduce,1,ok,1,25354.773,2,12496,4322
l2-036-au-data-rights,20,3,reduce,1,ok,1,33302.171,2,12681,4100
l2-038-au-transfer,20,3,reduce,1,ok,1,28802.023,2,19625,5758
l2-039-au-consumer,20,3,reduce,1,ok,1,42954.228,3,9500,4326
l2-040-au-worker,20,3,reduce,1,ok,1,47708.543,2,4057,2770
l2-045-sg-worker,20,3,reduce,1,ok,1,28813.625,1,11064,4423
l2-046-vn-data-rights,20,3,reduce,1,ok,1,45193.31,2,11418,5942
l2-047-vn-breach,20,3,reduce,1,ok,1,38782.801,4,10566,4230
l2-051-th-data-rights,20,3,reduce,1,ok,1,44625.341,1,9181,6443
l2-052-th-breach,20,3,reduce,1,ok,1,34670.072,2,7597,4614
l2-053-th-transfer,20,3,reduce,1,ok,1,46248.468,1,10563,7155
l2-054-th-consumer,20,3,reduce,1,ok,1,41152.593,2,5633,2751
l2-055-th-worker,20,3,reduce,1,ok,1,27861.447,2,9356,3416
l2-056-id-data-rights,20,3,reduce,1,ok,1,46183.227,1,7438,4222
l2-057-id-breach,20,3,reduce,1,ok,1,47525.201,2,6847,2599
l2-060-id-worker,20,3,reduce,1,ok,1,42148.883,1,11993,6920
l2-061-my-data-rights,20,3,reduce,1,ok,1,45705.232,1,12630,5604
l2-064-my-consumer,20,3,reduce,1,ok,1,38792.349,4,5533,2939
l2-066-ph-data-rights,20,3,reduce,1,ok,1,56179.9,1,8395,5135
l2-067-ph-breach,20,3,reduce,1,ok,1,30569.042,2,22469,8201
l2-068-ph-transfer,20,3,reduce,1,ok,1,40653.797,1,17208,7814
l2-070-ph-worker,20,3,reduce,1,ok,1,43968.851,1,15929,7460
l2-071-in-data-rights,20,3,reduce,1,ok,1,31585.074,1,18470,5881
l2-072-in-breach,20,3,reduce,1,ok,1,38341.461,3,14524,4193
l2-073-in-transfer,20,3,reduce,1,ok,1,23671.1,2,13023,4151
l2-081-es-data-rights,20,3,reduce,1,ok,1,40092.483,2,12890,7471
l2-082-es-breach,20,3,reduce,1,ok,1,25231.128,3,13297,2708
l2-083-es-transfer,20,3,reduce,1,ok,1,34055.685,2,23525,9554
l2-084-es-consumer,20,3,reduce,1,ok,1,44690.385,4,19285,7712
l2-085-es-worker,20,3,reduce,1,ok,1,41645.836,2,15423,7315
l2-086-it-data-rights,20,3,reduce,1,ok,1,9182.016,0,,
l2-087-it-breach,20,3,reduce,1,ok,1,2099.481,0,,
l2-088-it-transfer,20,3,reduce,1,ok,1,3407.335,0,,
l2-089-it-consumer,20,3,reduce,1,ok,1,4724.057,0,,
l2-090-it-worker,20,3,reduce,1,ok,1,2174.05,0,,
l2-091-nl-data-rights,20,3,reduce,1,ok,1,2491.439,0,,
l2-092-nl-breach,20,3,reduce,1,ok,1,4483.172,0,,
l2-096-nz-data-rights,20,3,reduce,1,ok,1,20723.91,2,10443,3245
l2-100-nz-worker,20,3,reduce,1,ok,1,24290.008,3,7221,4778
l3-001-jp-transfer,20,3,reduce,1,ok,1,120226.967,2,8091,3479
l3-002-jp-breach,20,3,reduce,1,ok,1,148781.51,3,12720,6670
l3-005-jp-worker-ai,20,3,reduce,1,ok,1,45558.767,2,4400,2110
l3-007-us-breach,20,3,reduce,1,ok,1,70426.644,3,10073,4196
l3-008-us-consumer,20,3,reduce,1,ok,1,63499.129,4,9845,4022
l3-010-us-worker-ai,20,3,reduce,1,ok,1,53977.853,2,6194,3090
l3-011-cn-transfer,20,3,reduce,1,ok,1,73403.514,4,10383,6390
l3-013-cn-consumer,20,3,reduce,1,ok,1,60956.519,2,3970,2777
l3-014-cn-platform,20,3,reduce,1,ok,1,84693.271,2,1482,703
l3-015-cn-worker-ai,20,3,reduce,1,ok,1,58834.525,3,8086,2740
l3-016-de-transfer,20,3,reduce,1,ok,1,64217.571,2,12757,5244
l3-018-de-consumer,20,3,reduce,1,ok,1,55698.961,4,10007,4403
l3-019-de-platform,20,3,reduce,1,ok,1,78102.201,4,15399,8337
l3-020-de-worker-ai,20,3,reduce,1,ok,1,65378.508,2,8364,3044
l3-023-fr-consumer,20,3,reduce,1,ok,1,102499.917,2,6451,2670
l3-025-fr-worker-ai,20,3,reduce,1,ok,1,75956.247,3,22367,11530
l3-026-uk-transfer,20,3,reduce,1,ok,1,52791.023,2,13407,2976
l3-028-uk-consumer,20,3,reduce,1,ok,1,62904.82,3,9667,5729
l3-030-uk-worker-ai,20,3,reduce,1,ok,1,46091.017,3,14921,4575
l3-032-ca-breach,20,3,reduce,1,ok,1,38495.744,6,8945,4052
l3-033-ca-consumer,20,3,reduce,1,ok,1,61568.783,2,3365,1653
l3-037-au-breach,20,3,reduce,1,ok,1,64775.672,2,15005,3682
l3-039-au-platform,20,3,reduce,1,ok,1,89745.933,2,22450,9632
l3-041-sg-transfer,20,3,reduce,1,ok,1,81044.818,3,27089,7735
l3-043-sg-consumer,20,3,reduce,1,ok,1,47606.128,2,14609,6916
l3-045-sg-worker-ai,20,3,reduce,1,ok,1,4771.134,0,,
l3-046-vn-transfer,20,3,reduce,1,ok,1,66910.358,3,10573,7155
l3-047-vn-breach,20,3,reduce,1,ok,1,79016.403,4,11753,6663
l3-053-th-consumer,20,3,reduce,1,ok,1,56564.259,2,11856,4671
l3-054-th-platform,20,3,reduce,1,ok,1,4041.71,0,,
l3-056-id-transfer,20,3,reduce,1,ok,1,62597.682,2,12638,5802
l3-057-id-breach,20,3,reduce,1,ok,1,55865.985,3,18911,7827
l3-058-id-consumer,20,3,reduce,1,ok,1,58835.146,2,6006,2671
l3-059-id-platform,20,3,reduce,1,ok,1,5024.571,0,,
l3-062-my-breach,20,3,reduce,1,ok,1,52080.116,1,11753,6663
l3-063-my-consumer,20,3,reduce,1,ok,1,5215.635,0,,
l3-065-my-worker-ai,20,3,reduce,1,ok,1,71819.451,2,27016,5954
l3-066-ph-transfer,20,3,reduce,1,ok,1,90508.41,2,11631,3197
l3-067-ph-breach,20,3,reduce,1,ok,1,67805.893,2,13046,5349
l3-072-in-breach,20,3,reduce,1,ok,1,4650.895,0,,
l3-073-in-consumer,20,3,reduce,1,ok,1,49159.468,3,4404,2535
l3-075-in-worker-ai,20,3,reduce,1,ok,1,47243.679,2,14921,4575
l3-078-br-consumer,20,3,reduce,1,ok,1,63106.9,2,6798,3460
l3-079-br-platform,20,3,reduce,1,ok,1,62200.049,1,1482,703
l3-081-es-transfer,20,3,reduce,1,ok,1,10238.838,0,,
l3-082-es-breach,20,3,reduce,1,ok,1,127408.012,2,24152,1913
l3-088-it-consumer,20,3,reduce,1,ok,1,4302.194,0,,
l3-092-nl-breach,20,3,reduce,1,ok,1,2660.583,0,,
l3-098-nz-consumer,20,3,reduce,1,ok,1,49811.146,3,7923,2982
l3-100-nz-worker-ai,20,3,reduce,1,ok,1,90123.385,5,18432,9322
l4-001-jp-digital-platform,20,3,reduce,1,ok,1,46078.057,3,16492,8532
l4-004-jp-fintech,20,3,reduce,1,ok,1,33370.758,4,4873,3085
l4-008-us-online-sales,20,3,reduce,1,ok,1,52534.654,4,6816,4576
l4-009-us-fintech,20,3,reduce,1,ok,1,44551.692,6,12266,4474
l4-012-cn-automated-hiring,20,3,reduce,1,ok,1,51005.352,5,7435,4966
l4-015-cn-manufacturer,20,3,reduce,1,ok,1,44943.937,6,4731,3238
l4-016-de-digital-platform,20,3,reduce,1,ok,1,24673.966,3,17611,3249
l4-020-de-manufacturer,20,3,reduce,1,ok,1,36776.259,5,9280,3598
l4-021-fr-digital-platform,20,3,reduce,1,ok,1,45795.256,2,21551,8921
l4-022-fr-automated-hiring,20,3,reduce,1,ok,1,38876.177,3,22817,6973
l4-023-fr-online-sales,20,3,reduce,1,ok,1,45507.593,5,19363,8204
l4-024-fr-fintech,20,3,reduce,1,ok,1,41477.86,1,24408,8153
l4-027-uk-automated-hiring,20,3,reduce,1,ok,1,40174.045,2,9464,5783
l4-029-uk-fintech,20,3,reduce,1,ok,1,40102.997,3,6141,2202
l4-032-ca-automated-hiring,20,3,reduce,1,ok,1,59525.517,5,15592,6459
l4-034-ca-fintech,20,3,reduce,1,ok,1,42429.089,2,4179,1468
l4-036-au-digital-platform,20,3,reduce,1,ok,1,55333.286,3,16254,4874
l4-038-au-online-sales,20,3,reduce,1,ok,1,48457.302,1,9684,4649
l4-039-au-fintech,20,3,reduce,1,ok,1,42734.427,3,15470,4977
l4-040-au-manufacturer,20,3,reduce,1,ok,1,34890.633,4,8199,4113
l4-044-sg-fintech,20,3,reduce,1,ok,1,39157.773,4,24356,9085
l4-045-sg-manufacturer,20,3,reduce,1,ok,1,35345.112,3,2864,1827
l4-051-th-digital-platform,20,3,reduce,1,ok,1,30298.626,1,11933,7804
l4-054-th-fintech,20,3,reduce,1,ok,1,39046.836,3,3922,2666
l4-055-th-manufacturer,20,3,reduce,1,ok,1,29527.093,3,2907,1436
l4-058-id-online-sales,20,3,reduce,1,ok,1,35359.487,3,7753,4418
l4-059-id-fintech,20,3,reduce,1,ok,1,49827.412,4,18231,7305
l4-063-my-online-sales,20,3,reduce,1,ok,1,42238.796,3,5223,3468
l4-065-my-manufacturer,20,3,reduce,1,ok,1,32959.086,2,4845,3022
l4-067-ph-automated-hiring,20,3,reduce,1,ok,1,73386.56,3,5942,3560
l4-069-ph-fintech,20,3,reduce,1,ok,1,42226.652,3,8264,4289
l4-070-ph-manufacturer,20,3,reduce,1,ok,1,57202.303,8,8293,5373
l4-071-in-digital-platform,20,3,reduce,1,ok,1,41968.851,2,21014,9442
l4-072-in-automated-hiring,20,3,reduce,1,ok,1,242450.298,0,10554,3888
l4-075-in-manufacturer,20,3,reduce,1,ok,1,25334.143,2,4670,2731
l4-080-br-manufacturer,20,3,reduce,1,ok,1,59425.125,4,6427,4302
l4-081-es-digital-platform,20,3,reduce,1,ok,1,44277.771,2,12843,6199
l4-082-es-automated-hiring,20,3,reduce,1,ok,1,43654.625,1,13265,6347
l4-083-es-online-sales,20,3,reduce,1,ok,1,41780.205,2,12257,6648
l4-088-it-online-sales,20,3,reduce,1,ok,1,3850.603,0,,
l4-089-it-fintech,20,3,reduce,1,ok,1,2213.68,0,,
l4-090-it-manufacturer,20,3,reduce,1,ok,1,2340.67,0,,
l4-092-nl-automated-hiring,20,3,reduce,1,ok,1,3159.888,0,,
l4-093-nl-online-sales,20,3,reduce,1,ok,1,3616.909,0,,
l4-094-nl-fintech,20,3,reduce,1,ok,1,3016.71,0,,
l4-095-nl-manufacturer,20,3,reduce,1,ok,1,4350.829,0,,
l4-096-nz-digital-platform,20,3,reduce,1,ok,1,47591.998,3,5784,3435
l4-097-nz-automated-hiring,20,3,reduce,1,ok,1,46881.539,4,7034,3836
l4-099-nz-fintech,20,3,reduce,1,ok,1,43422.111,2,18660,3462
l4-100-nz-manufacturer,20,3,reduce,1,ok,1,42266.608,3,10026,6893
l1-001-jp,20,4,combined,1,ok,1,35273.344,5,7288,4216
l1-002-jp,20,4,combined,1,ok,1,49661.952,2,10180,5217
l1-003-jp,20,4,combined,1,ok,1,60942.107,1,9238,6242
l1-005-jp,20,4,combined,1,ok,1,47553.545,4,2426,1546
l1-010-us,20,4,combined,1,ok,1,57745.28,2,14100,2578
l1-012-cn,20,4,combined,1,ok,1,35350.971,2,6783,4146
l1-013-cn,20,4,combined,1,ok,1,108930.291,1,6991,4371
l1-018-de,20,4,combined,1,ok,1,38752.44,4,9933,4929
l1-019-de,20,4,combined,1,ok,1,44607.403,3,23400,3735
l1-023-fr,20,4,combined,1,ok,1,59557.133,1,26211,10039
l1-024-fr,20,4,combined,1,ok,1,66539.779,2,17877,6432
l1-025-fr,20,4,combined,1,ok,1,38135.962,2,13199,4235
l1-027-uk,20,4,combined,1,ok,1,77943.154,2,6148,3677
l1-031-ca,20,4,combined,1,ok,1,44901.795,4,9753,5724
l1-032-ca,20,4,combined,1,ok,1,53352.266,1,2328,1327
l1-033-ca,20,4,combined,1,ok,1,64367.971,3,7197,2079
l1-035-ca,20,4,combined,1,ok,1,47014.912,1,9148,4466
l1-036-au,20,4,combined,1,ok,1,31523.436,5,23747,3574
l1-037-au,20,4,combined,1,ok,1,33317.448,2,6135,2823
l1-038-au,20,4,combined,1,ok,1,66459.453,6,7030,4009
l1-039-au,20,4,combined,1,ok,1,38145.701,1,10110,4894
l1-040-au,20,4,combined,1,ok,1,67171.853,3,24374,4680
l1-041-sg,20,4,combined,1,ok,1,47895.381,1,22558,8527
l1-042-sg,20,4,combined,1,ok,1,77422.277,3,18165,6691
l1-044-sg,20,4,combined,1,ok,1,51686.088,3,10069,3178
l1-046-vn,20,4,combined,1,ok,1,35234.454,1,789,525
l1-049-vn,20,4,combined,1,ok,1,60108.202,2,3499,2125
l1-050-vn,20,4,combined,1,ok,1,56467.897,4,11069,5666
l1-051-th,20,4,combined,1,ok,1,59168.166,1,7247,4600
l1-052-th,20,4,combined,1,ok,1,54237.609,1,9447,5478
l1-053-th,20,4,combined,1,ok,1,48466.337,1,12821,8136
l1-054-th,20,4,combined,1,ok,1,82366.066,2,11230,6871
l1-055-th,20,4,combined,1,ok,1,50454.24,2,8940,3102
l1-059-id,20,4,combined,1,ok,1,56094.071,1,11312,6690
l1-060-id,20,4,combined,1,ok,1,48688.619,3,4549,3081
l1-062-my,20,4,combined,1,ok,1,45002.71,1,12785,8316
l1-065-my,20,4,combined,1,ok,1,59897.863,3,8238,3940
l1-068-ph,20,4,combined,1,ok,1,36246.851,1,17211,9658
l1-070-ph,20,4,combined,1,ok,1,51041.65,3,21636,6843
l1-075-in,20,4,combined,1,ok,1,66463.811,1,14522,11454
l1-078-br,20,4,combined,1,ok,1,35246.767,1,3690,1546
l1-081-es,20,4,combined,1,ok,1,53166.007,3,19919,10157
l1-082-es,20,4,combined,1,ok,1,37454.958,5,12552,5945
l1-085-es,20,4,combined,1,ok,1,36834.414,1,6458,2901
l1-091-nl,20,4,combined,1,ok,1,17676.926,0,,
l1-092-nl,20,4,combined,1,ok,1,16733.85,0,,
l1-094-nl,20,4,combined,1,ok,1,25958.575,0,,
l1-095-nl,20,4,combined,1,ok,1,24886.013,0,,
l1-097-nz,20,4,combined,1,ok,1,68580.974,2,11822,4512
l1-098-nz,20,4,combined,1,ok,1,37182.496,1,9519,2127
l2-001-jp-data-rights,20,4,combined,1,ok,1,28362.796,1,6913,4331
l2-002-jp-breach,20,4,combined,1,ok,1,39360.22,3,3106,2112
l2-003-jp-transfer,20,4,combined,1,ok,1,27786.93,2,13808,5496
l2-010-us-worker,20,4,combined,1,ok,1,42377.232,2,15612,5228
l2-013-cn-transfer,20,4,combined,1,ok,1,28006.213,1,12490,6712
l2-017-de-breach,20,4,combined,1,ok,1,28876.747,2,10435,5163
l2-022-fr-breach,20,4,combined,1,ok,1,39549.812,3,14077,5192
l2-024-fr-consumer,20,4,combined,1,ok,1,29583.302,2,18608,6010
l2-026-uk-data-rights,20,4,combined,1,ok,1,33459.526,3,3671,2426
l2-029-uk-consumer,20,4,combined,1,ok,1,49752.421,2,18523,8843
l2-034-ca-consumer,20,4,combined,1,ok,1,26506.936,1,4183,2205
l2-035-ca-worker,20,4,combined,1,ok,1,30238.066,2,12496,4322
l2-036-au-data-rights,20,4,combined,1,ok,1,33660.216,3,13397,4573
l2-038-au-transfer,20,4,combined,1,ok,1,33730.397,2,19625,5758
l2-039-au-consumer,20,4,combined,1,ok,1,32448.413,3,9500,4326
l2-040-au-worker,20,4,combined,1,ok,1,37612.855,2,4057,2770
l2-045-sg-worker,20,4,combined,1,ok,1,33565.494,1,11064,4423
l2-046-vn-data-rights,20,4,combined,1,ok,1,29871.158,2,11420,5942
l2-047-vn-breach,20,4,combined,1,ok,1,35868.306,4,10564,4230
l2-051-th-data-rights,20,4,combined,1,ok,1,36756.003,1,8705,6118
l2-052-th-breach,20,4,combined,1,ok,1,31491.297,2,7599,4614
l2-053-th-transfer,20,4,combined,1,ok,1,37833.014,1,10563,7155
l2-054-th-consumer,20,4,combined,1,ok,1,35436.446,2,5633,2751
l2-055-th-worker,20,4,combined,1,ok,1,33087.158,2,9356,3416
l2-056-id-data-rights,20,4,combined,1,ok,1,34790.76,1,7751,4420
l2-057-id-breach,20,4,combined,1,ok,1,30877.924,2,6849,2599
l2-060-id-worker,20,4,combined,1,ok,1,55355.139,1,11993,6920
l2-061-my-data-rights,20,4,combined,1,ok,1,43369.617,1,12115,5226
l2-064-my-consumer,20,4,combined,1,ok,1,33652.253,4,5533,2939
l2-066-ph-data-rights,20,4,combined,1,ok,1,38572.87,1,8389,5135
l2-067-ph-breach,20,4,combined,1,ok,1,33784.81,2,22467,8201
l2-068-ph-transfer,20,4,combined,1,ok,1,38512.443,1,17208,7814
l2-070-ph-worker,20,4,combined,1,ok,1,45133.87,1,15929,7460
l2-071-in-data-rights,20,4,combined,1,ok,1,32820.898,1,18462,5881
l2-072-in-breach,20,4,combined,1,ok,1,32318.209,3,15304,4648
l2-073-in-transfer,20,4,combined,1,ok,1,26144.491,2,13023,4151
l2-081-es-data-rights,20,4,combined,1,ok,1,41552.981,2,12886,7471
l2-082-es-breach,20,4,combined,1,ok,1,25235.052,3,13299,2708
l2-083-es-transfer,20,4,combined,1,ok,1,33787.246,2,23525,9554
l2-084-es-consumer,20,4,combined,1,ok,1,31721.902,4,19285,7712
l2-085-es-worker,20,4,combined,1,ok,1,32153.623,2,15956,7871
l2-086-it-data-rights,20,4,combined,1,ok,1,3699.058,0,,
l2-087-it-breach,20,4,combined,1,ok,1,4663.979,0,,
l2-088-it-transfer,20,4,combined,1,ok,1,3292.172,0,,
l2-089-it-consumer,20,4,combined,1,ok,1,5290.027,0,,
l2-090-it-worker,20,4,combined,1,ok,1,4775.572,0,,
l2-091-nl-data-rights,20,4,combined,1,ok,1,6019.698,0,,
l2-092-nl-breach,20,4,combined,1,ok,1,3297.629,0,,
l2-096-nz-data-rights,20,4,combined,1,ok,1,22015.485,2,10443,3245
l2-100-nz-worker,20,4,combined,1,ok,1,21365.129,3,7221,4778
l3-001-jp-transfer,20,4,combined,1,ok,1,150537.028,2,9552,3845
l3-002-jp-breach,20,4,combined,1,ok,1,129611.319,3,12714,6670
l3-005-jp-worker-ai,20,4,combined,1,ok,1,45711.89,2,4404,2110
l3-007-us-breach,20,4,combined,1,ok,1,66389.401,2,10071,4196
l3-008-us-consumer,20,4,combined,1,ok,1,47155.91,4,9845,4022
l3-010-us-worker-ai,20,4,combined,1,ok,1,33571.236,2,27012,5954
l3-011-cn-transfer,20,4,combined,1,ok,1,66883.05,3,12753,5244
l3-013-cn-consumer,20,4,combined,1,ok,1,38372.208,2,3970,2777
l3-014-cn-platform,20,4,combined,1,ok,1,65135.655,4,12239,5376
l3-015-cn-worker-ai,20,4,combined,1,ok,1,59452.305,2,8470,2983
l3-016-de-transfer,20,4,combined,1,ok,1,60613.984,2,17981,6479
l3-018-de-consumer,20,4,combined,1,ok,1,52003.764,4,10007,4403
l3-019-de-platform,20,4,combined,1,ok,1,67755.734,5,12624,6939
l3-020-de-worker-ai,20,4,combined,1,ok,1,56385.013,2,8364,3044
l3-023-fr-consumer,20,4,combined,1,ok,1,81977.349,3,6451,2670
l3-025-fr-worker-ai,20,4,combined,1,ok,1,51174.925,3,22178,11364
l3-026-uk-transfer,20,4,combined,1,ok,1,63578.273,3,13740,5163
l3-028-uk-consumer,20,4,combined,1,ok,1,62386.184,3,7451,4280
l3-030-uk-worker-ai,20,4,combined,1,ok,1,58770.687,3,14921,4575
l3-032-ca-breach,20,4,combined,1,ok,1,48318.447,6,10197,4509
l3-033-ca-consumer,20,4,combined,1,ok,1,43392.566,2,6006,2671
l3-037-au-breach,20,4,combined,1,ok,1,54781.546,2,15001,3682
l3-039-au-platform,20,4,combined,1,ok,1,71576.344,2,22450,9632
l3-041-sg-transfer,20,4,combined,1,ok,1,86846.434,2,27083,7735
l3-043-sg-consumer,20,4,combined,1,ok,1,53825.209,2,4226,2147
l3-045-sg-worker-ai,20,4,combined,1,ok,1,3837.939,0,,
l3-046-vn-transfer,20,4,combined,1,ok,1,73303.512,3,27087,7735
l3-047-vn-breach,20,4,combined,1,ok,1,76231.937,4,8210,3522
l3-053-th-consumer,20,4,combined,1,ok,1,57044.447,2,11856,4671
l3-054-th-platform,20,4,combined,1,ok,1,6755.367,0,,
l3-056-id-transfer,20,4,combined,1,ok,1,53802.001,2,16208,6250
l3-057-id-breach,20,4,combined,1,ok,1,54619.355,3,18913,7827
l3-058-id-consumer,20,4,combined,1,ok,1,42381.779,2,19316,6975
l3-059-id-platform,20,4,combined,1,ok,1,3662.92,0,,
l3-062-my-breach,20,4,combined,1,ok,1,52266.942,1,11753,6663
l3-063-my-consumer,20,4,combined,1,ok,1,4587.708,0,,
l3-065-my-worker-ai,20,4,combined,1,ok,1,69581.21,2,20735,5521
l3-066-ph-transfer,20,4,combined,1,ok,1,63798.002,3,16058,4995
l3-067-ph-breach,20,4,combined,1,ok,1,65124.219,2,25088,10350
l3-072-in-breach,20,4,combined,1,ok,1,5020.241,0,,
l3-073-in-consumer,20,4,combined,1,ok,1,42547.157,3,4404,2535
l3-075-in-worker-ai,20,4,combined,1,ok,1,36144.912,2,14921,4575
l3-078-br-consumer,20,4,combined,1,ok,1,77620.701,2,6798,3460
l3-079-br-platform,20,4,combined,1,ok,1,69564.772,2,1482,703
l3-081-es-transfer,20,4,combined,1,ok,1,4716.439,0,,
l3-082-es-breach,20,4,combined,1,ok,1,116145.039,2,24152,1913
l3-088-it-consumer,20,4,combined,1,ok,1,4995.719,0,,
l3-092-nl-breach,20,4,combined,1,ok,1,6126.699,0,,
l3-098-nz-consumer,20,4,combined,1,ok,1,33986.78,3,7923,2982
l3-100-nz-worker-ai,20,4,combined,1,ok,1,81762.021,5,18428,9322
l4-001-jp-digital-platform,20,4,combined,1,ok,1,53871.014,3,14133,7100
l4-004-jp-fintech,20,4,combined,1,ok,1,38731.845,5,5369,3439
l4-008-us-online-sales,20,4,combined,1,ok,1,39195.015,3,9843,4759
l4-009-us-fintech,20,4,combined,1,ok,1,44618.958,6,12266,4474
l4-012-cn-automated-hiring,20,4,combined,1,ok,1,70737.643,5,7839,5213
l4-015-cn-manufacturer,20,4,combined,1,ok,1,34947.341,6,4731,3238
l4-016-de-digital-platform,20,4,combined,1,ok,1,30258.004,3,17609,3249
l4-020-de-manufacturer,20,4,combined,1,ok,1,32106.114,5,5343,2579
l4-021-fr-digital-platform,20,4,combined,1,ok,1,44554.947,2,21547,8921
l4-022-fr-automated-hiring,20,4,combined,1,ok,1,35575.23,3,22819,6973
l4-023-fr-online-sales,20,4,combined,1,ok,1,42608.065,5,19367,8204
l4-024-fr-fintech,20,4,combined,1,ok,1,40800.132,1,20890,7223
l4-027-uk-automated-hiring,20,4,combined,1,ok,1,46418.062,2,7727,4346
l4-029-uk-fintech,20,4,combined,1,ok,1,34567.222,3,6141,2202
l4-032-ca-automated-hiring,20,4,combined,1,ok,1,49314.979,5,15596,6459
l4-034-ca-fintech,20,4,combined,1,ok,1,33170.251,2,4179,1468
l4-036-au-digital-platform,20,4,combined,1,ok,1,42764.181,3,16796,5267
l4-038-au-online-sales,20,4,combined,1,ok,1,40218.442,1,9684,4649
l4-039-au-fintech,20,4,combined,1,ok,1,42480.22,3,15470,4977
l4-040-au-manufacturer,20,4,combined,1,ok,1,49483.571,4,8199,4113
l4-044-sg-fintech,20,4,combined,1,ok,1,40470.008,4,24362,9085
l4-045-sg-manufacturer,20,4,combined,1,ok,1,26380.464,3,2864,1827
l4-051-th-digital-platform,20,4,combined,1,ok,1,42360.257,3,11176,7301
l4-054-th-fintech,20,4,combined,1,ok,1,34383.958,3,3924,2666
l4-055-th-manufacturer,20,4,combined,1,ok,1,37033.398,3,2907,1436
l4-058-id-online-sales,20,4,combined,1,ok,1,35642.763,3,8321,4835
l4-059-id-fintech,20,4,combined,1,ok,1,42801.141,4,17761,6970
l4-063-my-online-sales,20,4,combined,1,ok,1,37807.473,3,5223,3468
l4-065-my-manufacturer,20,4,combined,1,ok,1,35804.996,2,4845,3022
l4-067-ph-automated-hiring,20,4,combined,1,ok,1,45444.009,3,5508,3273
l4-069-ph-fintech,20,4,combined,1,ok,1,60198.609,3,8262,4289
l4-070-ph-manufacturer,20,4,combined,1,ok,1,45513.889,8,8293,5373
l4-071-in-digital-platform,20,4,combined,1,ok,1,42434.147,2,22516,10524
l4-072-in-automated-hiring,20,4,combined,1,ok,1,59538.723,5,10554,3888
l4-075-in-manufacturer,20,4,combined,1,ok,1,28300.937,2,4666,2731
l4-080-br-manufacturer,20,4,combined,1,ok,1,42229.911,4,6429,4302
l4-081-es-digital-platform,20,4,combined,1,ok,1,45380.262,2,12843,6199
l4-082-es-automated-hiring,20,4,combined,1,ok,1,33566.26,1,16103,8398
l4-083-es-online-sales,20,4,combined,1,ok,1,73039.183,3,14189,7133
l4-088-it-online-sales,20,4,combined,1,ok,1,5100.67,0,,
l4-089-it-fintech,20,4,combined,1,ok,1,4832.589,0,,
l4-090-it-manufacturer,20,4,combined,1,ok,1,5409.874,0,,
l4-092-nl-automated-hiring,20,4,combined,1,ok,1,3549.805,0,,
l4-093-nl-online-sales,20,4,combined,1,ok,1,4390.478,0,,
l4-094-nl-fintech,20,4,combined,1,ok,1,2072.597,0,,
l4-095-nl-manufacturer,20,4,combined,1,ok,1,1979.405,0,,
l4-096-nz-digital-platform,20,4,combined,1,ok,1,30012.165,3,5786,3435
l4-097-nz-automated-hiring,20,4,combined,1,ok,1,46137.066,4,7518,4178
l4-099-nz-fintech,20,4,combined,1,ok,1,37723.49,2,18660,3462
l4-100-nz-manufacturer,20,4,combined,1,ok,1,47192.699,3,11538,7956
l1-001-jp,20,4,direct,3,ok,1,72073.044,5,7288,7288
l1-002-jp,20,4,direct,3,ok,1,65050.54,2,10180,10180
l1-003-jp,20,4,direct,3,ok,1,86008.116,1,9238,9238
l1-005-jp,20,4,direct,3,ok,1,63269.669,4,2426,2426
l1-010-us,20,4,direct,3,ok,1,28371.551,2,14100,14100
l1-012-cn,20,4,direct,3,ok,1,66801.841,2,6783,6783
l1-013-cn,20,4,direct,3,ok,1,58654.046,1,6991,6991
l1-018-de,20,4,direct,3,ok,1,53388.035,2,9933,9933
l1-019-de,20,4,direct,3,ok,1,54211.171,1,23400,23400
l1-023-fr,20,4,direct,3,ok,1,82747.186,1,26211,26211
l1-024-fr,20,4,direct,3,ok,1,52432.665,3,17877,17877
l1-025-fr,20,4,direct,3,ok,1,43817.184,4,13199,13199
l1-027-uk,20,4,direct,3,ok,1,71503.799,2,6148,6148
l1-031-ca,20,4,direct,3,ok,1,45192.219,4,9753,9753
l1-032-ca,20,4,direct,3,ok,1,44752.361,1,2328,2328
l1-033-ca,20,4,direct,3,ok,1,54730.799,3,7197,7197
l1-035-ca,20,4,direct,3,ok,1,74965.207,1,9148,9148
l1-036-au,20,4,direct,3,ok,1,69726.126,5,23747,23747
l1-037-au,20,4,direct,3,ok,1,39443.552,2,6135,6135
l1-038-au,20,4,direct,3,ok,1,69242.255,5,27052,27052
l1-039-au,20,4,direct,3,ok,1,41583.597,1,10110,10110
l1-040-au,20,4,direct,3,ok,1,58940.888,3,24374,24374
l1-041-sg,20,4,direct,3,ok,1,63284.641,1,22558,22558
l1-042-sg,20,4,direct,3,ok,1,106149.983,2,18165,18165
l1-044-sg,20,4,direct,3,ok,1,69861.596,3,10069,10069
l1-046-vn,20,4,direct,3,ok,1,30286.89,1,789,789
l1-049-vn,20,4,direct,3,ok,1,72911.171,2,19841,19841
l1-050-vn,20,4,direct,3,ok,1,53692.218,4,11069,11069
l1-051-th,20,4,direct,3,ok,1,64272.746,1,7247,7247
l1-052-th,20,4,direct,3,ok,1,68309.305,1,9447,9447
l1-053-th,20,4,direct,3,ok,1,71617.937,1,12821,12821
l1-054-th,20,4,direct,3,ok,1,97353.75,2,11230,11230
l1-055-th,20,4,direct,3,ok,1,55339.653,2,8940,8940
l1-059-id,20,4,direct,3,ok,1,92401.719,1,11312,11312
l1-060-id,20,4,direct,3,ok,1,41079.702,3,4549,4549
l1-062-my,20,4,direct,3,ok,1,111302.824,1,12785,12785
l1-065-my,20,4,direct,3,ok,1,65317.291,3,8238,8238
l1-068-ph,20,4,direct,3,ok,1,76056.866,1,17211,17211
l1-070-ph,20,4,direct,3,ok,1,48443.296,3,21636,21636
l1-075-in,20,4,direct,3,ok,1,69826.175,1,14522,14522
l1-078-br,20,4,direct,3,ok,1,28632.159,1,3690,3690
l1-081-es,20,4,direct,3,ok,1,88683.444,3,19919,19919
l1-082-es,20,4,direct,3,ok,1,53321.167,5,12552,12552
l1-085-es,20,4,direct,3,ok,1,62676.309,1,6458,6458
l1-091-nl,20,4,direct,3,ok,1,24481.702,0,,
l1-092-nl,20,4,direct,3,ok,1,23115.025,0,,
l1-094-nl,20,4,direct,3,ok,1,32307.375,0,,
l1-095-nl,20,4,direct,3,ok,1,24270.537,0,,
l1-097-nz,20,4,direct,3,ok,1,43087.279,3,11822,11822
l1-098-nz,20,4,direct,3,ok,1,41576.977,1,9519,9519
l2-001-jp-data-rights,20,4,direct,3,ok,1,55212.148,1,6424,6424
l2-002-jp-breach,20,4,direct,3,ok,1,50450.671,2,3885,3885
l2-003-jp-transfer,20,4,direct,3,ok,1,68489.739,2,13808,13808
l2-010-us-worker,20,4,direct,3,ok,1,42008.606,4,15612,15612
l2-013-cn-transfer,20,4,direct,3,ok,1,46722.031,1,12490,12490
l2-017-de-breach,20,4,direct,3,ok,1,56891.713,2,8722,8722
l2-022-fr-breach,20,4,direct,3,ok,1,49671.282,2,13589,13589
l2-024-fr-consumer,20,4,direct,3,ok,1,54121.342,3,18608,18608
l2-026-uk-data-rights,20,4,direct,3,ok,1,59469.52,3,3669,3669
l2-029-uk-consumer,20,4,direct,3,ok,1,58646.594,2,18523,18523
l2-034-ca-consumer,20,4,direct,3,ok,1,38287.976,1,4183,4183
l2-035-ca-worker,20,4,direct,3,ok,1,44656.148,2,12496,12496
l2-036-au-data-rights,20,4,direct,3,ok,1,55430.17,2,12681,12681
l2-038-au-transfer,20,4,direct,3,ok,1,49572.686,2,19625,19625
l2-039-au-consumer,20,4,direct,3,ok,1,52951.642,3,9500,9500
l2-040-au-worker,20,4,direct,3,ok,1,55459.347,2,4057,4057
l2-045-sg-worker,20,4,direct,3,ok,1,36170.419,1,11064,11064
l2-046-vn-data-rights,20,4,direct,3,ok,1,62479.972,5,10286,10286
l2-047-vn-breach,20,4,direct,3,ok,1,51545.751,5,11519,11519
l2-051-th-data-rights,20,4,direct,3,ok,1,55351.379,1,8705,8705
l2-052-th-breach,20,4,direct,3,ok,1,51141.115,2,7595,7595
l2-053-th-transfer,20,4,direct,3,ok,1,60979.913,1,10563,10563
l2-054-th-consumer,20,4,direct,3,ok,1,49308.019,2,5633,5633
l2-055-th-worker,20,4,direct,3,ok,1,60168.907,4,9356,9356
l2-056-id-data-rights,20,4,direct,3,ok,1,82082.974,1,7751,7751
l2-057-id-breach,20,4,direct,3,ok,1,52682.937,2,6847,6847
l2-060-id-worker,20,4,direct,3,ok,1,85138.617,1,11993,11993
l2-061-my-data-rights,20,4,direct,3,ok,1,58550.08,1,12630,12630
l2-064-my-consumer,20,4,direct,3,ok,1,52752.87,4,5533,5533
l2-066-ph-data-rights,20,4,direct,3,ok,1,54566.011,1,8395,8395
l2-067-ph-breach,20,4,direct,3,ok,1,39811.818,2,22463,22463
l2-068-ph-transfer,20,4,direct,3,ok,1,41571.348,1,17208,17208
l2-070-ph-worker,20,4,direct,3,ok,1,110135.997,1,15929,15929
l2-071-in-data-rights,20,4,direct,3,ok,1,46893.905,1,18462,18462
l2-072-in-breach,20,4,direct,3,ok,1,53813.117,2,14522,14522
l2-073-in-transfer,20,4,direct,3,ok,1,32330.013,2,13023,13023
l2-081-es-data-rights,20,4,direct,3,ok,1,79934.154,2,12890,12890
l2-082-es-breach,20,4,direct,3,ok,1,31232.457,3,13299,13299
l2-083-es-transfer,20,4,direct,3,ok,1,56671.322,2,23525,23525
l2-084-es-consumer,20,4,direct,3,ok,1,58435.346,4,19285,19285
l2-085-es-worker,20,4,direct,3,ok,1,53873.131,2,15956,15956
l2-086-it-data-rights,20,4,direct,3,ok,1,13177.656,0,,
l2-087-it-breach,20,4,direct,3,ok,1,14249.26,0,,
l2-088-it-transfer,20,4,direct,3,ok,1,7315.08,0,,
l2-089-it-consumer,20,4,direct,3,ok,1,5077.791,0,,
l2-090-it-worker,20,4,direct,3,ok,1,11201.275,0,,
l2-091-nl-data-rights,20,4,direct,3,ok,1,5028.533,0,,
l2-092-nl-breach,20,4,direct,3,ok,1,3239.634,0,,
l2-096-nz-data-rights,20,4,direct,3,ok,1,27795.855,3,10443,10443
l2-100-nz-worker,20,4,direct,3,ok,1,27389.597,3,7221,7221
l3-001-jp-transfer,20,4,direct,3,ok,1,175769.801,2,7997,7997
l3-002-jp-breach,20,4,direct,3,ok,1,154611.171,4,12712,12712
l3-005-jp-worker-ai,20,4,direct,3,ok,1,74014.664,4,4392,4392
l3-007-us-breach,20,4,direct,3,ok,1,129186.193,3,11809,11809
l3-008-us-consumer,20,4,direct,3,ok,1,54342.544,3,9845,9845
l3-010-us-worker-ai,20,4,direct,3,ok,1,61660.367,2,7175,7175
l3-011-cn-transfer,20,4,direct,3,ok,1,104484.026,3,9980,9980
l3-013-cn-consumer,20,4,direct,3,ok,1,74259.865,2,16079,16079
l3-014-cn-platform,20,4,direct,3,ok,1,103282.621,4,12239,12239
l3-015-cn-worker-ai,20,4,direct,3,ok,1,112815.774,2,8476,8476
l3-016-de-transfer,20,4,direct,3,ok,1,92265.281,2,17981,17981
l3-018-de-consumer,20,4,direct,3,ok,1,110052.915,6,10007,10007
l3-019-de-platform,20,4,direct,3,ok,1,80966.555,8,15399,15399
l3-020-de-worker-ai,20,4,direct,3,ok,1,89871.582,2,8368,8368
l3-023-fr-consumer,20,4,direct,3,ok,1,94408.965,3,18723,18723
l3-025-fr-worker-ai,20,4,direct,3,ok,1,111227.772,2,22180,22180
l3-026-uk-transfer,20,4,direct,3,ok,1,72884.845,3,13411,13411
l3-028-uk-consumer,20,4,direct,3,ok,1,83656.51,3,7451,7451
l3-030-uk-worker-ai,20,4,direct,3,ok,1,74326.59,4,4292,4292
l3-032-ca-breach,20,4,direct,3,ok,1,81686.592,7,13164,13164
l3-033-ca-consumer,20,4,direct,3,ok,1,73934.791,2,3365,3365
l3-037-au-breach,20,4,direct,3,ok,1,77653.246,2,5400,5400
l3-039-au-platform,20,4,direct,3,ok,1,137230.619,2,22450,22450
l3-041-sg-transfer,20,4,direct,3,ok,1,124806.722,3,20275,20275
l3-043-sg-consumer,20,4,direct,3,ok,1,80579.071,2,4226,4226
l3-045-sg-worker-ai,20,4,direct,3,ok,1,2651.412,0,,
l3-046-vn-transfer,20,4,direct,3,ok,1,110230.279,2,20275,20275
l3-047-vn-breach,20,4,direct,3,ok,1,113535.003,2,10719,10719
l3-053-th-consumer,20,4,direct,3,ok,1,79406.752,2,11856,11856
l3-054-th-platform,20,4,direct,3,ok,1,5020.223,0,,
l3-056-id-transfer,20,4,direct,3,ok,1,103528.912,1,12070,12070
l3-057-id-breach,20,4,direct,3,ok,1,86498.57,3,19466,19466
l3-058-id-consumer,20,4,direct,3,ok,1,64772.01,2,19316,19316
l3-059-id-platform,20,4,direct,3,ok,1,4063.459,0,,
l3-062-my-breach,20,4,direct,3,ok,1,79543.201,1,10558,10558
l3-063-my-consumer,20,4,direct,3,ok,1,4393.795,0,,
l3-065-my-worker-ai,20,4,direct,3,ok,1,106214.774,2,27008,27008
l3-066-ph-transfer,20,4,direct,3,ok,1,112101.862,2,16050,16050
l3-067-ph-breach,20,4,direct,3,ok,1,97979.854,2,13046,13046
l3-072-in-breach,20,4,direct,3,ok,1,9806.439,0,,
l3-073-in-consumer,20,4,direct,3,ok,1,39716.775,3,4404,4404
l3-075-in-worker-ai,20,4,direct,3,ok,1,58491.193,3,8368,8368
l3-078-br-consumer,20,4,direct,3,ok,1,97624.213,2,6798,6798
l3-079-br-platform,20,4,direct,3,ok,1,102693.651,1,18698,18698
l3-081-es-transfer,20,4,direct,3,ok,1,13543.963,0,,
l3-082-es-breach,20,4,direct,3,ok,1,148430.933,2,25082,25082
l3-088-it-consumer,20,4,direct,3,ok,1,11497.797,0,,
l3-092-nl-breach,20,4,direct,3,ok,1,13935.974,0,,
l3-098-nz-consumer,20,4,direct,3,ok,1,42513.539,3,7923,7923
l3-100-nz-worker-ai,20,4,direct,3,ok,1,112470.889,5,18432,18432
l4-001-jp-digital-platform,20,4,direct,3,ok,1,78587.736,3,14131,14131
l4-004-jp-fintech,20,4,direct,3,ok,1,42865.755,5,5369,5369
l4-008-us-online-sales,20,4,direct,3,ok,1,52552.381,2,9845,9845
l4-009-us-fintech,20,4,direct,3,ok,1,52279.5,6,12266,12266
l4-012-cn-automated-hiring,20,4,direct,3,ok,1,81341.828,5,8376,8376
l4-015-cn-manufacturer,20,4,direct,3,ok,1,62821.121,6,4731,4731
l4-016-de-digital-platform,20,4,direct,3,ok,1,32425.037,3,17609,17609
l4-020-de-manufacturer,20,4,direct,3,ok,1,32305.561,5,5341,5341
l4-021-fr-digital-platform,20,4,direct,3,ok,1,89667.285,2,21543,21543
l4-022-fr-automated-hiring,20,4,direct,3,ok,1,59322.233,4,27102,27102
l4-023-fr-online-sales,20,4,direct,3,ok,1,63639.379,4,19363,19363
l4-024-fr-fintech,20,4,direct,3,ok,1,77079.263,2,23838,23838
l4-027-uk-automated-hiring,20,4,direct,3,ok,1,42289.65,2,9462,9462
l4-029-uk-fintech,20,4,direct,3,ok,1,89373.674,3,6139,6139
l4-032-ca-automated-hiring,20,4,direct,3,ok,1,84170.528,4,15592,15592
l4-034-ca-fintech,20,4,direct,3,ok,1,52252.219,2,4181,4181
l4-036-au-digital-platform,20,4,direct,3,ok,1,59538.854,3,16258,16258
l4-038-au-online-sales,20,4,direct,3,ok,1,69536.939,1,9686,9686
l4-039-au-fintech,20,4,direct,3,ok,1,47165.342,3,15474,15474
l4-040-au-manufacturer,20,4,direct,3,ok,1,75408.906,4,8201,8201
l4-044-sg-fintech,20,4,direct,3,ok,1,72904.785,4,24359,24359
l4-045-sg-manufacturer,20,4,direct,3,ok,1,53897.907,3,2864,2864
l4-051-th-digital-platform,20,4,direct,3,ok,1,53512.5,1,11182,11182
l4-054-th-fintech,20,4,direct,3,ok,1,46513.158,3,3928,3928
l4-055-th-manufacturer,20,4,direct,3,ok,1,66009.739,6,6138,6138
l4-058-id-online-sales,20,4,direct,3,ok,1,44576.23,3,7197,7197
l4-059-id-fintech,20,4,direct,3,ok,1,92225.747,4,17321,17321
l4-063-my-online-sales,20,4,direct,3,ok,1,59211.365,3,5223,5223
l4-065-my-manufacturer,20,4,direct,3,ok,1,88256.101,2,4845,4845
l4-067-ph-automated-hiring,20,4,direct,3,ok,1,69447.055,3,5510,5510
l4-069-ph-fintech,20,4,direct,3,ok,1,68998.487,4,8266,8266
l4-070-ph-manufacturer,20,4,direct,3,ok,1,81654.574,8,8295,8295
l4-071-in-digital-platform,20,4,direct,3,ok,1,87266.329,2,22506,22506
l4-072-in-automated-hiring,20,4,direct,3,ok,1,55037.411,6,10554,10554
l4-075-in-manufacturer,20,4,direct,3,ok,1,31559.21,2,4668,4668
l4-080-br-manufacturer,20,4,direct,3,ok,1,69174.795,4,6429,6429
l4-081-es-digital-platform,20,4,direct,3,ok,1,87321.446,2,12843,12843
l4-082-es-automated-hiring,20,4,direct,3,ok,1,45113.204,1,16109,16109
l4-083-es-online-sales,20,4,direct,3,ok,1,65366.724,2,15176,15176
l4-088-it-online-sales,20,4,direct,3,ok,1,11990.608,0,,
l4-089-it-fintech,20,4,direct,3,ok,1,6189.053,0,,
l4-090-it-manufacturer,20,4,direct,3,ok,1,8886.451,0,,
l4-092-nl-automated-hiring,20,4,direct,3,ok,1,3600.105,0,,
l4-093-nl-online-sales,20,4,direct,3,ok,1,5442.422,0,,
l4-094-nl-fintech,20,4,direct,3,ok,1,7693.711,0,,
l4-095-nl-manufacturer,20,4,direct,3,ok,1,2677.882,0,,
l4-096-nz-digital-platform,20,4,direct,3,ok,1,44356.659,3,5786,5786
l4-097-nz-automated-hiring,20,4,direct,3,ok,1,50855.61,4,7518,7518
l4-099-nz-fintech,20,4,direct,3,ok,1,46856.662,2,18660,18660
l4-100-nz-manufacturer,20,4,direct,3,ok,1,100020.276,3,12102,12102
l1-001-jp,20,4,original,2,ok,1,55037.89,4,7288,7288
l1-002-jp,20,4,original,2,ok,1,64863.543,2,10180,10180
l1-003-jp,20,4,original,2,ok,1,74055.894,1,9238,9238
l1-005-jp,20,4,original,2,ok,1,67001.724,4,2426,2426
l1-010-us,20,4,original,2,ok,1,49745.984,2,14100,14100
l1-012-cn,20,4,original,2,ok,1,65653.538,2,6783,6783
l1-013-cn,20,4,original,2,ok,1,67397.453,1,6991,6991
l1-018-de,20,4,original,2,ok,1,95626.549,2,9933,9933
l1-019-de,20,4,original,2,ok,1,59443.164,1,23400,23400
l1-023-fr,20,4,original,2,ok,1,85151.965,1,26211,26211
l1-024-fr,20,4,original,2,ok,1,57877.815,3,17877,17877
l1-025-fr,20,4,original,2,ok,1,73035.28,4,13199,13199
l1-027-uk,20,4,original,2,ok,1,46202.192,2,6148,6148
l1-031-ca,20,4,original,2,ok,1,57953.013,4,9753,9753
l1-032-ca,20,4,original,2,ok,1,49572.966,1,2328,2328
l1-033-ca,20,4,original,2,ok,1,55875.545,3,7197,7197
l1-035-ca,20,4,original,2,ok,1,73925.535,1,9148,9148
l1-036-au,20,4,original,2,ok,1,62367.267,5,23747,23747
l1-037-au,20,4,original,2,ok,1,56253.335,2,6135,6135
l1-038-au,20,4,original,2,ok,1,56941.832,5,27052,27052
l1-039-au,20,4,original,2,ok,1,43231.008,1,10110,10110
l1-040-au,20,4,original,2,ok,1,73030.72,3,24374,24374
l1-041-sg,20,4,original,2,ok,1,79129.142,1,22558,22558
l1-042-sg,20,4,original,2,ok,1,57270.152,2,18165,18165
l1-044-sg,20,4,original,2,ok,1,55802.932,3,10069,10069
l1-046-vn,20,4,original,2,ok,1,40929.593,1,789,789
l1-049-vn,20,4,original,2,ok,1,64653.232,2,19841,19841
l1-050-vn,20,4,original,2,ok,1,55602.912,4,11069,11069
l1-051-th,20,4,original,2,ok,1,72223.053,1,7247,7247
l1-052-th,20,4,original,2,ok,1,77545.23,1,9447,9447
l1-053-th,20,4,original,2,ok,1,75814.675,1,12821,12821
l1-054-th,20,4,original,2,ok,1,87713.605,2,11230,11230
l1-055-th,20,4,original,2,ok,1,62784.374,2,8940,8940
l1-059-id,20,4,original,2,ok,1,92710.184,1,11312,11312
l1-060-id,20,4,original,2,ok,1,53550.906,3,4549,4549
l1-062-my,20,4,original,2,ok,1,96217.733,1,12785,12785
l1-065-my,20,4,original,2,ok,1,69979.151,3,8238,8238
l1-068-ph,20,4,original,2,ok,1,74681.926,1,17211,17211
l1-070-ph,20,4,original,2,ok,1,36704.904,3,21636,21636
l1-075-in,20,4,original,2,ok,1,90900.626,1,14522,14522
l1-078-br,20,4,original,2,ok,1,56909.828,1,3690,3690
l1-081-es,20,4,original,2,ok,1,73708.875,3,19919,19919
l1-082-es,20,4,original,2,ok,1,59196.601,5,12552,12552
l1-085-es,20,4,original,2,ok,1,58092.169,1,6458,6458
l1-091-nl,20,4,original,2,ok,1,30129.084,0,,
l1-092-nl,20,4,original,2,ok,1,29786.059,0,,
l1-094-nl,20,4,original,2,ok,1,24470.222,0,,
l1-095-nl,20,4,original,2,ok,1,22821.357,0,,
l1-097-nz,20,4,original,2,ok,1,67853.598,3,11822,11822
l1-098-nz,20,4,original,2,ok,1,43063.043,1,9519,9519
l2-001-jp-data-rights,20,4,original,2,ok,1,57348.49,1,6424,6424
l2-002-jp-breach,20,4,original,2,ok,1,55612.513,3,3106,3106
l2-003-jp-transfer,20,4,original,2,ok,1,67258.7,2,13808,13808
l2-010-us-worker,20,4,original,2,ok,1,69244.444,4,15612,15612
l2-013-cn-transfer,20,4,original,2,ok,1,42012.754,1,12490,12490
l2-017-de-breach,20,4,original,2,ok,1,46073.987,2,10433,10433
l2-022-fr-breach,20,4,original,2,ok,1,68539.777,2,14061,14061
l2-024-fr-consumer,20,4,original,2,ok,1,39102.353,3,18610,18610
l2-026-uk-data-rights,20,4,original,2,ok,1,58635.464,3,3669,3669
l2-029-uk-consumer,20,4,original,2,ok,1,61754.363,2,18523,18523
l2-034-ca-consumer,20,4,original,2,ok,1,24594.744,1,4183,4183
l2-035-ca-worker,20,4,original,2,ok,1,37039.493,2,12496,12496
l2-036-au-data-rights,20,4,original,2,ok,1,50870.137,2,12681,12681
l2-038-au-transfer,20,4,original,2,ok,1,53035.826,2,19625,19625
l2-039-au-consumer,20,4,original,2,ok,1,56590.271,3,9500,9500
l2-040-au-worker,20,4,original,2,ok,1,61641.815,2,4057,4057
l2-045-sg-worker,20,4,original,2,ok,1,41352.019,1,11064,11064
l2-046-vn-data-rights,20,4,original,2,ok,1,66504.782,5,10286,10286
l2-047-vn-breach,20,4,original,2,ok,1,56345.999,5,11515,11515
l2-051-th-data-rights,20,4,original,2,ok,1,74946.575,2,8262,8262
l2-052-th-breach,20,4,original,2,ok,1,46219.125,2,7597,7597
l2-053-th-transfer,20,4,original,2,ok,1,80664.973,1,10563,10563
l2-054-th-consumer,20,4,original,2,ok,1,50643.238,2,5633,5633
l2-055-th-worker,20,4,original,2,ok,1,32108.558,4,9356,9356
l2-056-id-data-rights,20,4,original,2,ok,1,87569.684,1,7438,7438
l2-057-id-breach,20,4,original,2,ok,1,54598.317,2,7821,7821
l2-060-id-worker,20,4,original,2,ok,1,66733.83,1,11993,11993
l2-061-my-data-rights,20,4,original,2,ok,1,48526.856,1,12630,12630
l2-064-my-consumer,20,4,original,2,ok,1,52048.398,4,5533,5533
l2-066-ph-data-rights,20,4,original,2,ok,1,58512.053,1,8395,8395
l2-067-ph-breach,20,4,original,2,ok,1,34153.719,2,22469,22469
l2-068-ph-transfer,20,4,original,2,ok,1,49271.484,1,17208,17208
l2-070-ph-worker,20,4,original,2,ok,1,102438.687,1,15929,15929
l2-071-in-data-rights,20,4,original,2,ok,1,58037.795,1,18470,18470
l2-072-in-breach,20,4,original,2,ok,1,48280.151,2,14524,14524
l2-073-in-transfer,20,4,original,2,ok,1,39952.923,2,13023,13023
l2-081-es-data-rights,20,4,original,2,ok,1,80826.364,2,12890,12890
l2-082-es-breach,20,4,original,2,ok,1,32628.108,3,13297,13297
l2-083-es-transfer,20,4,original,2,ok,1,64847.88,2,23525,23525
l2-084-es-consumer,20,4,original,2,ok,1,53323.071,4,19285,19285
l2-085-es-worker,20,4,original,2,ok,1,55933.386,2,15956,15956
l2-086-it-data-rights,20,4,original,2,ok,1,4250.84,0,,
l2-087-it-breach,20,4,original,2,ok,1,10037.615,0,,
l2-088-it-transfer,20,4,original,2,ok,1,10097.007,0,,
l2-089-it-consumer,20,4,original,2,ok,1,15897.345,0,,
l2-090-it-worker,20,4,original,2,ok,1,3878.298,0,,
l2-091-nl-data-rights,20,4,original,2,ok,1,10282.946,0,,
l2-092-nl-breach,20,4,original,2,ok,1,3511.377,0,,
l2-096-nz-data-rights,20,4,original,2,ok,1,29351.759,3,10443,10443
l2-100-nz-worker,20,4,original,2,ok,1,31320.59,3,7221,7221
l3-001-jp-transfer,20,4,original,2,ok,1,175538.539,2,7197,7197
l3-002-jp-breach,20,4,original,2,ok,1,223664.542,4,12716,12716
l3-005-jp-worker-ai,20,4,original,2,ok,1,73221.134,4,4392,4392
l3-007-us-breach,20,4,original,2,ok,1,100822.972,3,10071,10071
l3-008-us-consumer,20,4,original,2,ok,1,56195.054,3,9845,9845
l3-010-us-worker-ai,20,4,original,2,ok,1,87868.108,2,7175,7175
l3-011-cn-transfer,20,4,original,2,ok,1,91447.379,4,12755,12755
l3-013-cn-consumer,20,4,original,2,ok,1,65466.863,2,3970,3970
l3-014-cn-platform,20,4,original,2,ok,1,91244.113,2,12239,12239
l3-015-cn-worker-ai,20,4,original,2,ok,1,99779.46,2,8476,8476
l3-016-de-transfer,20,4,original,2,ok,1,89220.92,2,12755,12755
l3-018-de-consumer,20,4,original,2,ok,1,63089.273,6,10007,10007
l3-019-de-platform,20,4,original,2,ok,1,68401.713,7,12624,12624
l3-020-de-worker-ai,20,4,original,2,ok,1,92812.351,2,13017,13017
l3-023-fr-consumer,20,4,original,2,ok,1,124259.841,3,18723,18723
l3-025-fr-worker-ai,20,4,original,2,ok,1,89900.078,3,14343,14343
l3-026-uk-transfer,20,4,original,2,ok,1,86219.793,4,13411,13411
l3-028-uk-consumer,20,4,original,2,ok,1,88662.2,3,7451,7451
l3-030-uk-worker-ai,20,4,original,2,ok,1,84620.91,4,4292,4292
l3-032-ca-breach,20,4,original,2,ok,1,69502.185,7,14843,14843
l3-033-ca-consumer,20,4,original,2,ok,1,63378.469,2,3365,3365
l3-037-au-breach,20,4,original,2,ok,1,75950.966,3,5359,5359
l3-039-au-platform,20,4,original,2,ok,1,114114.229,2,22450,22450
l3-041-sg-transfer,20,4,original,2,ok,1,112156.629,2,20275,20275
l3-043-sg-consumer,20,4,original,2,ok,1,73275.411,2,4226,4226
l3-045-sg-worker-ai,20,4,original,2,ok,1,8547.809,0,,
l3-046-vn-transfer,20,4,original,2,ok,1,118642.745,2,9990,9990
l3-047-vn-breach,20,4,original,2,ok,1,99516.491,3,10201,10201
l3-053-th-consumer,20,4,original,2,ok,1,71775.191,2,11856,11856
l3-054-th-platform,20,4,original,2,ok,1,2867.654,0,,
l3-056-id-transfer,20,4,original,2,ok,1,87509.734,2,10146,10146
l3-057-id-breach,20,4,original,2,ok,1,86039.883,3,19544,19544
l3-058-id-consumer,20,4,original,2,ok,1,74307.839,2,19316,19316
l3-059-id-platform,20,4,original,2,ok,1,4261.354,0,,
l3-062-my-breach,20,4,original,2,ok,1,73878.261,1,11222,11222
l3-063-my-consumer,20,4,original,2,ok,1,4366.392,0,,
l3-065-my-worker-ai,20,4,original,2,ok,1,96437.217,2,27008,27008
l3-066-ph-transfer,20,4,original,2,ok,1,89777.947,3,15398,15398
l3-067-ph-breach,20,4,original,2,ok,1,82924.783,2,25086,25086
l3-072-in-breach,20,4,original,2,ok,1,9648.721,0,,
l3-073-in-consumer,20,4,original,2,ok,1,47233.083,3,4404,4404
l3-075-in-worker-ai,20,4,original,2,ok,1,56646.369,3,8368,8368
l3-078-br-consumer,20,4,original,2,ok,1,101428.516,2,6798,6798
l3-079-br-platform,20,4,original,2,ok,1,103471.641,2,1482,1482
l3-081-es-transfer,20,4,original,2,ok,1,9985.377,0,,
l3-082-es-breach,20,4,original,2,ok,1,150891.248,2,24804,24804
l3-088-it-consumer,20,4,original,2,ok,1,13161.64,0,,
l3-092-nl-breach,20,4,original,2,ok,1,2493.134,0,,
l3-098-nz-consumer,20,4,original,2,ok,1,68936.902,3,7923,7923
l3-100-nz-worker-ai,20,4,original,2,ok,1,178470.916,4,18432,18432
l4-001-jp-digital-platform,20,4,original,2,ok,1,77197.58,3,14131,14131
l4-004-jp-fintech,20,4,original,2,ok,1,45312.836,5,5371,5371
l4-008-us-online-sales,20,4,original,2,ok,1,51508.573,3,6820,6820
l4-009-us-fintech,20,4,original,2,ok,1,57445.469,6,12266,12266
l4-012-cn-automated-hiring,20,4,original,2,ok,1,72579.977,5,8376,8376
l4-015-cn-manufacturer,20,4,original,2,ok,1,62283.469,6,4731,4731
l4-016-de-digital-platform,20,4,original,2,ok,1,37273.161,3,17609,17609
l4-020-de-manufacturer,20,4,original,2,ok,1,41498.084,5,5341,5341
l4-021-fr-digital-platform,20,4,original,2,ok,1,85524.851,2,21543,21543
l4-022-fr-automated-hiring,20,4,original,2,ok,1,60681.373,4,26352,26352
l4-023-fr-online-sales,20,4,original,2,ok,1,63109.364,4,19359,19359
l4-024-fr-fintech,20,4,original,2,ok,1,77812.833,2,23838,23838
l4-027-uk-automated-hiring,20,4,original,2,ok,1,50151.179,2,7729,7729
l4-029-uk-fintech,20,4,original,2,ok,1,58600.948,3,6139,6139
l4-032-ca-automated-hiring,20,4,original,2,ok,1,118157.141,4,15592,15592
l4-034-ca-fintech,20,4,original,2,ok,1,60440.081,2,4169,4169
l4-036-au-digital-platform,20,4,original,2,ok,1,66282.896,3,16258,16258
l4-038-au-online-sales,20,4,original,2,ok,1,64980.564,2,7923,7923
l4-039-au-fintech,20,4,original,2,ok,1,52849.275,3,15464,15464
l4-040-au-manufacturer,20,4,original,2,ok,1,53043.979,4,6383,6383
l4-044-sg-fintech,20,4,original,2,ok,1,63294.592,3,25258,25258
l4-045-sg-manufacturer,20,4,original,2,ok,1,55810.231,3,2864,2864
l4-051-th-digital-platform,20,4,original,2,ok,1,41278.707,1,11182,11182
l4-054-th-fintech,20,4,original,2,ok,1,43714.412,3,3926,3926
l4-055-th-manufacturer,20,4,original,2,ok,1,44680.746,5,6617,6617
l4-058-id-online-sales,20,4,original,2,ok,1,59217.85,4,8118,8118
l4-059-id-fintech,20,4,original,2,ok,1,91801.175,4,17311,17311
l4-063-my-online-sales,20,4,original,2,ok,1,58778.382,3,5223,5223
l4-065-my-manufacturer,20,4,original,2,ok,1,67266.248,2,4845,4845
l4-067-ph-automated-hiring,20,4,original,2,ok,1,66757.981,3,5510,5510
l4-069-ph-fintech,20,4,original,2,ok,1,68893.955,4,8266,8266
l4-070-ph-manufacturer,20,4,original,2,ok,1,72835.768,9,7530,7530
l4-071-in-digital-platform,20,4,original,2,ok,1,81300.953,2,22506,22506
l4-072-in-automated-hiring,20,4,original,2,ok,1,74300.086,6,10554,10554
l4-075-in-manufacturer,20,4,original,2,ok,1,34448.062,2,4668,4668
l4-080-br-manufacturer,20,4,original,2,ok,1,62644.038,4,6510,6510
l4-081-es-digital-platform,20,4,original,2,ok,1,71315.356,2,12843,12843
l4-082-es-automated-hiring,20,4,original,2,ok,1,55267.887,1,15198,15198
l4-083-es-online-sales,20,4,original,2,ok,1,63880.866,3,17946,17946
l4-088-it-online-sales,20,4,original,2,ok,1,5137.073,0,,
l4-089-it-fintech,20,4,original,2,ok,1,3812.05,0,,
l4-090-it-manufacturer,20,4,original,2,ok,1,7397.6,0,,
l4-092-nl-automated-hiring,20,4,original,2,ok,1,6245.106,0,,
l4-093-nl-online-sales,20,4,original,2,ok,1,7577.617,0,,
l4-094-nl-fintech,20,4,original,2,ok,1,4860.269,0,,
l4-095-nl-manufacturer,20,4,original,2,ok,1,15177.825,0,,
l4-096-nz-digital-platform,20,4,original,2,ok,1,58162.667,3,5786,5786
l4-097-nz-automated-hiring,20,4,original,2,ok,1,50678.898,4,7518,7518
l4-099-nz-fintech,20,4,original,2,ok,1,42466.741,2,18660,18660
l4-100-nz-manufacturer,20,4,original,2,ok,1,93958.723,3,12098,12098
l1-001-jp,20,4,reduce,4,ok,1,48112.468,5,7288,4216
l1-002-jp,20,4,reduce,4,ok,1,46362.532,2,10180,5217
l1-003-jp,20,4,reduce,4,ok,1,74757.158,1,9238,6242
l1-005-jp,20,4,reduce,4,ok,1,44452.479,4,2426,1546
l1-010-us,20,4,reduce,4,ok,1,52717.002,2,14100,2578
l1-012-cn,20,4,reduce,4,ok,1,40087.782,2,6783,4146
l1-013-cn,20,4,reduce,4,ok,1,40947.271,1,6991,4371
l1-018-de,20,4,reduce,4,ok,1,44186.728,4,9933,4929
l1-019-de,20,4,reduce,4,ok,1,44717.012,3,23400,3735
l1-023-fr,20,4,reduce,4,ok,1,66278.058,1,26211,10039
l1-024-fr,20,4,reduce,4,ok,1,52100.192,2,17877,6432
l1-025-fr,20,4,reduce,4,ok,1,54838.385,2,13199,4235
l1-027-uk,20,4,reduce,4,ok,1,43025.851,2,6148,3677
l1-031-ca,20,4,reduce,4,ok,1,45781.699,4,9753,5724
l1-032-ca,20,4,reduce,4,ok,1,74253.337,1,2328,1327
l1-033-ca,20,4,reduce,4,ok,1,49103.895,3,7197,2079
l1-035-ca,20,4,reduce,4,ok,1,59122.28,1,9148,4466
l1-036-au,20,4,reduce,4,ok,1,35065.632,5,23747,3574
l1-037-au,20,4,reduce,4,ok,1,56975.56,2,6135,2823
l1-038-au,20,4,reduce,4,ok,1,45026.029,5,27052,5793
l1-039-au,20,4,reduce,4,ok,1,38507.542,1,10110,4894
l1-040-au,20,4,reduce,4,ok,1,50686.821,3,24374,4680
l1-041-sg,20,4,reduce,4,ok,1,81826.887,1,22558,8527
l1-042-sg,20,4,reduce,4,ok,1,51192.167,3,18165,6691
l1-044-sg,20,4,reduce,4,ok,1,49884.129,3,10069,3178
l1-046-vn,20,4,reduce,4,ok,1,28340.604,1,789,525
l1-049-vn,20,4,reduce,4,ok,1,47631.651,2,3499,2125
l1-050-vn,20,4,reduce,4,ok,1,68937.147,4,11069,5666
l1-051-th,20,4,reduce,4,ok,1,56706.846,1,7247,4600
l1-052-th,20,4,reduce,4,ok,1,111901.524,1,9447,5478
l1-053-th,20,4,reduce,4,ok,1,59451.269,1,12821,8136
l1-054-th,20,4,reduce,4,ok,1,47633.511,2,11230,6871
l1-055-th,20,4,reduce,4,ok,1,62483.579,2,8940,3102
l1-059-id,20,4,reduce,4,ok,1,51867.053,1,11312,6690
l1-060-id,20,4,reduce,4,ok,1,34937.439,3,4549,3081
l1-062-my,20,4,reduce,4,ok,1,42596.08,1,12785,8316
l1-065-my,20,4,reduce,4,ok,1,37725.995,3,8238,3940
l1-068-ph,20,4,reduce,4,ok,1,42267.12,1,17211,9658
l1-070-ph,20,4,reduce,4,ok,1,50587.485,3,21636,6843
l1-075-in,20,4,reduce,4,ok,1,57158.008,1,14522,11454
l1-078-br,20,4,reduce,4,ok,1,44819.684,1,3690,1546
l1-081-es,20,4,reduce,4,ok,1,50644.124,3,19919,10157
l1-082-es,20,4,reduce,4,ok,1,77257.156,5,12552,5945
l1-085-es,20,4,reduce,4,ok,1,44869.63,1,6458,2901
l1-091-nl,20,4,reduce,4,ok,1,13494.194,0,,
l1-092-nl,20,4,reduce,4,ok,1,17294.358,0,,
l1-094-nl,20,4,reduce,4,ok,1,15957.968,0,,
l1-095-nl,20,4,reduce,4,ok,1,21201.251,0,,
l1-097-nz,20,4,reduce,4,ok,1,35671.92,2,11822,4512
l1-098-nz,20,4,reduce,4,ok,1,59478.111,1,9519,2127
l2-001-jp-data-rights,20,4,reduce,4,ok,1,34149.573,1,6919,4331
l2-002-jp-breach,20,4,reduce,4,ok,1,33823.088,3,3108,2112
l2-003-jp-transfer,20,4,reduce,4,ok,1,39087.094,2,13808,5496
l2-010-us-worker,20,4,reduce,4,ok,1,44464.278,2,15612,5228
l2-013-cn-transfer,20,4,reduce,4,ok,1,34550.707,1,12490,6712
l2-017-de-breach,20,4,reduce,4,ok,1,50244.881,2,10431,5163
l2-022-fr-breach,20,4,reduce,4,ok,1,49593.073,3,14059,5192
l2-024-fr-consumer,20,4,reduce,4,ok,1,33495.627,2,18608,6010
l2-026-uk-data-rights,20,4,reduce,4,ok,1,29106.829,3,3669,2426
l2-029-uk-consumer,20,4,reduce,4,ok,1,49216.329,2,18523,8843
l2-034-ca-consumer,20,4,reduce,4,ok,1,36893.826,1,4183,2205
l2-035-ca-worker,20,4,reduce,4,ok,1,26869.765,2,12496,4322
l2-036-au-data-rights,20,4,reduce,4,ok,1,37047.929,2,12681,4100
l2-038-au-transfer,20,4,reduce,4,ok,1,28539.856,2,19625,5758
l2-039-au-consumer,20,4,reduce,4,ok,1,40043.189,3,9500,4326
l2-040-au-worker,20,4,reduce,4,ok,1,80488.892,2,4057,2770
l2-045-sg-worker,20,4,reduce,4,ok,1,27714.486,1,11064,4423
l2-046-vn-data-rights,20,4,reduce,4,ok,1,38923.936,2,11418,5942
l2-047-vn-breach,20,4,reduce,4,ok,1,27301.42,4,10566,4230
l2-051-th-data-rights,20,4,reduce,4,ok,1,52083.909,1,9181,6443
l2-052-th-breach,20,4,reduce,4,ok,1,36865.085,2,7597,4614
l2-053-th-transfer,20,4,reduce,4,ok,1,48268.272,1,10563,7155
l2-054-th-consumer,20,4,reduce,4,ok,1,36276.636,2,5633,2751
l2-055-th-worker,20,4,reduce,4,ok,1,25816.924,2,9356,3416
l2-056-id-data-rights,20,4,reduce,4,ok,1,46127.45,1,7438,4222
l2-057-id-breach,20,4,reduce,4,ok,1,31076.967,2,6847,2599
l2-060-id-worker,20,4,reduce,4,ok,1,41050.0,1,11993,6920
l2-061-my-data-rights,20,4,reduce,4,ok,1,37755.866,1,12630,5604
l2-064-my-consumer,20,4,reduce,4,ok,1,37545.17,4,5533,2939
l2-066-ph-data-rights,20,4,reduce,4,ok,1,36635.721,1,8395,5135
l2-067-ph-breach,20,4,reduce,4,ok,1,30874.244,2,22469,8201
l2-068-ph-transfer,20,4,reduce,4,ok,1,38380.102,1,17208,7814
l2-070-ph-worker,20,4,reduce,4,ok,1,44413.24,1,15929,7460
l2-071-in-data-rights,20,4,reduce,4,ok,1,41799.161,1,18470,5881
l2-072-in-breach,20,4,reduce,4,ok,1,40439.525,3,14524,4193
l2-073-in-transfer,20,4,reduce,4,ok,1,28146.103,2,13023,4151
l2-081-es-data-rights,20,4,reduce,4,ok,1,41424.86,2,12888,7471
l2-082-es-breach,20,4,reduce,4,ok,1,25579.919,3,13297,2708
l2-083-es-transfer,20,4,reduce,4,ok,1,34079.531,2,23525,9554
l2-084-es-consumer,20,4,reduce,4,ok,1,36924.627,4,19285,7712
l2-085-es-worker,20,4,reduce,4,ok,1,40916.81,2,15956,7871
l2-086-it-data-rights,20,4,reduce,4,ok,1,5604.171,0,,
l2-087-it-breach,20,4,reduce,4,ok,1,3414.604,0,,
l2-088-it-transfer,20,4,reduce,4,ok,1,3432.149,0,,
l2-089-it-consumer,20,4,reduce,4,ok,1,5705.738,0,,
l2-090-it-worker,20,4,reduce,4,ok,1,4306.983,0,,
l2-091-nl-data-rights,20,4,reduce,4,ok,1,2319.506,0,,
l2-092-nl-breach,20,4,reduce,4,ok,1,3605.004,0,,
l2-096-nz-data-rights,20,4,reduce,4,ok,1,22870.201,2,10443,3245
l2-100-nz-worker,20,4,reduce,4,ok,1,23516.213,3,7221,4778
l3-001-jp-transfer,20,4,reduce,4,ok,1,120262.436,2,8091,3479
l3-002-jp-breach,20,4,reduce,4,ok,1,226203.307,3,7703,3372
l3-005-jp-worker-ai,20,4,reduce,4,ok,1,43138.377,2,4400,2110
l3-007-us-breach,20,4,reduce,4,ok,1,72653.053,3,10073,4196
l3-008-us-consumer,20,4,reduce,4,ok,1,39791.399,4,9845,4022
l3-010-us-worker-ai,20,4,reduce,4,ok,1,56435.298,2,27016,5954
l3-011-cn-transfer,20,4,reduce,4,ok,1,67149.718,3,10383,6390
l3-013-cn-consumer,20,4,reduce,4,ok,1,40714.742,2,16079,6858
l3-014-cn-platform,20,4,reduce,4,ok,1,73502.779,4,12239,5376
l3-015-cn-worker-ai,20,4,reduce,4,ok,1,58673.111,2,8086,2740
l3-016-de-transfer,20,4,reduce,4,ok,1,53538.775,2,12757,5244
l3-018-de-consumer,20,4,reduce,4,ok,1,51362.932,4,10007,4403
l3-019-de-platform,20,4,reduce,4,ok,1,66551.075,5,12938,5495
l3-020-de-worker-ai,20,4,reduce,4,ok,1,67914.463,2,8364,3044
l3-023-fr-consumer,20,4,reduce,4,ok,1,86119.625,3,6451,2670
l3-025-fr-worker-ai,20,4,reduce,4,ok,1,69991.486,3,22367,11530
l3-026-uk-transfer,20,4,reduce,4,ok,1,58932.904,3,13407,2976
l3-028-uk-consumer,20,4,reduce,4,ok,1,60151.411,3,9665,5729
l3-030-uk-worker-ai,20,4,reduce,4,ok,1,53846.772,3,4292,2138
l3-032-ca-breach,20,4,reduce,4,ok,1,53429.682,6,8945,4052
l3-033-ca-consumer,20,4,reduce,4,ok,1,35907.214,2,3365,1653
l3-037-au-breach,20,4,reduce,4,ok,1,70619.741,2,15005,3682
l3-039-au-platform,20,4,reduce,4,ok,1,81175.04,2,14860,4755
l3-041-sg-transfer,20,4,reduce,4,ok,1,96323.125,2,27089,7735
l3-043-sg-consumer,20,4,reduce,4,ok,1,63112.166,2,4226,2147
l3-045-sg-worker-ai,20,4,reduce,4,ok,1,3213.716,0,,
l3-046-vn-transfer,20,4,reduce,4,ok,1,74129.185,3,10573,7155
l3-047-vn-breach,20,4,reduce,4,ok,1,60680.717,4,8945,4052
l3-053-th-consumer,20,4,reduce,4,ok,1,51194.616,2,11856,4671
l3-054-th-platform,20,4,reduce,4,ok,1,4700.511,0,,
l3-056-id-transfer,20,4,reduce,4,ok,1,55686.754,2,12638,5802
l3-057-id-breach,20,4,reduce,4,ok,1,56788.041,3,18911,7827
l3-058-id-consumer,20,4,reduce,4,ok,1,55777.581,2,19316,6975
l3-059-id-platform,20,4,reduce,4,ok,1,4013.017,0,,
l3-062-my-breach,20,4,reduce,4,ok,1,50884.375,1,11753,6663
l3-063-my-consumer,20,4,reduce,4,ok,1,5006.035,0,,
l3-065-my-worker-ai,20,4,reduce,4,ok,1,74066.17,2,27016,5954
l3-066-ph-transfer,20,4,reduce,4,ok,1,87665.715,2,11631,3197
l3-067-ph-breach,20,4,reduce,4,ok,1,64903.075,2,23909,10371
l3-072-in-breach,20,4,reduce,4,ok,1,8504.576,0,,
l3-073-in-consumer,20,4,reduce,4,ok,1,38285.572,3,4404,2535
l3-075-in-worker-ai,20,4,reduce,4,ok,1,35608.375,2,8364,3044
l3-078-br-consumer,20,4,reduce,4,ok,1,65362.316,2,6798,3460
l3-079-br-platform,20,4,reduce,4,ok,1,66959.229,2,1482,703
l3-081-es-transfer,20,4,reduce,4,ok,1,6181.193,0,,
l3-082-es-breach,20,4,reduce,4,ok,1,126550.219,2,24152,1913
l3-088-it-consumer,20,4,reduce,4,ok,1,3016.409,0,,
l3-092-nl-breach,20,4,reduce,4,ok,1,2289.588,0,,
l3-098-nz-consumer,20,4,reduce,4,ok,1,40433.92,3,7923,2982
l3-100-nz-worker-ai,20,4,reduce,4,ok,1,85580.725,5,18432,9322
l4-001-jp-digital-platform,20,4,reduce,4,ok,1,49524.78,3,16492,8532
l4-004-jp-fintech,20,4,reduce,4,ok,1,33085.393,4,4873,3085
l4-008-us-online-sales,20,4,reduce,4,ok,1,40034.97,4,6816,4576
l4-009-us-fintech,20,4,reduce,4,ok,1,37873.643,6,12266,4474
l4-012-cn-automated-hiring,20,4,reduce,4,ok,1,55435.98,5,7435,4966
l4-015-cn-manufacturer,20,4,reduce,4,ok,1,44733.661,6,4731,3238
l4-016-de-digital-platform,20,4,reduce,4,ok,1,30504.657,3,17611,3249
l4-020-de-manufacturer,20,4,reduce,4,ok,1,28563.654,5,5343,2579
l4-021-fr-digital-platform,20,4,reduce,4,ok,1,53572.522,2,21551,8921
l4-022-fr-automated-hiring,20,4,reduce,4,ok,1,36305.065,3,22817,6973
l4-023-fr-online-sales,20,4,reduce,4,ok,1,49935.237,5,19363,8204
l4-024-fr-fintech,20,4,reduce,4,ok,1,41054.023,1,24408,8153
l4-027-uk-automated-hiring,20,4,reduce,4,ok,1,43310.937,2,7727,4346
l4-029-uk-fintech,20,4,reduce,4,ok,1,40327.249,3,6141,2202
l4-032-ca-automated-hiring,20,4,reduce,4,ok,1,34088.108,5,15592,6459
l4-034-ca-fintech,20,4,reduce,4,ok,1,30251.353,2,4179,1468
l4-036-au-digital-platform,20,4,reduce,4,ok,1,54248.563,3,16254,4874
l4-038-au-online-sales,20,4,reduce,4,ok,1,43223.75,1,9684,4649
l4-039-au-fintech,20,4,reduce,4,ok,1,41534.295,3,15470,4977
l4-040-au-manufacturer,20,4,reduce,4,ok,1,35263.487,4,8199,4113
l4-044-sg-fintech,20,4,reduce,4,ok,1,43190.621,4,24356,9085
l4-045-sg-manufacturer,20,4,reduce,4,ok,1,36691.25,3,2864,1827
l4-051-th-digital-platform,20,4,reduce,4,ok,1,28600.712,1,11933,7804
l4-054-th-fintech,20,4,reduce,4,ok,1,34152.274,3,3922,2666
l4-055-th-manufacturer,20,4,reduce,4,ok,1,40277.005,5,6138,3446
l4-058-id-online-sales,20,4,reduce,4,ok,1,37547.451,3,7753,4418
l4-059-id-fintech,20,4,reduce,4,ok,1,43315.16,4,18231,7305
l4-063-my-online-sales,20,4,reduce,4,ok,1,38498.189,3,5223,3468
l4-065-my-manufacturer,20,4,reduce,4,ok,1,39523.995,2,4845,3022
l4-067-ph-automated-hiring,20,4,reduce,4,ok,1,46400.633,4,5942,3560
l4-069-ph-fintech,20,4,reduce,4,ok,1,48963.192,3,8264,4289
l4-070-ph-manufacturer,20,4,reduce,4,ok,1,40392.31,8,8293,5373
l4-071-in-digital-platform,20,4,reduce,4,ok,1,43652.447,2,21014,9442
l4-072-in-automated-hiring,20,4,reduce,4,ok,1,92626.482,5,10554,3888
l4-075-in-manufacturer,20,4,reduce,4,ok,1,26634.57,2,4670,2731
l4-080-br-manufacturer,20,4,reduce,4,ok,1,38673.825,4,6427,4302
l4-081-es-digital-platform,20,4,reduce,4,ok,1,44120.172,2,12843,6199
l4-082-es-automated-hiring,20,4,reduce,4,ok,1,38487.362,1,16101,8398
l4-083-es-online-sales,20,4,reduce,4,ok,1,45128.018,3,16710,8734
l4-088-it-online-sales,20,4,reduce,4,ok,1,2207.319,0,,
l4-089-it-fintech,20,4,reduce,4,ok,1,7102.004,0,,
l4-090-it-manufacturer,20,4,reduce,4,ok,1,4247.039,0,,
l4-092-nl-automated-hiring,20,4,reduce,4,ok,1,3285.084,0,,
l4-093-nl-online-sales,20,4,reduce,4,ok,1,3491.007,0,,
l4-094-nl-fintech,20,4,reduce,4,ok,1,1752.33,0,,
l4-095-nl-manufacturer,20,4,reduce,4,ok,1,10414.493,0,,
l4-096-nz-digital-platform,20,4,reduce,4,ok,1,33063.504,3,5784,3435
l4-097-nz-automated-hiring,20,4,reduce,4,ok,1,43095.514,4,7034,3836
l4-099-nz-fintech,20,4,reduce,4,ok,1,41772.233,2,18660,3462
l4-100-nz-manufacturer,20,4,reduce,4,ok,1,39178.594,3,10026,6893
l1-001-jp,50,1,combined,4,ok,1,112482.88,5,7288,4216
l1-002-jp,50,1,combined,4,ok,1,94777.5,2,10180,5217
l1-003-jp,50,1,combined,4,ok,1,92129.221,1,9238,6242
l1-005-jp,50,1,combined,4,ok,1,153102.023,4,2426,1546
l1-010-us,50,1,combined,4,ok,1,91524.742,2,14100,2578
l1-012-cn,50,1,combined,4,ok,1,118988.539,2,6783,4146
l1-013-cn,50,1,combined,4,ok,1,140077.079,1,6991,4371
l1-018-de,50,1,combined,4,ok,1,160861.331,4,9933,4929
l1-019-de,50,1,combined,4,ok,1,86678.328,3,23400,3735
l1-023-fr,50,1,combined,4,ok,1,157656.077,1,26211,10039
l1-024-fr,50,1,combined,4,ok,1,115786.471,2,17877,6432
l1-025-fr,50,1,combined,4,ok,1,144824.065,2,13199,4235
l1-027-uk,50,1,combined,4,ok,1,110915.481,2,6148,3677
l1-031-ca,50,1,combined,4,ok,1,109751.34,4,9753,5724
l1-032-ca,50,1,combined,4,ok,1,142674.284,1,2328,1327
l1-033-ca,50,1,combined,4,ok,1,135860.709,3,7197,2079
l1-035-ca,50,1,combined,4,ok,1,129149.36,1,9148,4466
l1-036-au,50,1,combined,4,ok,1,92549.551,5,23747,3574
l1-037-au,50,1,combined,4,ok,1,132362.734,2,6135,2823
l1-038-au,50,1,combined,4,ok,1,110435.386,5,27052,5793
l1-039-au,50,1,combined,4,ok,1,108358.833,1,10110,4894
l1-040-au,50,1,combined,4,ok,1,143438.926,3,24374,4680
l1-041-sg,50,1,combined,4,ok,1,116660.342,1,17319,7595
l1-042-sg,50,1,combined,4,ok,1,137474.977,3,18165,6691
l1-044-sg,50,1,combined,4,ok,1,120384.5,3,10069,3178
l1-046-vn,50,1,combined,4,ok,1,71242.263,1,789,525
l1-049-vn,50,1,combined,4,ok,1,107862.767,2,19841,7354
l1-050-vn,50,1,combined,4,ok,1,121126.916,4,11069,5666
l1-051-th,50,1,combined,4,ok,1,170276.867,1,7247,4600
l1-052-th,50,1,combined,4,ok,1,121943.219,1,9447,5478
l1-053-th,50,1,combined,4,ok,1,147355.82,1,12821,8136
l1-054-th,50,1,combined,4,ok,1,118751.376,2,11230,6871
l1-055-th,50,1,combined,4,ok,1,83144.358,2,8940,3102
l1-059-id,50,1,combined,4,ok,1,127603.194,1,11312,6690
l1-060-id,50,1,combined,4,ok,1,98112.93,3,4549,3081
l1-062-my,50,1,combined,4,ok,1,109423.222,1,12785,8316
l1-065-my,50,1,combined,4,ok,1,131334.076,3,8238,3940
l1-068-ph,50,1,combined,4,ok,1,121784.991,1,17211,9658
l1-070-ph,50,1,combined,4,ok,1,62498.953,3,21636,6843
l1-075-in,50,1,combined,4,ok,1,95504.448,1,14522,11454
l1-078-br,50,1,combined,4,ok,1,95825.58,1,3688,1546
l1-081-es,50,1,combined,4,ok,1,114268.986,3,19919,10157
l1-082-es,50,1,combined,4,ok,1,144601.702,5,12552,5945
l1-085-es,50,1,combined,4,ok,1,130289.453,1,6458,2901
l1-091-nl,50,1,combined,4,ok,1,83146.806,0,,
l1-092-nl,50,1,combined,4,ok,1,44579.619,0,,
l1-094-nl,50,1,combined,4,ok,1,130525.056,0,,
l1-095-nl,50,1,combined,4,ok,1,49310.556,0,,
l1-097-nz,50,1,combined,4,ok,1,141661.937,2,11822,4512
l1-098-nz,50,1,combined,4,ok,1,150995.06,1,9519,2127
l2-001-jp-data-rights,50,1,combined,4,ok,1,87815.599,1,6913,4331
l2-002-jp-breach,50,1,combined,4,ok,1,78210.682,3,3106,2112
l2-003-jp-transfer,50,1,combined,4,ok,1,60347.987,2,13808,5496
l2-010-us-worker,50,1,combined,4,ok,1,35744.237,2,15612,5228
l2-013-cn-transfer,50,1,combined,4,ok,1,78460.761,1,12490,6712
l2-017-de-breach,50,1,combined,4,ok,1,73278.797,2,10435,5163
l2-022-fr-breach,50,1,combined,4,ok,1,67172.976,3,14077,5192
l2-024-fr-consumer,50,1,combined,4,ok,1,64891.677,2,18608,6010
l2-026-uk-data-rights,50,1,combined,4,ok,1,104237.184,3,3671,2426
l2-029-uk-consumer,50,1,combined,4,ok,1,100157.891,2,18523,8843
l2-034-ca-consumer,50,1,combined,4,ok,1,74183.338,1,4183,2205
l2-035-ca-worker,50,1,combined,4,ok,1,100281.514,2,12496,4322
l2-036-au-data-rights,50,1,combined,4,ok,1,100137.547,3,13397,4573
l2-038-au-transfer,50,1,combined,4,ok,1,76743.101,2,19625,5758
l2-039-au-consumer,50,1,combined,4,ok,1,104293.643,3,9500,4326
l2-040-au-worker,50,1,combined,4,ok,1,68560.838,2,4057,2770
l2-045-sg-worker,50,1,combined,4,ok,1,100304.075,1,11064,4423
l2-046-vn-data-rights,50,1,combined,4,ok,1,105146.42,2,11420,5942
l2-047-vn-breach,50,1,combined,4,ok,1,102574.701,4,10564,4230
l2-051-th-data-rights,50,1,combined,4,ok,1,114681.381,1,8705,6118
l2-052-th-breach,50,1,combined,4,ok,1,56651.691,2,7599,4614
l2-053-th-transfer,50,1,combined,4,ok,1,72366.235,1,10563,7155
l2-054-th-consumer,50,1,combined,4,ok,1,101432.286,2,5633,2751
l2-055-th-worker,50,1,combined,4,ok,1,91938.213,2,9356,3416
l2-056-id-data-rights,50,1,combined,4,ok,1,50952.985,1,7751,4420
l2-057-id-breach,50,1,combined,4,ok,1,44690.98,2,6847,2599
l2-060-id-worker,50,1,combined,4,ok,1,111185.628,1,11993,6920
l2-061-my-data-rights,50,1,combined,4,ok,1,124712.977,1,12115,5226
l2-064-my-consumer,50,1,combined,4,ok,1,103963.546,4,5533,2939
l2-066-ph-data-rights,50,1,combined,4,ok,1,84119.099,1,8389,5135
l2-067-ph-breach,50,1,combined,4,ok,1,104916.87,2,22467,8201
l2-068-ph-transfer,50,1,combined,4,ok,1,104782.815,1,17208,7814
l2-070-ph-worker,50,1,combined,4,ok,1,82612.998,1,15929,7460
l2-071-in-data-rights,50,1,combined,4,ok,1,74245.315,1,18462,5881
l2-072-in-breach,50,1,combined,4,ok,1,60906.28,3,15304,4648
l2-073-in-transfer,50,1,combined,4,ok,1,57740.278,2,13023,4151
l2-081-es-data-rights,50,1,combined,4,ok,1,55299.618,2,12884,7471
l2-082-es-breach,50,1,combined,4,ok,1,58520.698,3,13299,2708
l2-083-es-transfer,50,1,combined,4,ok,1,89977.338,2,23525,9554
l2-084-es-consumer,50,1,combined,4,ok,1,106873.835,4,19285,7712
l2-085-es-worker,50,1,combined,4,ok,1,50664.542,2,17712,8774
l2-086-it-data-rights,50,1,combined,4,ok,1,3101.487,0,,
l2-087-it-breach,50,1,combined,4,ok,1,3362.903,0,,
l2-088-it-transfer,50,1,combined,4,ok,1,8813.758,0,,
l2-089-it-consumer,50,1,combined,4,ok,1,6589.841,0,,
l2-090-it-worker,50,1,combined,4,ok,1,3640.37,0,,
l2-091-nl-data-rights,50,1,combined,4,ok,1,21905.506,0,,
l2-092-nl-breach,50,1,combined,4,ok,1,4506.212,0,,
l2-096-nz-data-rights,50,1,combined,4,ok,1,69168.538,2,11026,3685
l2-100-nz-worker,50,1,combined,4,ok,1,39158.312,3,7221,4778
l3-001-jp-transfer,50,1,combined,4,ok,1,203956.328,2,9552,3845
l3-002-jp-breach,50,1,combined,4,ok,1,142085.743,3,7701,3372
l3-005-jp-worker-ai,50,1,combined,4,ok,1,144975.66,2,4400,2110
l3-007-us-breach,50,1,combined,4,ok,1,83912.129,4,14885,4920
l3-008-us-consumer,50,1,combined,4,ok,1,66448.297,4,9845,4022
l3-010-us-worker-ai,50,1,combined,4,ok,1,71781.299,2,20157,5090
l3-011-cn-transfer,50,1,combined,4,ok,1,133585.074,3,8357,5035
l3-013-cn-consumer,50,1,combined,4,ok,1,153189.238,2,16079,6858
l3-014-cn-platform,50,1,combined,4,ok,1,124388.558,3,1482,703
l3-015-cn-worker-ai,50,1,combined,4,ok,1,61165.377,3,8086,2740
l3-016-de-transfer,50,1,combined,4,ok,1,74373.891,2,12755,5244
l3-018-de-consumer,50,1,combined,4,ok,1,106229.285,4,10007,4403
l3-019-de-platform,50,1,combined,4,ok,1,86368.208,4,15402,7947
l3-020-de-worker-ai,50,1,combined,4,ok,1,85073.364,2,13820,5314
l3-023-fr-consumer,50,1,combined,4,ok,1,91161.762,3,18723,6787
l3-025-fr-worker-ai,50,1,combined,4,ok,1,117242.548,3,14308,7805
l3-026-uk-transfer,50,1,combined,4,ok,1,61042.913,3,13407,2976
l3-028-uk-consumer,50,1,combined,4,ok,1,96077.353,3,11856,4671
l3-030-uk-worker-ai,50,1,combined,4,ok,1,86467.693,3,14921,4575
l3-032-ca-breach,50,1,combined,4,ok,1,93638.42,6,10197,4509
l3-033-ca-consumer,50,1,combined,4,ok,1,69046.521,2,3365,1653
l3-037-au-breach,50,1,combined,4,ok,1,139143.532,2,4758,2226
l3-039-au-platform,50,1,combined,4,ok,1,69587.428,2,22450,9632
l3-041-sg-transfer,50,1,combined,4,ok,1,113758.48,2,27089,7735
l3-043-sg-consumer,50,1,combined,4,ok,1,85508.589,2,4226,2147
l3-045-sg-worker-ai,50,1,combined,4,ok,1,6189.777,0,,
l3-046-vn-transfer,50,1,combined,4,ok,1,73193.185,3,27083,7735
l3-047-vn-breach,50,1,combined,4,ok,1,70714.724,3,10197,4509
l3-053-th-consumer,50,1,combined,4,ok,1,108363.604,2,11856,4671
l3-054-th-platform,50,1,combined,4,ok,1,17726.437,0,,
l3-056-id-transfer,50,1,combined,4,ok,1,115870.69,2,10714,5022
l3-057-id-breach,50,1,combined,4,ok,1,66847.271,3,19468,8237
l3-058-id-consumer,50,1,combined,4,ok,1,76480.511,2,19316,6975
l3-059-id-platform,50,1,combined,4,ok,1,5695.125,0,,
l3-062-my-breach,50,1,combined,4,ok,1,102756.312,1,10558,5393
l3-063-my-consumer,50,1,combined,4,ok,1,16316.22,0,,
l3-065-my-worker-ai,50,1,combined,4,ok,1,105621.714,2,27016,5954
l3-066-ph-transfer,50,1,combined,4,ok,1,156978.058,3,14756,4480
l3-067-ph-breach,50,1,combined,4,ok,1,102371.505,2,25088,10350
l3-072-in-breach,50,1,combined,4,ok,1,7167.608,0,,
l3-073-in-consumer,50,1,combined,4,ok,1,86962.251,3,7925,2982
l3-075-in-worker-ai,50,1,combined,4,ok,1,70318.149,2,14915,4575
l3-078-br-consumer,50,1,combined,4,ok,1,69728.763,2,6798,3460
l3-079-br-platform,50,1,combined,4,ok,1,94497.239,1,1482,703
l3-081-es-transfer,50,1,combined,4,ok,1,18885.618,0,,
l3-082-es-breach,50,1,combined,4,ok,1,137616.774,2,24152,1913
l3-088-it-consumer,50,1,combined,4,ok,1,4584.801,0,,
l3-092-nl-breach,50,1,combined,4,ok,1,6209.573,0,,
l3-098-nz-consumer,50,1,combined,4,ok,1,108757.646,3,7923,2982
l3-100-nz-worker-ai,50,1,combined,4,ok,1,141036.154,3,19016,9083
l4-001-jp-digital-platform,50,1,combined,4,ok,1,127663.82,3,14119,7100
l4-004-jp-fintech,50,1,combined,4,ok,1,105172.353,5,5369,3439
l4-008-us-online-sales,50,1,combined,4,ok,1,107269.216,3,9843,4759
l4-009-us-fintech,50,1,combined,4,ok,1,121084.895,6,12266,4474
l4-012-cn-automated-hiring,50,1,combined,4,ok,1,117324.695,5,7839,5213
l4-015-cn-manufacturer,50,1,combined,4,ok,1,119887.45,6,4731,3238
l4-016-de-digital-platform,50,1,combined,4,ok,1,57589.459,3,17609,3249
l4-020-de-manufacturer,50,1,combined,4,ok,1,78943.661,5,9280,3598
l4-021-fr-digital-platform,50,1,combined,4,ok,1,67258.754,2,21547,8921
l4-022-fr-automated-hiring,50,1,combined,4,ok,1,96960.005,3,22819,6973
l4-023-fr-online-sales,50,1,combined,4,ok,1,111663.917,5,19367,8204
l4-024-fr-fintech,50,1,combined,4,ok,1,55221.672,1,20890,7223
l4-027-uk-automated-hiring,50,1,combined,4,ok,1,115825.944,2,7727,4346
l4-029-uk-fintech,50,1,combined,4,ok,1,73988.859,3,6141,2202
l4-032-ca-automated-hiring,50,1,combined,4,ok,1,101741.328,5,15596,6459
l4-034-ca-fintech,50,1,combined,4,ok,1,77656.893,2,4179,1468
l4-036-au-digital-platform,50,1,combined,4,ok,1,234491.421,3,16796,5267
l4-038-au-online-sales,50,1,combined,4,ok,1,149059.091,1,9684,4649
l4-039-au-fintech,50,1,combined,4,ok,1,109094.6,3,15470,4977
l4-040-au-manufacturer,50,1,combined,4,ok,1,92379.525,4,8199,4113
l4-044-sg-fintech,50,1,combined,4,ok,1,105957.15,4,24362,9085
l4-045-sg-manufacturer,50,1,combined,4,ok,1,68500.459,3,2864,1827
l4-051-th-digital-platform,50,1,combined,4,ok,1,124400.705,3,11176,7301
l4-054-th-fintech,50,1,combined,4,ok,1,106735.587,3,3924,2666
l4-055-th-manufacturer,50,1,combined,4,ok,1,86514.769,6,6138,3446
l4-058-id-online-sales,50,1,combined,4,ok,1,73473.13,3,8321,4835
l4-059-id-fintech,50,1,combined,4,ok,1,84454.997,4,18233,7305
l4-063-my-online-sales,50,1,combined,4,ok,1,92976.647,3,5223,3468
l4-065-my-manufacturer,50,1,combined,4,ok,1,94205.722,2,4845,3022
l4-067-ph-automated-hiring,50,1,combined,4,ok,1,128773.646,3,5508,3273
l4-069-ph-fintech,50,1,combined,4,ok,1,76067.221,3,8262,4289
l4-070-ph-manufacturer,50,1,combined,4,ok,1,94499.68,8,8293,5373
l4-071-in-digital-platform,50,1,combined,4,ok,1,87318.195,2,22516,10524
l4-072-in-automated-hiring,50,1,combined,4,ok,1,107685.584,5,10554,3888
l4-075-in-manufacturer,50,1,combined,4,ok,1,75549.023,2,4666,2731
l4-080-br-manufacturer,50,1,combined,4,ok,1,89278.382,4,6429,4302
l4-081-es-digital-platform,50,1,combined,4,ok,1,99616.231,2,12843,6199
l4-082-es-automated-hiring,50,1,combined,4,ok,1,110913.128,1,16787,8585
l4-083-es-online-sales,50,1,combined,4,ok,1,118404.011,3,14189,7133
l4-088-it-online-sales,50,1,combined,4,ok,1,4896.724,0,,
l4-089-it-fintech,50,1,combined,4,ok,1,13950.599,0,,
l4-090-it-manufacturer,50,1,combined,4,ok,1,3877.347,0,,
l4-092-nl-automated-hiring,50,1,combined,4,ok,1,4463.19,0,,
l4-093-nl-online-sales,50,1,combined,4,ok,1,17006.778,0,,
l4-094-nl-fintech,50,1,combined,4,ok,1,4565.481,0,,
l4-095-nl-manufacturer,50,1,combined,4,ok,1,17575.735,0,,
l4-096-nz-digital-platform,50,1,combined,4,ok,1,90736.77,3,5786,3435
l4-097-nz-automated-hiring,50,1,combined,4,ok,1,106224.236,4,7518,4178
l4-099-nz-fintech,50,1,combined,4,ok,1,87068.645,2,18660,3462
l4-100-nz-manufacturer,50,1,combined,4,ok,1,97115.64,3,11538,7956
l1-001-jp,50,1,direct,2,ok,1,158384.84,4,7288,7288
l1-002-jp,50,1,direct,2,ok,1,147903.946,2,10180,10180
l1-003-jp,50,1,direct,2,ok,1,118972.538,1,9238,9238
l1-005-jp,50,1,direct,2,ok,1,139643.333,4,2426,2426
l1-010-us,50,1,direct,2,ok,1,124226.46,2,14100,14100
l1-012-cn,50,1,direct,2,ok,1,110835.486,2,6783,6783
l1-013-cn,50,1,direct,2,ok,1,137478.028,0,6997,6997
l1-018-de,50,1,direct,2,ok,1,140386.629,2,9933,9933
l1-019-de,50,1,direct,2,ok,1,161290.736,1,23400,23400
l1-023-fr,50,1,direct,2,ok,1,142527.637,0,26211,26211
l1-024-fr,50,1,direct,2,ok,1,177921.355,3,17877,17877
l1-025-fr,50,1,direct,2,ok,1,111109.656,4,13199,13199
l1-027-uk,50,1,direct,2,ok,1,170295.66,2,6148,6148
l1-031-ca,50,1,direct,2,ok,1,131464.553,4,9753,9753
l1-032-ca,50,1,direct,2,ok,1,178568.657,1,2328,2328
l1-033-ca,50,1,direct,2,ok,1,146041.412,3,7197,7197
l1-035-ca,50,1,direct,2,ok,1,132518.621,1,9148,9148
l1-036-au,50,1,direct,2,ok,1,135308.118,5,23747,23747
l1-037-au,50,1,direct,2,ok,1,122419.917,2,6135,6135
l1-038-au,50,1,direct,2,ok,1,161080.61,5,27052,27052
l1-039-au,50,1,direct,2,ok,1,123070.38,1,10764,10764
l1-040-au,50,1,direct,2,ok,1,160188.602,3,24374,24374
l1-041-sg,50,1,direct,2,ok,1,158025.732,1,22558,22558
l1-042-sg,50,1,direct,2,ok,1,174369.577,2,18165,18165
l1-044-sg,50,1,direct,2,ok,1,156913.887,3,10069,10069
l1-046-vn,50,1,direct,2,ok,1,139829.924,1,789,789
l1-049-vn,50,1,direct,2,ok,1,157437.028,2,19841,19841
l1-050-vn,50,1,direct,2,ok,1,149469.449,4,11069,11069
l1-051-th,50,1,direct,2,ok,1,175244.937,1,7247,7247
l1-052-th,50,1,direct,2,ok,1,146162.028,1,9447,9447
l1-053-th,50,1,direct,2,ok,1,130609.985,0,12821,12821
l1-054-th,50,1,direct,2,ok,1,145290.122,0,11230,11230
l1-055-th,50,1,direct,2,ok,1,135657.618,2,8940,8940
l1-059-id,50,1,direct,2,ok,1,167627.751,1,11312,11312
l1-060-id,50,1,direct,2,ok,1,126016.277,3,4549,4549
l1-062-my,50,1,direct,2,ok,1,158253.708,0,12785,12785
l1-065-my,50,1,direct,2,ok,1,202721.441,3,8238,8238
l1-068-ph,50,1,direct,2,ok,1,147109.506,1,17211,17211
l1-070-ph,50,1,direct,2,ok,1,133803.257,3,21636,21636
l1-075-in,50,1,direct,2,ok,1,128801.482,1,14522,14522
l1-078-br,50,1,direct,2,ok,1,129951.511,1,3688,3688
l1-081-es,50,1,direct,2,ok,1,157337.222,0,19919,19919
l1-082-es,50,1,direct,2,ok,1,111465.073,5,12552,12552
l1-085-es,50,1,direct,2,ok,1,132964.986,1,6458,6458
l1-091-nl,50,1,direct,2,ok,1,175130.974,0,,
l1-092-nl,50,1,direct,2,ok,1,118019.538,0,,
l1-094-nl,50,1,direct,2,ok,1,194268.365,0,,
l1-095-nl,50,1,direct,2,ok,1,103918.932,0,,
l1-097-nz,50,1,direct,2,ok,1,210772.014,3,11822,11822
l1-098-nz,50,1,direct,2,ok,1,116023.09,1,9519,9519
l2-001-jp-data-rights,50,1,direct,2,ok,1,106908.327,1,6424,6424
l2-002-jp-breach,50,1,direct,2,ok,1,121946.323,2,3885,3885
l2-003-jp-transfer,50,1,direct,2,ok,1,128104.698,2,13808,13808
l2-010-us-worker,50,1,direct,2,ok,1,79954.993,2,15612,15612
l2-013-cn-transfer,50,1,direct,2,ok,1,93110.236,1,12490,12490
l2-017-de-breach,50,1,direct,2,ok,1,111991.969,2,8722,8722
l2-022-fr-breach,50,1,direct,2,ok,1,84554.062,2,13589,13589
l2-024-fr-consumer,50,1,direct,2,ok,1,150003.584,3,18608,18608
l2-026-uk-data-rights,50,1,direct,2,ok,1,111028.444,3,3669,3669
l2-029-uk-consumer,50,1,direct,2,ok,1,96268.304,2,18523,18523
l2-034-ca-consumer,50,1,direct,2,ok,1,94107.053,1,4183,4183
l2-035-ca-worker,50,1,direct,2,ok,1,137003.816,2,12496,12496
l2-036-au-data-rights,50,1,direct,2,ok,1,136027.814,2,12681,12681
l2-038-au-transfer,50,1,direct,2,ok,1,130969.512,2,19625,19625
l2-039-au-consumer,50,1,direct,2,ok,1,96822.232,3,9500,9500
l2-040-au-worker,50,1,direct,2,ok,1,69338.653,2,4057,4057
l2-045-sg-worker,50,1,direct,2,ok,1,112950.016,1,11064,11064
l2-046-vn-data-rights,50,1,direct,2,ok,1,138858.431,2,11420,11420
l2-047-vn-breach,50,1,direct,2,ok,1,168093.856,5,11519,11519
l2-051-th-data-rights,50,1,direct,2,ok,1,135512.269,1,8705,8705
l2-052-th-breach,50,1,direct,2,ok,1,82178.781,2,7595,7595
l2-053-th-transfer,50,1,direct,2,ok,1,86384.799,1,10563,10563
l2-054-th-consumer,50,1,direct,2,ok,1,108969.489,2,5633,5633
l2-055-th-worker,50,1,direct,2,ok,1,133989.763,4,9356,9356
l2-056-id-data-rights,50,1,direct,2,ok,1,126979.247,1,7751,7751
l2-057-id-breach,50,1,direct,2,ok,1,69695.443,2,6847,6847
l2-060-id-worker,50,1,direct,2,ok,1,168817.088,1,11993,11993
l2-061-my-data-rights,50,1,direct,2,ok,1,161444.726,1,12630,12630
l2-064-my-consumer,50,1,direct,2,ok,1,100454.652,4,5533,5533
l2-066-ph-data-rights,50,1,direct,2,ok,1,138043.934,1,8395,8395
l2-067-ph-breach,50,1,direct,2,ok,1,157467.761,2,22463,22463
l2-068-ph-transfer,50,1,direct,2,ok,1,140644.661,1,17208,17208
l2-070-ph-worker,50,1,direct,2,ok,1,165153.179,1,15929,15929
l2-071-in-data-rights,50,1,direct,2,ok,1,108639.267,1,18462,18462
l2-072-in-breach,50,1,direct,2,ok,1,89220.076,2,14522,14522
l2-073-in-transfer,50,1,direct,2,ok,1,130681.685,2,13023,13023
l2-081-es-data-rights,50,1,direct,2,ok,1,88789.406,2,12890,12890
l2-082-es-breach,50,1,direct,2,ok,1,96843.773,3,13299,13299
l2-083-es-transfer,50,1,direct,2,ok,1,139834.458,2,23525,23525
l2-084-es-consumer,50,1,direct,2,ok,1,163329.027,4,19285,19285
l2-085-es-worker,50,1,direct,2,ok,1,75498.826,2,15956,15956
l2-086-it-data-rights,50,1,direct,2,ok,1,4391.281,0,,
l2-087-it-breach,50,1,direct,2,ok,1,7388.565,0,,
l2-088-it-transfer,50,1,direct,2,ok,1,20357.494,0,,
l2-089-it-consumer,50,1,direct,2,ok,1,61327.586,0,,
l2-090-it-worker,50,1,direct,2,ok,1,58168.898,0,,
l2-091-nl-data-rights,50,1,direct,2,ok,1,61002.514,0,,
l2-092-nl-breach,50,1,direct,2,ok,1,5976.338,0,,
l2-096-nz-data-rights,50,1,direct,2,ok,1,69060.371,3,11026,11026
l2-100-nz-worker,50,1,direct,2,ok,1,60793.876,3,7221,7221
l3-001-jp-transfer,50,1,direct,2,ok,1,241949.653,2,8093,8093
l3-002-jp-breach,50,1,direct,2,ok,1,242672.647,4,7701,7701
l3-005-jp-worker-ai,50,1,direct,2,ok,1,157295.066,4,4392,4392
l3-007-us-breach,50,1,direct,2,ok,1,176295.851,3,11809,11809
l3-008-us-consumer,50,1,direct,2,ok,1,143231.791,3,9845,9845
l3-010-us-worker-ai,50,1,direct,2,ok,1,125735.608,2,7175,7175
l3-011-cn-transfer,50,1,direct,2,ok,1,185850.303,1,13800,13800
l3-013-cn-consumer,50,1,direct,2,ok,1,125915.95,2,3970,3970
l3-014-cn-platform,50,1,direct,2,ok,1,219540.218,2,1482,1482
l3-015-cn-worker-ai,50,1,direct,2,ok,1,122341.245,2,8476,8476
l3-016-de-transfer,50,1,direct,2,ok,1,135164.944,0,13800,13800
l3-018-de-consumer,50,1,direct,2,ok,1,117014.784,6,10007,10007
l3-019-de-platform,50,1,direct,2,ok,1,110728.854,8,12940,12940
l3-020-de-worker-ai,50,1,direct,2,ok,1,110468.399,2,8368,8368
l3-023-fr-consumer,50,1,direct,2,ok,1,216889.108,3,18723,18723
l3-025-fr-worker-ai,50,1,direct,2,ok,1,176475.735,2,22180,22180
l3-026-uk-transfer,50,1,direct,2,ok,1,134655.567,4,13411,13411
l3-028-uk-consumer,50,1,direct,2,ok,1,182614.193,3,9665,9665
l3-030-uk-worker-ai,50,1,direct,2,ok,1,173609.381,4,4292,4292
l3-032-ca-breach,50,1,direct,2,ok,1,141284.306,7,10719,10719
l3-033-ca-consumer,50,1,direct,2,ok,1,137424.604,2,6006,6006
l3-037-au-breach,50,1,direct,2,ok,1,158443.339,2,5400,5400
l3-039-au-platform,50,1,direct,2,ok,1,169477.371,1,14860,14860
l3-041-sg-transfer,50,1,direct,2,ok,1,133116.409,0,27085,27085
l3-043-sg-consumer,50,1,direct,2,ok,1,132786.507,3,4226,4226
l3-045-sg-worker-ai,50,1,direct,2,ok,1,61410.636,0,,
l3-046-vn-transfer,50,1,direct,2,ok,1,159331.861,3,27085,27085
l3-047-vn-breach,50,1,direct,2,ok,1,93896.532,2,10719,10719
l3-053-th-consumer,50,1,direct,2,ok,1,155340.308,2,11856,11856
l3-054-th-platform,50,1,direct,2,ok,1,5892.558,0,,
l3-056-id-transfer,50,1,direct,2,ok,1,156653.189,2,11586,11586
l3-057-id-breach,50,1,direct,2,ok,1,141006.198,3,4939,4939
l3-058-id-consumer,50,1,direct,2,ok,1,140751.488,1,19316,19316
l3-059-id-platform,50,1,direct,2,ok,1,7151.581,0,,
l3-062-my-breach,50,1,direct,2,ok,1,182500.222,1,10558,10558
l3-063-my-consumer,50,1,direct,2,ok,1,91362.843,0,,
l3-065-my-worker-ai,50,1,direct,2,ok,1,132635.247,0,27008,27008
l3-066-ph-transfer,50,1,direct,2,ok,1,178305.093,1,16050,16050
l3-067-ph-breach,50,1,direct,2,ok,1,176720.692,2,25082,25082
l3-072-in-breach,50,1,direct,2,ok,1,16110.168,0,,
l3-073-in-consumer,50,1,direct,2,ok,1,68188.136,2,6796,6796
l3-075-in-worker-ai,50,1,direct,2,ok,1,107492.991,3,8368,8368
l3-078-br-consumer,50,1,direct,2,ok,1,85791.569,2,6798,6798
l3-079-br-platform,50,1,direct,2,ok,1,179787.829,2,1482,1482
l3-081-es-transfer,50,1,direct,2,ok,1,8436.284,0,,
l3-082-es-breach,50,1,direct,2,ok,1,202582.155,1,25082,25082
l3-088-it-consumer,50,1,direct,2,ok,1,16678.826,0,,
l3-092-nl-breach,50,1,direct,2,ok,1,7381.444,0,,
l3-098-nz-consumer,50,1,direct,2,ok,1,131898.046,3,7923,7923
l3-100-nz-worker-ai,50,1,direct,2,ok,1,163533.803,5,18432,18432
l4-001-jp-digital-platform,50,1,direct,2,ok,1,187931.688,3,14117,14117
l4-004-jp-fintech,50,1,direct,2,ok,1,120706.952,5,5369,5369
l4-008-us-online-sales,50,1,direct,2,ok,1,243328.909,0,9845,9845
l4-009-us-fintech,50,1,direct,2,ok,1,170016.046,6,12266,12266
l4-012-cn-automated-hiring,50,1,direct,2,ok,1,175400.031,5,8376,8376
l4-015-cn-manufacturer,50,1,direct,2,ok,1,134943.945,6,4731,4731
l4-016-de-digital-platform,50,1,direct,2,ok,1,128268.928,3,17609,17609
l4-020-de-manufacturer,50,1,direct,2,ok,1,106717.258,6,9282,9282
l4-021-fr-digital-platform,50,1,direct,2,ok,1,145751.63,2,21543,21543
l4-022-fr-automated-hiring,50,1,direct,2,ok,1,187118.945,4,27102,27102
l4-023-fr-online-sales,50,1,direct,2,ok,1,149010.544,4,19363,19363
l4-024-fr-fintech,50,1,direct,2,ok,1,126643.174,2,23838,23838
l4-027-uk-automated-hiring,50,1,direct,2,ok,1,158580.816,2,7731,7731
l4-029-uk-fintech,50,1,direct,2,ok,1,167533.068,3,6139,6139
l4-032-ca-automated-hiring,50,1,direct,2,ok,1,200921.838,4,15592,15592
l4-034-ca-fintech,50,1,direct,2,ok,1,163975.338,2,4181,4181
l4-036-au-digital-platform,50,1,direct,2,ok,1,123001.591,3,16258,16258
l4-038-au-online-sales,50,1,direct,2,ok,1,155180.327,1,9686,9686
l4-039-au-fintech,50,1,direct,2,ok,1,158839.757,3,15474,15474
l4-040-au-manufacturer,50,1,direct,2,ok,1,168357.706,4,8201,8201
l4-044-sg-fintech,50,1,direct,2,ok,1,155679.207,4,24359,24359
l4-045-sg-manufacturer,50,1,direct,2,ok,1,131873.307,3,2864,2864
l4-051-th-digital-platform,50,1,direct,2,ok,1,168897.304,1,11182,11182
l4-054-th-fintech,50,1,direct,2,ok,1,150895.769,3,3928,3928
l4-055-th-manufacturer,50,1,direct,2,ok,1,112629.318,6,6617,6617
l4-058-id-online-sales,50,1,direct,2,ok,1,134571.449,3,7197,7197
l4-059-id-fintech,50,1,direct,2,ok,1,156363.178,4,17321,17321
l4-063-my-online-sales,50,1,direct,2,ok,1,115548.732,3,5223,5223
l4-065-my-manufacturer,50,1,direct,2,ok,1,162151.617,2,4845,4845
l4-067-ph-automated-hiring,50,1,direct,2,ok,1,215621.17,3,5510,5510
l4-069-ph-fintech,50,1,direct,2,ok,1,147015.311,4,8266,8266
l4-070-ph-manufacturer,50,1,direct,2,ok,1,148773.54,8,8295,8295
l4-071-in-digital-platform,50,1,direct,2,ok,1,159501.813,2,22506,22506
l4-072-in-automated-hiring,50,1,direct,2,ok,1,169628.903,6,10554,10554
l4-075-in-manufacturer,50,1,direct,2,ok,1,109265.452,2,4668,4668
l4-080-br-manufacturer,50,1,direct,2,ok,1,163914.347,4,6429,6429
l4-081-es-digital-platform,50,1,direct,2,ok,1,147476.996,2,12843,12843
l4-082-es-automated-hiring,50,1,direct,2,ok,1,150560.306,1,15198,15198
l4-083-es-online-sales,50,1,direct,2,ok,1,150603.332,3,18634,18634
l4-088-it-online-sales,50,1,direct,2,ok,1,17025.023,0,,
l4-089-it-fintech,50,1,direct,2,ok,1,10341.024,0,,
l4-090-it-manufacturer,50,1,direct,2,ok,1,60890.293,0,,
l4-092-nl-automated-hiring,50,1,direct,2,ok,1,12288.84,0,,
l4-093-nl-online-sales,50,1,direct,2,ok,1,4715.132,0,,
l4-094-nl-fintech,50,1,direct,2,ok,1,5741.053,0,,
l4-095-nl-manufacturer,50,1,direct,2,ok,1,62417.995,0,,
l4-096-nz-digital-platform,50,1,direct,2,ok,1,130488.436,3,5786,5786
l4-097-nz-automated-hiring,50,1,direct,2,ok,1,154836.385,4,7518,7518
l4-099-nz-fintech,50,1,direct,2,ok,1,114036.832,2,18660,18660
l4-100-nz-manufacturer,50,1,direct,2,ok,1,155063.507,3,12102,12102
l1-001-jp,50,1,original,1,ok,1,142898.789,4,7288,7288
l1-002-jp,50,1,original,1,ok,1,134132.278,2,10180,10180
l1-003-jp,50,1,original,1,ok,1,128851.757,1,9238,9238
l1-005-jp,50,1,original,1,ok,1,149812.801,4,2426,2426
l1-010-us,50,1,original,1,ok,1,53766.916,2,14100,14100
l1-012-cn,50,1,original,1,ok,1,154290.312,2,6783,6783
l1-013-cn,50,1,original,1,ok,1,159147.072,1,6991,6991
l1-018-de,50,1,original,1,ok,1,170253.552,2,9933,9933
l1-019-de,50,1,original,1,ok,1,158720.936,1,23400,23400
l1-023-fr,50,1,original,1,ok,1,216628.886,1,26211,26211
l1-024-fr,50,1,original,1,ok,1,135408.616,0,17877,17877
l1-025-fr,50,1,original,1,ok,1,169966.621,4,13199,13199
l1-027-uk,50,1,original,1,ok,1,156668.582,2,6148,6148
l1-031-ca,50,1,original,1,ok,1,111141.058,4,9753,9753
l1-032-ca,50,1,original,1,ok,1,121876.905,1,2328,2328
l1-033-ca,50,1,original,1,ok,1,157019.521,3,7197,7197
l1-035-ca,50,1,original,1,ok,1,151665.865,0,9148,9148
l1-036-au,50,1,original,1,ok,1,130291.433,0,23747,23747
l1-037-au,50,1,original,1,ok,1,131272.798,2,6135,6135
l1-038-au,50,1,original,1,ok,1,164966.916,5,27052,27052
l1-039-au,50,1,original,1,ok,1,109790.837,1,10110,10110
l1-040-au,50,1,original,1,ok,1,165753.46,3,24374,24374
l1-041-sg,50,1,original,1,ok,1,126296.199,1,22558,22558
l1-042-sg,50,1,original,1,ok,1,184552.964,2,18165,18165
l1-044-sg,50,1,original,1,ok,1,170979.194,3,10069,10069
l1-046-vn,50,1,original,1,ok,1,118150.237,1,789,789
l1-049-vn,50,1,original,1,ok,1,173700.487,2,3499,3499
l1-050-vn,50,1,original,1,ok,1,114207.857,4,11069,11069
l1-051-th,50,1,original,1,ok,1,183365.225,1,7247,7247
l1-052-th,50,1,original,1,ok,1,77144.298,1,9447,9447
l1-053-th,50,1,original,1,ok,1,145532.148,1,12821,12821
l1-054-th,50,1,original,1,ok,1,147185.077,2,11230,11230
l1-055-th,50,1,original,1,ok,1,124494.249,0,8940,8940
l1-059-id,50,1,original,1,ok,1,123647.836,0,11312,11312
l1-060-id,50,1,original,1,ok,1,110313.48,3,4549,4549
l1-062-my,50,1,original,1,ok,1,139656.692,1,12785,12785
l1-065-my,50,1,original,1,ok,1,146294.906,3,8238,8238
l1-068-ph,50,1,original,1,ok,1,185207.799,1,17211,17211
l1-070-ph,50,1,original,1,ok,1,116489.348,3,21636,21636
l1-075-in,50,1,original,1,ok,1,116186.737,1,14522,14522
l1-078-br,50,1,original,1,ok,1,125472.084,1,3690,3690
l1-081-es,50,1,original,1,ok,1,124414.689,0,19919,19919
l1-082-es,50,1,original,1,ok,1,174940.766,4,12552,12552
l1-085-es,50,1,original,1,ok,1,135750.678,1,6458,6458
l1-091-nl,50,1,original,1,ok,1,97206.157,0,,
l1-092-nl,50,1,original,1,ok,1,106940.409,0,,
l1-094-nl,50,1,original,1,ok,1,22449.526,0,,
l1-095-nl,50,1,original,1,ok,1,15526.868,0,,
l1-097-nz,50,1,original,1,ok,1,126469.614,3,11822,11822
l1-098-nz,50,1,original,1,ok,1,159507.267,1,9519,9519
l2-001-jp-data-rights,50,1,original,1,ok,1,99759.516,1,6424,6424
l2-002-jp-breach,50,1,original,1,ok,1,130545.334,3,3106,3106
l2-003-jp-transfer,50,1,original,1,ok,1,107931.421,2,13808,13808
l2-010-us-worker,50,1,original,1,ok,1,73601.568,4,15612,15612
l2-013-cn-transfer,50,1,original,1,ok,1,59504.739,1,12490,12490
l2-017-de-breach,50,1,original,1,ok,1,201123.207,2,10433,10433
l2-022-fr-breach,50,1,original,1,ok,1,69970.206,2,14061,14061
l2-024-fr-consumer,50,1,original,1,ok,1,138317.96,3,18610,18610
l2-026-uk-data-rights,50,1,original,1,ok,1,117958.683,3,3669,3669
l2-029-uk-consumer,50,1,original,1,ok,1,89917.99,2,18523,18523
l2-034-ca-consumer,50,1,original,1,ok,1,107714.254,1,4183,4183
l2-035-ca-worker,50,1,original,1,ok,1,104893.289,2,12496,12496
l2-036-au-data-rights,50,1,original,1,ok,1,145554.675,2,12681,12681
l2-038-au-transfer,50,1,original,1,ok,1,137983.92,2,19625,19625
l2-039-au-consumer,50,1,original,1,ok,1,172670.061,3,9500,9500
l2-040-au-worker,50,1,original,1,ok,1,59262.366,2,4057,4057
l2-045-sg-worker,50,1,original,1,ok,1,133554.382,1,11064,11064
l2-046-vn-data-rights,50,1,original,1,ok,1,141059.481,2,11418,11418
l2-047-vn-breach,50,1,original,1,ok,1,102429.801,5,11515,11515
l2-051-th-data-rights,50,1,original,1,ok,1,134378.42,1,9181,9181
l2-052-th-breach,50,1,original,1,ok,1,90609.964,2,7597,7597
l2-053-th-transfer,50,1,original,1,ok,1,75318.177,1,,
l2-054-th-consumer,50,1,original,1,ok,1,176306.276,2,5633,5633
l2-055-th-worker,50,1,original,1,ok,1,135890.079,4,9356,9356
l2-056-id-data-rights,50,1,original,1,ok,1,119522.761,1,7438,7438
l2-057-id-breach,50,1,original,1,ok,1,81132.133,2,6847,6847
l2-060-id-worker,50,1,original,1,ok,1,136716.381,1,11993,11993
l2-061-my-data-rights,50,1,original,1,ok,1,108890.905,1,12630,12630
l2-064-my-consumer,50,1,original,1,ok,1,90339.494,4,5533,5533
l2-066-ph-data-rights,50,1,original,1,ok,1,141554.259,1,8395,8395
l2-067-ph-breach,50,1,original,1,ok,1,130693.357,2,22469,22469
l2-068-ph-transfer,50,1,original,1,ok,1,104595.313,1,17208,17208
l2-070-ph-worker,50,1,original,1,ok,1,134095.391,1,15929,15929
l2-071-in-data-rights,50,1,original,1,ok,1,124689.399,1,18470,18470
l2-072-in-breach,50,1,original,1,ok,1,54674.889,2,14524,14524
l2-073-in-transfer,50,1,original,1,ok,1,110068.035,2,13023,13023
l2-081-es-data-rights,50,1,original,1,ok,1,117512.851,2,,
l2-082-es-breach,50,1,original,1,ok,1,75414.843,3,13297,13297
l2-083-es-transfer,50,1,original,1,ok,1,173117.867,2,23525,23525
l2-084-es-consumer,50,1,original,1,ok,1,147291.392,4,19285,19285
l2-085-es-worker,50,1,original,1,ok,1,72872.873,2,15956,15956
l2-086-it-data-rights,50,1,original,1,ok,1,18818.943,0,,
l2-087-it-breach,50,1,original,1,ok,1,23195.209,0,,
l2-088-it-transfer,50,1,original,1,ok,1,63367.073,0,,
l2-089-it-consumer,50,1,original,1,ok,1,23415.134,0,,
l2-090-it-worker,50,1,original,1,ok,1,91600.486,0,,
l2-091-nl-data-rights,50,1,original,1,ok,1,3744.265,0,,
l2-092-nl-breach,50,1,original,1,ok,1,4987.317,0,,
l2-096-nz-data-rights,50,1,original,1,ok,1,78593.931,3,10443,10443
l2-100-nz-worker,50,1,original,1,ok,1,50110.061,3,7221,7221
l3-001-jp-transfer,50,1,original,1,ok,1,193139.882,2,7197,7197
l3-002-jp-breach,50,1,original,1,ok,1,176964.577,3,12720,12720
l3-005-jp-worker-ai,50,1,original,1,ok,1,121851.51,4,4392,4392
l3-007-us-breach,50,1,original,1,ok,1,124571.8,2,11813,11813
l3-008-us-consumer,50,1,original,1,ok,1,129668.554,1,9845,9845
l3-010-us-worker-ai,50,1,original,1,ok,1,134002.025,2,27008,27008
l3-011-cn-transfer,50,1,original,1,ok,1,182598.412,3,9089,9089
l3-013-cn-consumer,50,1,original,1,ok,1,138041.155,2,16079,16079
l3-014-cn-platform,50,1,original,1,ok,1,151433.283,4,1482,1482
l3-015-cn-worker-ai,50,1,original,1,ok,1,156276.507,2,8476,8476
l3-016-de-transfer,50,1,original,1,ok,1,125057.808,0,17981,17981
l3-018-de-consumer,50,1,original,1,ok,1,124228.795,6,14609,14609
l3-019-de-platform,50,1,original,1,ok,1,105077.97,7,12938,12938
l3-020-de-worker-ai,50,1,original,1,ok,1,137528.674,2,8368,8368
l3-023-fr-consumer,50,1,original,1,ok,1,122233.084,0,18723,18723
l3-025-fr-worker-ai,50,1,original,1,ok,1,180242.454,3,22180,22180
l3-026-uk-transfer,50,1,original,1,ok,1,155450.266,4,13411,13411
l3-028-uk-consumer,50,1,original,1,ok,1,122282.01,0,9665,9665
l3-030-uk-worker-ai,50,1,original,1,ok,1,122439.516,0,4292,4292
l3-032-ca-breach,50,1,original,1,ok,1,122759.492,0,10201,10201
l3-033-ca-consumer,50,1,original,1,ok,1,127133.545,1,3365,3365
l3-037-au-breach,50,1,original,1,ok,1,158463.171,2,5404,5404
l3-039-au-platform,50,1,original,1,ok,1,181654.501,1,14860,14860
l3-041-sg-transfer,50,1,original,1,ok,1,167521.953,2,20275,20275
l3-043-sg-consumer,50,1,original,1,ok,1,116032.244,2,4226,4226
l3-045-sg-worker-ai,50,1,original,1,ok,1,41365.2,0,,
l3-046-vn-transfer,50,1,original,1,ok,1,210357.525,2,9990,9990
l3-047-vn-breach,50,1,original,1,ok,1,132201.671,3,9785,9785
l3-053-th-consumer,50,1,original,1,ok,1,137128.867,2,11856,11856
l3-054-th-platform,50,1,original,1,ok,1,16154.833,0,,
l3-056-id-transfer,50,1,original,1,ok,1,144406.476,2,10146,10146
l3-057-id-breach,50,1,original,1,ok,1,150590.099,3,20101,20101
l3-058-id-consumer,50,1,original,1,ok,1,132339.791,2,19316,19316
l3-059-id-platform,50,1,original,1,ok,1,5556.262,0,,
l3-062-my-breach,50,1,original,1,ok,1,172840.053,1,11753,11753
l3-063-my-consumer,50,1,original,1,ok,1,2602.443,0,,
l3-065-my-worker-ai,50,1,original,1,ok,1,156855.34,2,27008,27008
l3-066-ph-transfer,50,1,original,1,ok,1,184431.62,2,14304,14304
l3-067-ph-breach,50,1,original,1,ok,1,122707.714,0,13050,13050
l3-072-in-breach,50,1,original,1,ok,1,6249.589,0,,
l3-073-in-consumer,50,1,original,1,ok,1,88962.101,3,4404,4404
l3-075-in-worker-ai,50,1,original,1,ok,1,111496.119,3,14917,14917
l3-078-br-consumer,50,1,original,1,ok,1,134324.209,2,6798,6798
l3-079-br-platform,50,1,original,1,ok,1,122700.639,0,1482,1482
l3-081-es-transfer,50,1,original,1,ok,1,28517.726,0,,
l3-082-es-breach,50,1,original,1,ok,1,211016.436,1,24804,24804
l3-088-it-consumer,50,1,original,1,ok,1,5005.391,0,,
l3-092-nl-breach,50,1,original,1,ok,1,5528.241,0,,
l3-098-nz-consumer,50,1,original,1,ok,1,247079.906,3,18723,18723
l3-100-nz-worker-ai,50,1,original,1,ok,1,270556.876,4,18432,18432
l4-001-jp-digital-platform,50,1,original,1,ok,1,162805.179,3,14131,14131
l4-004-jp-fintech,50,1,original,1,ok,1,101009.296,5,5371,5371
l4-008-us-online-sales,50,1,original,1,ok,1,158721.028,3,6820,6820
l4-009-us-fintech,50,1,original,1,ok,1,155032.268,6,12266,12266
l4-012-cn-automated-hiring,50,1,original,1,ok,1,161191.619,5,8376,8376
l4-015-cn-manufacturer,50,1,original,1,ok,1,149739.789,6,4731,4731
l4-016-de-digital-platform,50,1,original,1,ok,1,115378.226,3,17609,17609
l4-020-de-manufacturer,50,1,original,1,ok,1,85999.442,5,5341,5341
l4-021-fr-digital-platform,50,1,original,1,ok,1,117033.165,2,21543,21543
l4-022-fr-automated-hiring,50,1,original,1,ok,1,137390.492,4,26352,26352
l4-023-fr-online-sales,50,1,original,1,ok,1,122272.383,4,19359,19359
l4-024-fr-fintech,50,1,original,1,ok,1,138735.775,2,23838,23838
l4-027-uk-automated-hiring,50,1,original,1,ok,1,129707.864,2,7729,7729
l4-029-uk-fintech,50,1,original,1,ok,1,117104.573,3,6139,6139
l4-032-ca-automated-hiring,50,1,original,1,ok,1,138177.051,4,15592,15592
l4-034-ca-fintech,50,1,original,1,ok,1,134784.013,2,4169,4169
l4-036-au-digital-platform,50,1,original,1,ok,1,108150.158,3,16258,16258
l4-038-au-online-sales,50,1,original,1,ok,1,148102.015,1,9688,9688
l4-039-au-fintech,50,1,original,1,ok,1,132757.247,3,15464,15464
l4-040-au-manufacturer,50,1,original,1,ok,1,131764.521,4,6383,6383
l4-044-sg-fintech,50,1,original,1,ok,1,138259.79,3,25258,25258
l4-045-sg-manufacturer,50,1,original,1,ok,1,103550.766,3,2864,2864
l4-051-th-digital-platform,50,1,original,1,ok,1,77058.121,1,11182,11182
l4-054-th-fintech,50,1,original,1,ok,1,143770.459,3,3926,3926
l4-055-th-manufacturer,50,1,original,1,ok,1,94634.126,5,6617,6617
l4-058-id-online-sales,50,1,original,1,ok,1,123154.968,4,8118,8118
l4-059-id-fintech,50,1,original,1,ok,1,177269.473,4,17311,17311
l4-063-my-online-sales,50,1,original,1,ok,1,107156.548,3,5223,5223
l4-065-my-manufacturer,50,1,original,1,ok,1,109181.97,2,4845,4845
l4-067-ph-automated-hiring,50,1,original,1,ok,1,159817.454,3,5510,5510
l4-069-ph-fintech,50,1,original,1,ok,1,120650.654,4,8266,8266
l4-070-ph-manufacturer,50,1,original,1,ok,1,153047.119,9,7530,7530
l4-071-in-digital-platform,50,1,original,1,ok,1,127196.447,2,22506,22506
l4-072-in-automated-hiring,50,1,original,1,ok,1,151556.796,6,10554,10554
l4-075-in-manufacturer,50,1,original,1,ok,1,88423.899,2,4668,4668
l4-080-br-manufacturer,50,1,original,1,ok,1,143107.446,4,6510,6510
l4-081-es-digital-platform,50,1,original,1,ok,1,118616.388,2,12843,12843
l4-082-es-automated-hiring,50,1,original,1,ok,1,139774.507,1,15198,15198
l4-083-es-online-sales,50,1,original,1,ok,1,152483.104,3,16653,16653
l4-088-it-online-sales,50,1,original,1,ok,1,4770.593,0,,
l4-089-it-fintech,50,1,original,1,ok,1,2496.539,0,,
l4-090-it-manufacturer,50,1,original,1,ok,1,2149.112,0,,
l4-092-nl-automated-hiring,50,1,original,1,ok,1,2432.952,0,,
l4-093-nl-online-sales,50,1,original,1,ok,1,18251.311,0,,
l4-094-nl-fintech,50,1,original,1,ok,1,5359.202,0,,
l4-095-nl-manufacturer,50,1,original,1,ok,1,7793.464,0,,
l4-096-nz-digital-platform,50,1,original,1,ok,1,141243.067,3,5786,5786
l4-097-nz-automated-hiring,50,1,original,1,ok,1,143342.526,4,7518,7518
l4-099-nz-fintech,50,1,original,1,ok,1,130318.882,2,18660,18660
l4-100-nz-manufacturer,50,1,original,1,ok,1,136918.318,3,12098,12098
l1-001-jp,50,1,reduce,3,ok,1,117715.7,5,7288,4216
l1-002-jp,50,1,reduce,3,ok,1,101097.587,2,10180,5217
l1-003-jp,50,1,reduce,3,ok,1,99336.155,1,9238,6242
l1-005-jp,50,1,reduce,3,ok,1,131532.629,4,2426,1546
l1-010-us,50,1,reduce,3,ok,1,93419.024,2,14100,2578
l1-012-cn,50,1,reduce,3,ok,1,132110.257,2,6783,4146
l1-013-cn,50,1,reduce,3,ok,1,198952.81,1,6997,4371
l1-018-de,50,1,reduce,3,ok,1,170811.726,4,9933,4929
l1-019-de,50,1,reduce,3,ok,1,57707.724,3,23400,3735
l1-023-fr,50,1,reduce,3,ok,1,192702.906,1,26211,10039
l1-024-fr,50,1,reduce,3,ok,1,177420.567,2,17877,6432
l1-025-fr,50,1,reduce,3,ok,1,197834.841,2,13199,4235
l1-027-uk,50,1,reduce,3,ok,1,162112.716,2,6148,3677
l1-031-ca,50,1,reduce,3,ok,1,99867.203,4,9753,5724
l1-032-ca,50,1,reduce,3,ok,1,131186.677,1,2328,1327
l1-033-ca,50,1,reduce,3,ok,1,180177.941,3,7197,2079
l1-035-ca,50,1,reduce,3,ok,1,152698.28,1,9148,4466
l1-036-au,50,1,reduce,3,ok,1,111412.958,5,23747,3574
l1-037-au,50,1,reduce,3,ok,1,180000.07,2,6135,2823
l1-038-au,50,1,reduce,3,ok,1,182363.663,6,7030,4009
l1-039-au,50,1,reduce,3,ok,1,91999.395,1,10110,4894
l1-040-au,50,1,reduce,3,ok,1,177502.94,3,24374,4680
l1-041-sg,50,1,reduce,3,ok,1,102996.417,1,22558,8527
l1-042-sg,50,1,reduce,3,ok,1,203362.965,3,18165,6691
l1-044-sg,50,1,reduce,3,ok,1,140399.396,3,10069,3178
l1-046-vn,50,1,reduce,3,ok,1,143348.025,1,789,525
l1-049-vn,50,1,reduce,3,ok,1,140025.51,2,3499,2125
l1-050-vn,50,1,reduce,3,ok,1,138689.659,4,11069,5666
l1-051-th,50,1,reduce,3,ok,1,142701.083,1,7247,4600
l1-052-th,50,1,reduce,3,ok,1,140084.886,1,9447,5478
l1-053-th,50,1,reduce,3,ok,1,180789.648,1,12821,8136
l1-054-th,50,1,reduce,3,ok,1,171041.262,2,11230,6871
l1-055-th,50,1,reduce,3,ok,1,101394.024,2,8940,3102
l1-059-id,50,1,reduce,3,ok,1,122051.016,0,11312,6690
l1-060-id,50,1,reduce,3,ok,1,93786.503,3,4549,3081
l1-062-my,50,1,reduce,3,ok,1,119659.013,1,12785,8316
l1-065-my,50,1,reduce,3,ok,1,177281.696,3,8238,3940
l1-068-ph,50,1,reduce,3,ok,1,147534.426,1,17211,9658
l1-070-ph,50,1,reduce,3,ok,1,141136.292,3,21636,6843
l1-075-in,50,1,reduce,3,ok,1,97388.799,1,14522,11454
l1-078-br,50,1,reduce,3,ok,1,91110.991,1,3690,1546
l1-081-es,50,1,reduce,3,ok,1,122013.911,0,19919,10157
l1-082-es,50,1,reduce,3,ok,1,207213.41,5,12552,5945
l1-085-es,50,1,reduce,3,ok,1,112220.808,1,6458,2901
l1-091-nl,50,1,reduce,3,ok,1,56564.667,0,,
l1-092-nl,50,1,reduce,3,ok,1,53443.394,0,,
l1-094-nl,50,1,reduce,3,ok,1,61220.647,0,,
l1-095-nl,50,1,reduce,3,ok,1,16805.201,0,,
l1-097-nz,50,1,reduce,3,ok,1,180603.185,2,11822,4512
l1-098-nz,50,1,reduce,3,ok,1,194330.203,1,9519,2127
l2-001-jp-data-rights,50,1,reduce,3,ok,1,76032.511,1,6919,4331
l2-002-jp-breach,50,1,reduce,3,ok,1,135514.377,3,3108,2112
l2-003-jp-transfer,50,1,reduce,3,ok,1,81865.471,2,13808,5496
l2-010-us-worker,50,1,reduce,3,ok,1,54321.59,2,15612,5228
l2-013-cn-transfer,50,1,reduce,3,ok,1,59068.212,1,12490,6712
l2-017-de-breach,50,1,reduce,3,ok,1,147499.619,2,10431,5163
l2-022-fr-breach,50,1,reduce,3,ok,1,52457.514,3,14059,5192
l2-024-fr-consumer,50,1,reduce,3,ok,1,82553.726,2,18610,6010
l2-026-uk-data-rights,50,1,reduce,3,ok,1,122471.632,3,3669,2426
l2-029-uk-consumer,50,1,reduce,3,ok,1,106958.196,2,18523,8843
l2-034-ca-consumer,50,1,reduce,3,ok,1,75554.59,1,4183,2205
l2-035-ca-worker,50,1,reduce,3,ok,1,102311.444,2,12496,4322
l2-036-au-data-rights,50,1,reduce,3,ok,1,132475.141,2,12681,4100
l2-038-au-transfer,50,1,reduce,3,ok,1,87984.965,2,19625,5758
l2-039-au-consumer,50,1,reduce,3,ok,1,118052.472,3,9500,4326
l2-040-au-worker,50,1,reduce,3,ok,1,68315.623,2,4057,2770
l2-045-sg-worker,50,1,reduce,3,ok,1,99940.702,1,11064,4423
l2-046-vn-data-rights,50,1,reduce,3,ok,1,136357.43,2,11416,5942
l2-047-vn-breach,50,1,reduce,3,ok,1,115414.229,4,10566,4230
l2-051-th-data-rights,50,1,reduce,3,ok,1,124537.39,1,9181,6443
l2-052-th-breach,50,1,reduce,3,ok,1,57494.136,2,7597,4614
l2-053-th-transfer,50,1,reduce,3,ok,1,72851.677,1,10563,7155
l2-054-th-consumer,50,1,reduce,3,ok,1,115449.314,2,5633,2751
l2-055-th-worker,50,1,reduce,3,ok,1,95975.306,2,9356,3416
l2-056-id-data-rights,50,1,reduce,3,ok,1,88714.432,1,7438,4222
l2-057-id-breach,50,1,reduce,3,ok,1,73344.869,2,6847,2599
l2-060-id-worker,50,1,reduce,3,ok,1,114779.178,1,11993,6920
l2-061-my-data-rights,50,1,reduce,3,ok,1,135815.293,1,12630,5604
l2-064-my-consumer,50,1,reduce,3,ok,1,119110.744,4,5533,2939
l2-066-ph-data-rights,50,1,reduce,3,ok,1,89000.703,1,8395,5135
l2-067-ph-breach,50,1,reduce,3,ok,1,113834.232,2,22469,8201
l2-068-ph-transfer,50,1,reduce,3,ok,1,118015.395,1,17208,7814
l2-070-ph-worker,50,1,reduce,3,ok,1,148844.017,1,15929,7460
l2-071-in-data-rights,50,1,reduce,3,ok,1,90328.837,1,18470,5881
l2-072-in-breach,50,1,reduce,3,ok,1,73579.521,3,14524,4193
l2-073-in-transfer,50,1,reduce,3,ok,1,111435.068,2,13023,4151
l2-081-es-data-rights,50,1,reduce,3,ok,1,91749.184,2,12888,7471
l2-082-es-breach,50,1,reduce,3,ok,1,49597.093,3,13297,2708
l2-083-es-transfer,50,1,reduce,3,ok,1,138085.408,2,23525,9554
l2-084-es-consumer,50,1,reduce,3,ok,1,110902.926,4,19285,7712
l2-085-es-worker,50,1,reduce,3,ok,1,77443.52,2,15423,7315
l2-086-it-data-rights,50,1,reduce,3,ok,1,1799.159,0,,
l2-087-it-breach,50,1,reduce,3,ok,1,3105.033,0,,
l2-088-it-transfer,50,1,reduce,3,ok,1,19032.277,0,,
l2-089-it-consumer,50,1,reduce,3,ok,1,46943.341,0,,
l2-090-it-worker,50,1,reduce,3,ok,1,35759.013,0,,
l2-091-nl-data-rights,50,1,reduce,3,ok,1,14666.177,0,,
l2-092-nl-breach,50,1,reduce,3,ok,1,4762.015,0,,
l2-096-nz-data-rights,50,1,reduce,3,ok,1,58860.579,2,10443,3245
l2-100-nz-worker,50,1,reduce,3,ok,1,58082.985,3,7221,4778
l3-001-jp-transfer,50,1,reduce,3,ok,1,145117.242,2,8091,3479
l3-002-jp-breach,50,1,reduce,3,ok,1,241615.87,3,7703,3372
l3-005-jp-worker-ai,50,1,reduce,3,ok,1,96401.504,2,4400,2110
l3-007-us-breach,50,1,reduce,3,ok,1,90496.972,2,10073,4196
l3-008-us-consumer,50,1,reduce,3,ok,1,89119.468,4,9845,4022
l3-010-us-worker-ai,50,1,reduce,3,ok,1,90226.743,2,27014,5954
l3-011-cn-transfer,50,1,reduce,3,ok,1,152320.382,3,10383,6390
l3-013-cn-consumer,50,1,reduce,3,ok,1,90247.948,2,16079,6858
l3-014-cn-platform,50,1,reduce,3,ok,1,119417.233,3,12239,5376
l3-015-cn-worker-ai,50,1,reduce,3,ok,1,99685.186,3,8086,2740
l3-016-de-transfer,50,1,reduce,3,ok,1,106772.79,2,12757,5244
l3-018-de-consumer,50,1,reduce,3,ok,1,107430.969,4,10007,4403
l3-019-de-platform,50,1,reduce,3,ok,1,98826.77,5,12624,6939
l3-020-de-worker-ai,50,1,reduce,3,ok,1,97741.96,2,8364,3044
l3-023-fr-consumer,50,1,reduce,3,ok,1,157054.941,2,18723,6787
l3-025-fr-worker-ai,50,1,reduce,3,ok,1,114013.882,3,14308,7805
l3-026-uk-transfer,50,1,reduce,3,ok,1,129068.971,4,13407,2976
l3-028-uk-consumer,50,1,reduce,3,ok,1,130759.775,3,9665,5729
l3-030-uk-worker-ai,50,1,reduce,3,ok,1,110526.279,3,14921,4575
l3-032-ca-breach,50,1,reduce,3,ok,1,124695.792,6,8945,4052
l3-033-ca-consumer,50,1,reduce,3,ok,1,96970.667,2,3365,1653
l3-037-au-breach,50,1,reduce,3,ok,1,128835.546,2,4758,2226
l3-039-au-platform,50,1,reduce,3,ok,1,144039.307,2,14860,4755
l3-041-sg-transfer,50,1,reduce,3,ok,1,121372.206,2,27089,7735
l3-043-sg-consumer,50,1,reduce,3,ok,1,103299.139,3,4226,2147
l3-045-sg-worker-ai,50,1,reduce,3,ok,1,52865.669,0,,
l3-046-vn-transfer,50,1,reduce,3,ok,1,148405.276,3,10573,7155
l3-047-vn-breach,50,1,reduce,3,ok,1,117145.111,4,11753,6663
l3-053-th-consumer,50,1,reduce,3,ok,1,117330.815,2,11856,4671
l3-054-th-platform,50,1,reduce,3,ok,1,13630.222,0,,
l3-056-id-transfer,50,1,reduce,3,ok,1,109559.289,2,12638,5802
l3-057-id-breach,50,1,reduce,3,ok,1,98981.736,3,18911,7827
l3-058-id-consumer,50,1,reduce,3,ok,1,87038.926,2,19316,6975
l3-059-id-platform,50,1,reduce,3,ok,1,5416.682,0,,
l3-062-my-breach,50,1,reduce,3,ok,1,126157.189,1,10556,5393
l3-063-my-consumer,50,1,reduce,3,ok,1,2543.446,0,,
l3-065-my-worker-ai,50,1,reduce,3,ok,1,110419.155,2,27016,5954
l3-066-ph-transfer,50,1,reduce,3,ok,1,164766.639,2,11631,3197
l3-067-ph-breach,50,1,reduce,3,ok,1,130677.287,2,13046,5349
l3-072-in-breach,50,1,reduce,3,ok,1,2379.038,0,,
l3-073-in-consumer,50,1,reduce,3,ok,1,71240.823,3,4404,2535
l3-075-in-worker-ai,50,1,reduce,3,ok,1,73181.719,2,8364,3044
l3-078-br-consumer,50,1,reduce,3,ok,1,118326.937,2,6798,3460
l3-079-br-platform,50,1,reduce,3,ok,1,113555.503,1,18698,6718
l3-081-es-transfer,50,1,reduce,3,ok,1,10912.926,0,,
l3-082-es-breach,50,1,reduce,3,ok,1,178512.761,2,23909,10371
l3-088-it-consumer,50,1,reduce,3,ok,1,2005.656,0,,
l3-092-nl-breach,50,1,reduce,3,ok,1,5861.017,0,,
l3-098-nz-consumer,50,1,reduce,3,ok,1,140485.444,3,18723,6787
l3-100-nz-worker-ai,50,1,reduce,3,ok,1,141962.767,5,18432,9322
l4-001-jp-digital-platform,50,1,reduce,3,ok,1,148886.269,3,16492,8532
l4-004-jp-fintech,50,1,reduce,3,ok,1,89863.455,4,4873,3085
l4-008-us-online-sales,50,1,reduce,3,ok,1,150098.184,4,6816,4576
l4-009-us-fintech,50,1,reduce,3,ok,1,128649.428,6,12266,4474
l4-012-cn-automated-hiring,50,1,reduce,3,ok,1,124790.478,5,7435,4966
l4-015-cn-manufacturer,50,1,reduce,3,ok,1,134194.614,6,4731,3238
l4-016-de-digital-platform,50,1,reduce,3,ok,1,92945.762,3,17611,3249
l4-020-de-manufacturer,50,1,reduce,3,ok,1,112096.623,5,9280,3598
l4-021-fr-digital-platform,50,1,reduce,3,ok,1,98330.237,2,21551,8921
l4-022-fr-automated-hiring,50,1,reduce,3,ok,1,110856.799,3,22817,6973
l4-023-fr-online-sales,50,1,reduce,3,ok,1,122416.115,5,19363,8204
l4-024-fr-fintech,50,1,reduce,3,ok,1,92053.558,1,24408,8153
l4-027-uk-automated-hiring,50,1,reduce,3,ok,1,124732.106,2,7727,4346
l4-029-uk-fintech,50,1,reduce,3,ok,1,111854.233,3,6141,2202
l4-032-ca-automated-hiring,50,1,reduce,3,ok,1,120546.112,5,15592,6459
l4-034-ca-fintech,50,1,reduce,3,ok,1,77604.293,2,4179,1468
l4-036-au-digital-platform,50,1,reduce,3,ok,1,135548.373,3,16254,4874
l4-038-au-online-sales,50,1,reduce,3,ok,1,99527.813,1,9684,4649
l4-039-au-fintech,50,1,reduce,3,ok,1,79910.774,3,15470,4977
l4-040-au-manufacturer,50,1,reduce,3,ok,1,126524.845,4,8199,4113
l4-044-sg-fintech,50,1,reduce,3,ok,1,121048.749,4,24356,9085
l4-045-sg-manufacturer,50,1,reduce,3,ok,1,86664.005,3,2864,1827
l4-051-th-digital-platform,50,1,reduce,3,ok,1,116950.268,1,11933,7804
l4-054-th-fintech,50,1,reduce,3,ok,1,99047.725,3,3922,2666
l4-055-th-manufacturer,50,1,reduce,3,ok,1,88991.955,5,6138,3446
l4-058-id-online-sales,50,1,reduce,3,ok,1,101085.924,3,7753,4418
l4-059-id-fintech,50,1,reduce,3,ok,1,107918.106,4,18231,7305
l4-063-my-online-sales,50,1,reduce,3,ok,1,65907.827,3,5223,3468
l4-065-my-manufacturer,50,1,reduce,3,ok,1,113455.403,2,4845,3022
l4-067-ph-automated-hiring,50,1,reduce,3,ok,1,136809.416,4,5942,3560
l4-069-ph-fintech,50,1,reduce,3,ok,1,95087.05,3,8264,4289
l4-070-ph-manufacturer,50,1,reduce,3,ok,1,92800.053,8,8293,5373
l4-071-in-digital-platform,50,1,reduce,3,ok,1,187059.522,2,21014,9442
l4-072-in-automated-hiring,50,1,reduce,3,ok,1,113633.388,5,10554,3888
l4-075-in-manufacturer,50,1,reduce,3,ok,1,87589.285,2,4670,2731
l4-080-br-manufacturer,50,1,reduce,3,ok,1,99086.003,4,6427,4302
l4-081-es-digital-platform,50,1,reduce,3,ok,1,114104.366,2,12843,6199
l4-082-es-automated-hiring,50,1,reduce,3,ok,1,111229.449,1,13265,6347
l4-083-es-online-sales,50,1,reduce,3,ok,1,127020.139,2,12257,6648
l4-088-it-online-sales,50,1,reduce,3,ok,1,2437.589,0,,
l4-089-it-fintech,50,1,reduce,3,ok,1,1652.253,0,,
l4-090-it-manufacturer,50,1,reduce,3,ok,1,2397.116,0,,
l4-092-nl-automated-hiring,50,1,reduce,3,ok,1,1823.453,0,,
l4-093-nl-online-sales,50,1,reduce,3,ok,1,12954.582,0,,
l4-094-nl-fintech,50,1,reduce,3,ok,1,5469.673,0,,
l4-095-nl-manufacturer,50,1,reduce,3,ok,1,15486.504,0,,
l4-096-nz-digital-platform,50,1,reduce,3,ok,1,123983.428,3,5784,3435
l4-097-nz-automated-hiring,50,1,reduce,3,ok,1,116967.475,4,7034,3836
l4-099-nz-fintech,50,1,reduce,3,ok,1,102520.451,2,18660,3462
l4-100-nz-manufacturer,50,1,reduce,3,ok,1,97048.193,3,10026,6893
l1-001-jp,50,2,combined,3,ok,1,119518.335,5,7288,4216
l1-002-jp,50,2,combined,3,ok,1,102700.269,2,10180,5217
l1-003-jp,50,2,combined,3,ok,1,113848.221,1,9238,6242
l1-005-jp,50,2,combined,3,ok,1,143434.939,4,2426,1546
l1-010-us,50,2,combined,3,ok,1,85754.694,2,14100,2578
l1-012-cn,50,2,combined,3,ok,1,151313.884,2,6783,4146
l1-013-cn,50,2,combined,3,ok,1,138906.874,1,6997,4371
l1-018-de,50,2,combined,3,ok,1,116586.702,4,9933,4929
l1-019-de,50,2,combined,3,ok,1,61601.458,3,23400,3735
l1-023-fr,50,2,combined,3,ok,1,139018.641,1,26211,10039
l1-024-fr,50,2,combined,3,ok,1,106219.685,2,17877,6432
l1-025-fr,50,2,combined,3,ok,1,124657.518,2,13199,4235
l1-027-uk,50,2,combined,3,ok,1,120675.321,2,6148,3677
l1-031-ca,50,2,combined,3,ok,1,108342.389,4,9753,5724
l1-032-ca,50,2,combined,3,ok,1,152441.954,1,2328,1327
l1-033-ca,50,2,combined,3,ok,1,126256.923,3,7197,2079
l1-035-ca,50,2,combined,3,ok,1,138465.177,1,9148,4466
l1-036-au,50,2,combined,3,ok,1,84879.88,5,23747,3574
l1-037-au,50,2,combined,3,ok,1,120196.816,2,6135,2823
l1-038-au,50,2,combined,3,ok,1,125276.047,5,27052,5793
l1-039-au,50,2,combined,3,ok,1,85084.492,1,10110,4894
l1-040-au,50,2,combined,3,ok,1,105775.717,3,24374,4680
l1-041-sg,50,2,combined,3,ok,1,114699.69,1,22558,8527
l1-042-sg,50,2,combined,3,ok,1,123789.481,3,18165,6691
l1-044-sg,50,2,combined,3,ok,1,146692.237,3,10069,3178
l1-046-vn,50,2,combined,3,ok,1,91689.064,1,789,525
l1-049-vn,50,2,combined,3,ok,1,148998.521,2,3499,2125
l1-050-vn,50,2,combined,3,ok,1,146072.866,4,11069,5666
l1-051-th,50,2,combined,3,ok,1,106901.839,1,7247,4600
l1-052-th,50,2,combined,3,ok,1,146949.387,1,9447,5478
l1-053-th,50,2,combined,3,ok,1,156778.9,1,12821,8136
l1-054-th,50,2,combined,3,ok,1,131315.618,2,11230,6871
l1-055-th,50,2,combined,3,ok,1,117294.68,2,8940,3102
l1-059-id,50,2,combined,3,ok,1,129438.796,1,11312,6690
l1-060-id,50,2,combined,3,ok,1,89809.633,3,4549,3081
l1-062-my,50,2,combined,3,ok,1,126191.759,1,12785,8316
l1-065-my,50,2,combined,3,ok,1,114911.864,3,8238,3940
l1-068-ph,50,2,combined,3,ok,1,150086.172,1,17211,9658
l1-070-ph,50,2,combined,3,ok,1,87894.219,3,21636,6843
l1-075-in,50,2,combined,3,ok,1,105550.21,1,14522,11454
l1-078-br,50,2,combined,3,ok,1,112007.484,1,3690,1546
l1-081-es,50,2,combined,3,ok,1,125635.222,3,19919,10157
l1-082-es,50,2,combined,3,ok,1,107839.416,5,12552,5945
l1-085-es,50,2,combined,3,ok,1,143720.04,1,6458,2901
l1-091-nl,50,2,combined,3,ok,1,73069.067,0,,
l1-092-nl,50,2,combined,3,ok,1,59854.091,0,,
l1-094-nl,50,2,combined,3,ok,1,140507.853,0,,
l1-095-nl,50,2,combined,3,ok,1,41356.726,0,,
l1-097-nz,50,2,combined,3,ok,1,112986.602,2,11822,4512
l1-098-nz,50,2,combined,3,ok,1,114850.282,1,9519,2127
l2-001-jp-data-rights,50,2,combined,3,ok,1,63480.713,1,6913,4331
l2-002-jp-breach,50,2,combined,3,ok,1,82484.008,3,3106,2112
l2-003-jp-transfer,50,2,combined,3,ok,1,71101.432,2,13808,5496
l2-010-us-worker,50,2,combined,3,ok,1,57604.822,2,15612,5228
l2-013-cn-transfer,50,2,combined,3,ok,1,56903.578,1,12490,6712
l2-017-de-breach,50,2,combined,3,ok,1,86334.891,2,10435,5163
l2-022-fr-breach,50,2,combined,3,ok,1,78941.039,3,14077,5192
l2-024-fr-consumer,50,2,combined,3,ok,1,79470.161,2,18608,6010
l2-026-uk-data-rights,50,2,combined,3,ok,1,95829.45,3,3671,2426
l2-029-uk-consumer,50,2,combined,3,ok,1,93907.838,2,18523,8843
l2-034-ca-consumer,50,2,combined,3,ok,1,76939.291,1,4183,2205
l2-035-ca-worker,50,2,combined,3,ok,1,108564.842,2,12496,4322
l2-036-au-data-rights,50,2,combined,3,ok,1,91701.306,3,13397,4573
l2-038-au-transfer,50,2,combined,3,ok,1,78944.406,2,19625,5758
l2-039-au-consumer,50,2,combined,3,ok,1,96223.614,3,9500,4326
l2-040-au-worker,50,2,combined,3,ok,1,78481.683,2,4057,2770
l2-045-sg-worker,50,2,combined,3,ok,1,105404.092,1,11064,4423
l2-046-vn-data-rights,50,2,combined,3,ok,1,107142.783,2,11420,5942
l2-047-vn-breach,50,2,combined,3,ok,1,104702.131,4,10564,4230
l2-051-th-data-rights,50,2,combined,3,ok,1,123606.386,1,8705,6118
l2-052-th-breach,50,2,combined,3,ok,1,66203.14,2,7599,4614
l2-053-th-transfer,50,2,combined,3,ok,1,73463.148,1,10563,7155
l2-054-th-consumer,50,2,combined,3,ok,1,87528.803,2,5633,2751
l2-055-th-worker,50,2,combined,3,ok,1,102872.811,2,9356,3416
l2-056-id-data-rights,50,2,combined,3,ok,1,67202.959,1,7751,4420
l2-057-id-breach,50,2,combined,3,ok,1,54671.749,2,6849,2599
l2-060-id-worker,50,2,combined,3,ok,1,133778.894,1,11993,6920
l2-061-my-data-rights,50,2,combined,3,ok,1,167933.053,1,14018,8740
l2-064-my-consumer,50,2,combined,3,ok,1,102593.077,4,5533,2939
l2-066-ph-data-rights,50,2,combined,3,ok,1,104740.523,1,8389,5135
l2-067-ph-breach,50,2,combined,3,ok,1,108289.924,2,22467,8201
l2-068-ph-transfer,50,2,combined,3,ok,1,103853.524,1,17208,7814
l2-070-ph-worker,50,2,combined,3,ok,1,115102.697,1,15929,7460
l2-071-in-data-rights,50,2,combined,3,ok,1,59004.2,1,18462,5881
l2-072-in-breach,50,2,combined,3,ok,1,74910.094,3,15304,4648
l2-073-in-transfer,50,2,combined,3,ok,1,66251.212,2,13023,4151
l2-081-es-data-rights,50,2,combined,3,ok,1,51911.083,2,12886,7471
l2-082-es-breach,50,2,combined,3,ok,1,67413.631,3,13299,2708
l2-083-es-transfer,50,2,combined,3,ok,1,101552.013,2,23525,9554
l2-084-es-consumer,50,2,combined,3,ok,1,97939.428,4,19285,7712
l2-085-es-worker,50,2,combined,3,ok,1,62691.73,2,15956,7871
l2-086-it-data-rights,50,2,combined,3,ok,1,5187.941,0,,
l2-087-it-breach,50,2,combined,3,ok,1,6981.153,0,,
l2-088-it-transfer,50,2,combined,3,ok,1,9288.005,0,,
l2-089-it-consumer,50,2,combined,3,ok,1,11396.337,0,,
l2-090-it-worker,50,2,combined,3,ok,1,10531.271,0,,
l2-091-nl-data-rights,50,2,combined,3,ok,1,25786.233,0,,
l2-092-nl-breach,50,2,combined,3,ok,1,5766.572,0,,
l2-096-nz-data-rights,50,2,combined,3,ok,1,80392.521,2,10443,3245
l2-100-nz-worker,50,2,combined,3,ok,1,65448.044,3,7221,4778
l3-001-jp-transfer,50,2,combined,3,ok,1,188538.251,2,8093,3479
l3-002-jp-breach,50,2,combined,3,ok,1,63085.961,2,12712,6670
l3-005-jp-worker-ai,50,2,combined,3,ok,1,120819.967,2,4404,2110
l3-007-us-breach,50,2,combined,3,ok,1,110693.541,4,10071,4196
l3-008-us-consumer,50,2,combined,3,ok,1,85279.906,4,9845,4022
l3-010-us-worker-ai,50,2,combined,3,ok,1,75985.006,2,27014,5954
l3-011-cn-transfer,50,2,combined,3,ok,1,142988.394,4,9668,5909
l3-013-cn-consumer,50,2,combined,3,ok,1,123890.275,2,3970,2777
l3-014-cn-platform,50,2,combined,3,ok,1,154516.535,3,12239,5376
l3-015-cn-worker-ai,50,2,combined,3,ok,1,52617.904,2,8470,2983
l3-016-de-transfer,50,2,combined,3,ok,1,85390.45,3,12755,5244
l3-018-de-consumer,50,2,combined,3,ok,1,104596.776,4,10007,4403
l3-019-de-platform,50,2,combined,3,ok,1,92651.923,5,12938,5495
l3-020-de-worker-ai,50,2,combined,3,ok,1,85570.23,2,8364,3044
l3-023-fr-consumer,50,2,combined,3,ok,1,136771.979,3,18723,6787
l3-025-fr-worker-ai,50,2,combined,3,ok,1,150476.984,1,14302,7805
l3-026-uk-transfer,50,2,combined,3,ok,1,63683.926,4,13411,2976
l3-028-uk-consumer,50,2,combined,3,ok,1,107483.86,3,11856,4671
l3-030-uk-worker-ai,50,2,combined,3,ok,1,96302.536,3,14915,4575
l3-032-ca-breach,50,2,combined,3,ok,1,98111.115,6,10197,4509
l3-033-ca-consumer,50,2,combined,3,ok,1,81284.893,2,3365,1653
l3-037-au-breach,50,2,combined,3,ok,1,147082.513,2,15011,3682
l3-039-au-platform,50,2,combined,3,ok,1,71535.754,2,22450,9632
l3-041-sg-transfer,50,2,combined,3,ok,1,150625.726,2,27089,7735
l3-043-sg-consumer,50,2,combined,3,ok,1,119717.627,2,4226,2147
l3-045-sg-worker-ai,50,2,combined,3,ok,1,11308.478,0,,
l3-046-vn-transfer,50,2,combined,3,ok,1,67517.379,3,9592,6465
l3-047-vn-breach,50,2,combined,3,ok,1,79971.262,3,11753,6663
l3-053-th-consumer,50,2,combined,3,ok,1,115588.69,2,11856,4671
l3-054-th-platform,50,2,combined,3,ok,1,27017.363,0,,
l3-056-id-transfer,50,2,combined,3,ok,1,118375.501,2,8617,4116
l3-057-id-breach,50,2,combined,3,ok,1,67396.862,2,19468,8237
l3-058-id-consumer,50,2,combined,3,ok,1,99218.297,2,19316,6975
l3-059-id-platform,50,2,combined,3,ok,1,5345.202,0,,
l3-062-my-breach,50,2,combined,3,ok,1,106450.09,1,10558,5393
l3-063-my-consumer,50,2,combined,3,ok,1,21212.792,0,,
l3-065-my-worker-ai,50,2,combined,3,ok,1,129318.92,2,20735,5521
l3-066-ph-transfer,50,2,combined,3,ok,1,171800.47,2,11227,2936
l3-067-ph-breach,50,2,combined,3,ok,1,112220.371,2,13630,5783
l3-072-in-breach,50,2,combined,3,ok,1,30215.18,0,,
l3-073-in-consumer,50,2,combined,3,ok,1,84773.245,3,7923,2982
l3-075-in-worker-ai,50,2,combined,3,ok,1,63172.8,1,8364,3044
l3-078-br-consumer,50,2,combined,3,ok,1,83792.263,2,6798,3460
l3-079-br-platform,50,2,combined,3,ok,1,112527.17,1,18698,6718
l3-081-es-transfer,50,2,combined,3,ok,1,21047.4,0,,
l3-082-es-breach,50,2,combined,3,ok,1,147676.815,2,25090,10350
l3-088-it-consumer,50,2,combined,3,ok,1,3511.265,0,,
l3-092-nl-breach,50,2,combined,3,ok,1,6432.876,0,,
l3-098-nz-consumer,50,2,combined,3,ok,1,180068.858,3,7923,2982
l3-100-nz-worker-ai,50,2,combined,3,ok,1,76401.095,5,18428,9322
l4-001-jp-digital-platform,50,2,combined,3,ok,1,129604.245,3,14133,7100
l4-004-jp-fintech,50,2,combined,3,ok,1,82982.717,3,4122,2622
l4-008-us-online-sales,50,2,combined,3,ok,1,115464.488,3,9843,4759
l4-009-us-fintech,50,2,combined,3,ok,1,119674.627,6,12266,4474
l4-012-cn-automated-hiring,50,2,combined,3,ok,1,112019.703,5,7839,5213
l4-015-cn-manufacturer,50,2,combined,3,ok,1,124398.58,6,4731,3238
l4-016-de-digital-platform,50,2,combined,3,ok,1,73902.767,3,17609,3249
l4-020-de-manufacturer,50,2,combined,3,ok,1,79559.359,5,5343,2579
l4-021-fr-digital-platform,50,2,combined,3,ok,1,81881.71,2,21547,8921
l4-022-fr-automated-hiring,50,2,combined,3,ok,1,100909.805,3,22819,6973
l4-023-fr-online-sales,50,2,combined,3,ok,1,102916.731,5,19367,8204
l4-024-fr-fintech,50,2,combined,3,ok,1,54330.046,1,20890,7223
l4-027-uk-automated-hiring,50,2,combined,3,ok,1,97177.652,2,7727,4346
l4-029-uk-fintech,50,2,combined,3,ok,1,98752.354,3,6141,2202
l4-032-ca-automated-hiring,50,2,combined,3,ok,1,147113.787,5,15596,6459
l4-034-ca-fintech,50,2,combined,3,ok,1,80120.666,2,4179,1468
l4-036-au-digital-platform,50,2,combined,3,ok,1,134818.641,3,16796,5267
l4-038-au-online-sales,50,2,combined,3,ok,1,108191.346,1,9684,4649
l4-039-au-fintech,50,2,combined,3,ok,1,102727.699,3,15470,4977
l4-040-au-manufacturer,50,2,combined,3,ok,1,101194.564,4,8199,4113
l4-044-sg-fintech,50,2,combined,3,ok,1,107227.194,4,26457,9148
l4-045-sg-manufacturer,50,2,combined,3,ok,1,112861.962,3,2864,1827
l4-051-th-digital-platform,50,2,combined,3,ok,1,106100.091,1,11176,7301
l4-054-th-fintech,50,2,combined,3,ok,1,109936.797,3,,
l4-055-th-manufacturer,50,2,combined,3,ok,1,53159.819,3,2907,1436
l4-058-id-online-sales,50,2,combined,3,ok,1,96849.02,3,8321,4835
l4-059-id-fintech,50,2,combined,3,ok,1,90803.22,4,18233,7305
l4-063-my-online-sales,50,2,combined,3,ok,1,87573.826,3,5223,3468
l4-065-my-manufacturer,50,2,combined,3,ok,1,105132.541,2,4845,3022
l4-067-ph-automated-hiring,50,2,combined,3,ok,1,94125.861,3,5508,3273
l4-069-ph-fintech,50,2,combined,3,ok,1,103477.264,3,8262,4289
l4-070-ph-manufacturer,50,2,combined,3,ok,1,83682.982,8,8293,5373
l4-071-in-digital-platform,50,2,combined,3,ok,1,116192.534,2,22516,10524
l4-072-in-automated-hiring,50,2,combined,3,ok,1,98882.731,5,10554,3888
l4-075-in-manufacturer,50,2,combined,3,ok,1,83387.676,2,4666,2731
l4-080-br-manufacturer,50,2,combined,3,ok,1,92625.716,4,6429,4302
l4-081-es-digital-platform,50,2,combined,3,ok,1,110771.051,2,12843,6199
l4-082-es-automated-hiring,50,2,combined,3,ok,1,120247.703,1,16787,8585
l4-083-es-online-sales,50,2,combined,3,ok,1,98903.479,3,19148,9584
l4-088-it-online-sales,50,2,combined,3,ok,1,2264.037,0,,
l4-089-it-fintech,50,2,combined,3,ok,1,25519.87,0,,
l4-090-it-manufacturer,50,2,combined,3,ok,1,7724.275,0,,
l4-092-nl-automated-hiring,50,2,combined,3,ok,1,6898.267,0,,
l4-093-nl-online-sales,50,2,combined,3,ok,1,28698.467,0,,
l4-094-nl-fintech,50,2,combined,3,ok,1,5789.848,0,,
l4-095-nl-manufacturer,50,2,combined,3,ok,1,23503.708,0,,
l4-096-nz-digital-platform,50,2,combined,3,ok,1,99841.245,3,5786,3435
l4-097-nz-automated-hiring,50,2,combined,3,ok,1,101731.866,4,7518,4178
l4-099-nz-fintech,50,2,combined,3,ok,1,91271.009,2,18660,3462
l4-100-nz-manufacturer,50,2,combined,3,ok,1,98762.118,3,11538,7956
l1-001-jp,50,2,direct,1,ok,1,130298.066,5,7288,7288
l1-002-jp,50,2,direct,1,ok,1,132101.277,2,10180,10180
l1-003-jp,50,2,direct,1,ok,1,108747.81,1,9238,9238
l1-005-jp,50,2,direct,1,ok,1,152641.354,4,2426,2426
l1-010-us,50,2,direct,1,ok,1,101353.508,2,14100,14100
l1-012-cn,50,2,direct,1,ok,1,147212.516,2,6783,6783
l1-013-cn,50,2,direct,1,ok,1,146290.524,0,6991,6991
l1-018-de,50,2,direct,1,ok,1,151590.292,2,9933,9933
l1-019-de,50,2,direct,1,ok,1,112133.675,1,23400,23400
l1-023-fr,50,2,direct,1,ok,1,175707.124,1,26211,26211
l1-024-fr,50,2,direct,1,ok,1,185084.546,3,17877,17877
l1-025-fr,50,2,direct,1,ok,1,126685.834,4,13199,13199
l1-027-uk,50,2,direct,1,ok,1,155225.35,2,6148,6148
l1-031-ca,50,2,direct,1,ok,1,92910.089,4,9753,9753
l1-032-ca,50,2,direct,1,ok,1,117267.533,1,2328,2328
l1-033-ca,50,2,direct,1,ok,1,133349.902,3,7197,7197
l1-035-ca,50,2,direct,1,ok,1,151269.9,0,9148,9148
l1-036-au,50,2,direct,1,ok,1,140562.615,5,23747,23747
l1-037-au,50,2,direct,1,ok,1,114520.721,2,6135,6135
l1-038-au,50,2,direct,1,ok,1,165051.471,5,27052,27052
l1-039-au,50,2,direct,1,ok,1,93478.431,1,10110,10110
l1-040-au,50,2,direct,1,ok,1,183107.242,3,24374,24374
l1-041-sg,50,2,direct,1,ok,1,117911.226,1,22558,22558
l1-042-sg,50,2,direct,1,ok,1,184278.714,2,18165,18165
l1-044-sg,50,2,direct,1,ok,1,167350.031,3,10069,10069
l1-046-vn,50,2,direct,1,ok,1,112208.104,1,789,789
l1-049-vn,50,2,direct,1,ok,1,163173.361,2,19841,19841
l1-050-vn,50,2,direct,1,ok,1,131240.117,4,11069,11069
l1-051-th,50,2,direct,1,ok,1,203397.547,1,7247,7247
l1-052-th,50,2,direct,1,ok,1,120221.778,1,9447,9447
l1-053-th,50,2,direct,1,ok,1,148572.959,0,12821,12821
l1-054-th,50,2,direct,1,ok,1,149805.036,2,11230,11230
l1-055-th,50,2,direct,1,ok,1,124419.166,0,8940,8940
l1-059-id,50,2,direct,1,ok,1,134622.316,0,11312,11312
l1-060-id,50,2,direct,1,ok,1,114319.077,3,4549,4549
l1-062-my,50,2,direct,1,ok,1,155530.055,1,12785,12785
l1-065-my,50,2,direct,1,ok,1,150705.798,3,8238,8238
l1-068-ph,50,2,direct,1,ok,1,143258.869,1,17211,17211
l1-070-ph,50,2,direct,1,ok,1,117289.658,3,21636,21636
l1-075-in,50,2,direct,1,ok,1,118724.169,1,14522,14522
l1-078-br,50,2,direct,1,ok,1,123844.457,1,3690,3690
l1-081-es,50,2,direct,1,ok,1,124147.42,0,19919,19919
l1-082-es,50,2,direct,1,ok,1,172684.592,5,12552,12552
l1-085-es,50,2,direct,1,ok,1,140566.969,1,6458,6458
l1-091-nl,50,2,direct,1,ok,1,195290.281,0,,
l1-092-nl,50,2,direct,1,ok,1,105052.798,0,,
l1-094-nl,50,2,direct,1,ok,1,129385.899,0,,
l1-095-nl,50,2,direct,1,ok,1,100877.224,0,,
l1-097-nz,50,2,direct,1,ok,1,132668.671,3,11822,11822
l1-098-nz,50,2,direct,1,ok,1,167900.205,2,11401,11401
l2-001-jp-data-rights,50,2,direct,1,ok,1,41777.433,1,6424,6424
l2-002-jp-breach,50,2,direct,1,ok,1,160487.749,2,3885,3885
l2-003-jp-transfer,50,2,direct,1,ok,1,64556.242,2,13808,13808
l2-010-us-worker,50,2,direct,1,ok,1,54070.726,2,15612,15612
l2-013-cn-transfer,50,2,direct,1,ok,1,50343.121,1,12490,12490
l2-017-de-breach,50,2,direct,1,ok,1,178513.357,2,8722,8722
l2-022-fr-breach,50,2,direct,1,ok,1,75451.3,2,13589,13589
l2-024-fr-consumer,50,2,direct,1,ok,1,132246.507,3,18608,18608
l2-026-uk-data-rights,50,2,direct,1,ok,1,137199.031,3,3669,3669
l2-029-uk-consumer,50,2,direct,1,ok,1,83043.18,2,18523,18523
l2-034-ca-consumer,50,2,direct,1,ok,1,91124.96,1,4183,4183
l2-035-ca-worker,50,2,direct,1,ok,1,130702.388,2,12496,12496
l2-036-au-data-rights,50,2,direct,1,ok,1,161624.062,2,12681,12681
l2-038-au-transfer,50,2,direct,1,ok,1,153630.32,2,19625,19625
l2-039-au-consumer,50,2,direct,1,ok,1,119069.73,3,9500,9500
l2-040-au-worker,50,2,direct,1,ok,1,40366.009,2,4057,4057
l2-045-sg-worker,50,2,direct,1,ok,1,127059.834,1,11064,11064
l2-046-vn-data-rights,50,2,direct,1,ok,1,153233.382,2,11420,11420
l2-047-vn-breach,50,2,direct,1,ok,1,142477.059,5,11519,11519
l2-051-th-data-rights,50,2,direct,1,ok,1,157376.505,1,8705,8705
l2-052-th-breach,50,2,direct,1,ok,1,77417.774,2,7595,7595
l2-053-th-transfer,50,2,direct,1,ok,1,55618.81,1,10563,10563
l2-054-th-consumer,50,2,direct,1,ok,1,125948.135,2,5633,5633
l2-055-th-worker,50,2,direct,1,ok,1,146321.186,4,9356,9356
l2-056-id-data-rights,50,2,direct,1,ok,1,111037.414,1,7751,7751
l2-057-id-breach,50,2,direct,1,ok,1,40465.464,2,6847,6847
l2-060-id-worker,50,2,direct,1,ok,1,143173.519,1,11993,11993
l2-061-my-data-rights,50,2,direct,1,ok,1,162575.05,1,12630,12630
l2-064-my-consumer,50,2,direct,1,ok,1,103709.55,4,5533,5533
l2-066-ph-data-rights,50,2,direct,1,ok,1,133121.022,1,8395,8395
l2-067-ph-breach,50,2,direct,1,ok,1,134046.456,2,22463,22463
l2-068-ph-transfer,50,2,direct,1,ok,1,115413.572,1,17208,17208
l2-070-ph-worker,50,2,direct,1,ok,1,129758.717,1,15929,15929
l2-071-in-data-rights,50,2,direct,1,ok,1,117547.217,1,18462,18462
l2-072-in-breach,50,2,direct,1,ok,1,79277.452,2,14522,14522
l2-073-in-transfer,50,2,direct,1,ok,1,94066.543,2,13023,13023
l2-081-es-data-rights,50,2,direct,1,ok,1,88103.395,2,12888,12888
l2-082-es-breach,50,2,direct,1,ok,1,69229.106,3,13299,13299
l2-083-es-transfer,50,2,direct,1,ok,1,165120.907,2,23525,23525
l2-084-es-consumer,50,2,direct,1,ok,1,123387.677,4,19285,19285
l2-085-es-worker,50,2,direct,1,ok,1,74713.734,2,15956,15956
l2-086-it-data-rights,50,2,direct,1,ok,1,13931.208,0,,
l2-087-it-breach,50,2,direct,1,ok,1,18810.961,0,,
l2-088-it-transfer,50,2,direct,1,ok,1,49758.004,0,,
l2-089-it-consumer,50,2,direct,1,ok,1,97248.992,0,,
l2-090-it-worker,50,2,direct,1,ok,1,74260.051,0,,
l2-091-nl-data-rights,50,2,direct,1,ok,1,9190.713,0,,
l2-092-nl-breach,50,2,direct,1,ok,1,5304.264,0,,
l2-096-nz-data-rights,50,2,direct,1,ok,1,79314.554,3,10443,10443
l2-100-nz-worker,50,2,direct,1,ok,1,48156.062,3,7221,7221
l3-001-jp-transfer,50,2,direct,1,ok,1,187632.199,2,7997,7997
l3-002-jp-breach,50,2,direct,1,ok,1,82235.466,3,12712,12712
l3-005-jp-worker-ai,50,2,direct,1,ok,1,148342.299,4,4392,4392
l3-007-us-breach,50,2,direct,1,ok,1,141398.343,3,11809,11809
l3-008-us-consumer,50,2,direct,1,ok,1,135758.576,3,9845,9845
l3-010-us-worker-ai,50,2,direct,1,ok,1,129957.909,2,7175,7175
l3-011-cn-transfer,50,2,direct,1,ok,1,259707.559,1,13800,13800
l3-013-cn-consumer,50,2,direct,1,ok,1,134221.644,2,16079,16079
l3-014-cn-platform,50,2,direct,1,ok,1,162409.781,2,12239,12239
l3-015-cn-worker-ai,50,2,direct,1,ok,1,131507.86,2,8476,8476
l3-016-de-transfer,50,2,direct,1,ok,1,125421.745,0,13800,13800
l3-018-de-consumer,50,2,direct,1,ok,1,140660.207,6,10007,10007
l3-019-de-platform,50,2,direct,1,ok,1,106582.156,7,12624,12624
l3-020-de-worker-ai,50,2,direct,1,ok,1,123470.884,2,8368,8368
l3-023-fr-consumer,50,2,direct,1,ok,1,174568.015,3,6451,6451
l3-025-fr-worker-ai,50,2,direct,1,ok,1,193918.936,3,14343,14343
l3-026-uk-transfer,50,2,direct,1,ok,1,162321.272,4,13740,13740
l3-028-uk-consumer,50,2,direct,1,ok,1,128642.542,0,7451,7451
l3-030-uk-worker-ai,50,2,direct,1,ok,1,184008.332,4,14917,14917
l3-032-ca-breach,50,2,direct,1,ok,1,171773.837,7,10719,10719
l3-033-ca-consumer,50,2,direct,1,ok,1,126172.094,2,3365,3365
l3-037-au-breach,50,2,direct,1,ok,1,128903.32,2,5400,5400
l3-039-au-platform,50,2,direct,1,ok,1,177888.818,2,23316,23316
l3-041-sg-transfer,50,2,direct,1,ok,1,156394.742,2,20275,20275
l3-043-sg-consumer,50,2,direct,1,ok,1,121833.44,2,4226,4226
l3-045-sg-worker-ai,50,2,direct,1,ok,1,95595.773,0,,
l3-046-vn-transfer,50,2,direct,1,ok,1,189429.565,1,9992,9992
l3-047-vn-breach,50,2,direct,1,ok,1,101269.663,2,11749,11749
l3-053-th-consumer,50,2,direct,1,ok,1,152353.053,2,11856,11856
l3-054-th-platform,50,2,direct,1,ok,1,19668.715,0,,
l3-056-id-transfer,50,2,direct,1,ok,1,142209.6,1,12628,12628
l3-057-id-breach,50,2,direct,1,ok,1,116065.83,3,4939,4939
l3-058-id-consumer,50,2,direct,1,ok,1,130009.931,2,19316,19316
l3-059-id-platform,50,2,direct,1,ok,1,5582.79,0,,
l3-062-my-breach,50,2,direct,1,ok,1,179583.507,1,10558,10558
l3-063-my-consumer,50,2,direct,1,ok,1,3978.498,0,,
l3-065-my-worker-ai,50,2,direct,1,ok,1,151529.407,2,13017,13017
l3-066-ph-transfer,50,2,direct,1,ok,1,185817.464,2,16050,16050
l3-067-ph-breach,50,2,direct,1,ok,1,132913.291,0,13046,13046
l3-072-in-breach,50,2,direct,1,ok,1,13109.174,0,,
l3-073-in-consumer,50,2,direct,1,ok,1,93790.269,3,7923,7923
l3-075-in-worker-ai,50,2,direct,1,ok,1,110823.461,3,8368,8368
l3-078-br-consumer,50,2,direct,1,ok,1,90512.751,2,6798,6798
l3-079-br-platform,50,2,direct,1,ok,1,155102.974,1,1482,1482
l3-081-es-transfer,50,2,direct,1,ok,1,24670.356,0,,
l3-082-es-breach,50,2,direct,1,ok,1,198956.189,1,25082,25082
l3-088-it-consumer,50,2,direct,1,ok,1,5037.408,0,,
l3-092-nl-breach,50,2,direct,1,ok,1,6519.833,0,,
l3-098-nz-consumer,50,2,direct,1,ok,1,131059.038,3,7923,7923
l3-100-nz-worker-ai,50,2,direct,1,ok,1,191810.966,4,18432,18432
l4-001-jp-digital-platform,50,2,direct,1,ok,1,192847.713,3,14117,14117
l4-004-jp-fintech,50,2,direct,1,ok,1,88327.578,5,5369,5369
l4-008-us-online-sales,50,2,direct,1,ok,1,122661.683,2,9845,9845
l4-009-us-fintech,50,2,direct,1,ok,1,152026.221,6,12266,12266
l4-012-cn-automated-hiring,50,2,direct,1,ok,1,143530.477,5,8376,8376
l4-015-cn-manufacturer,50,2,direct,1,ok,1,136863.476,6,4731,4731
l4-016-de-digital-platform,50,2,direct,1,ok,1,106413.879,3,17609,17609
l4-020-de-manufacturer,50,2,direct,1,ok,1,97899.713,5,5341,5341
l4-021-fr-digital-platform,50,2,direct,1,ok,1,87437.787,2,21543,21543
l4-022-fr-automated-hiring,50,2,direct,1,ok,1,136637.308,4,27102,27102
l4-023-fr-online-sales,50,2,direct,1,ok,1,110287.451,4,19363,19363
l4-024-fr-fintech,50,2,direct,1,ok,1,152298.715,2,23838,23838
l4-027-uk-automated-hiring,50,2,direct,1,ok,1,126375.926,2,7731,7731
l4-029-uk-fintech,50,2,direct,1,ok,1,117649.768,3,6139,6139
l4-032-ca-automated-hiring,50,2,direct,1,ok,1,154970.96,4,15592,15592
l4-034-ca-fintech,50,2,direct,1,ok,1,143530.564,2,4181,4181
l4-036-au-digital-platform,50,2,direct,1,ok,1,136546.27,3,16258,16258
l4-038-au-online-sales,50,2,direct,1,ok,1,150795.494,1,9686,9686
l4-039-au-fintech,50,2,direct,1,ok,1,122406.368,3,15474,15474
l4-040-au-manufacturer,50,2,direct,1,ok,1,194861.41,4,8201,8201
l4-044-sg-fintech,50,2,direct,1,ok,1,123764.604,4,24359,24359
l4-045-sg-manufacturer,50,2,direct,1,ok,1,97011.932,3,2864,2864
l4-051-th-digital-platform,50,2,direct,1,ok,1,130138.842,1,11182,11182
l4-054-th-fintech,50,2,direct,1,ok,1,141812.324,3,3928,3928
l4-055-th-manufacturer,50,2,direct,1,ok,1,104111.346,5,6138,6138
l4-058-id-online-sales,50,2,direct,1,ok,1,116672.183,3,7197,7197
l4-059-id-fintech,50,2,direct,1,ok,1,184110.968,1,17321,17321
l4-063-my-online-sales,50,2,direct,1,ok,1,88773.264,3,5223,5223
l4-065-my-manufacturer,50,2,direct,1,ok,1,122293.932,2,4845,4845
l4-067-ph-automated-hiring,50,2,direct,1,ok,1,143313.842,3,5510,5510
l4-069-ph-fintech,50,2,direct,1,ok,1,125295.132,4,8266,8266
l4-070-ph-manufacturer,50,2,direct,1,ok,1,91830.822,8,8295,8295
l4-071-in-digital-platform,50,2,direct,1,ok,1,136025.183,2,22506,22506
l4-072-in-automated-hiring,50,2,direct,1,ok,1,132206.07,6,10554,10554
l4-075-in-manufacturer,50,2,direct,1,ok,1,91054.774,2,4668,4668
l4-080-br-manufacturer,50,2,direct,1,ok,1,142253.041,4,6429,6429
l4-081-es-digital-platform,50,2,direct,1,ok,1,120601.465,2,12843,12843
l4-082-es-automated-hiring,50,2,direct,1,ok,1,138164.384,1,15198,15198
l4-083-es-online-sales,50,2,direct,1,ok,1,155600.479,2,,
l4-088-it-online-sales,50,2,direct,1,ok,1,5010.11,0,,
l4-089-it-fintech,50,2,direct,1,ok,1,6825.643,0,,
l4-090-it-manufacturer,50,2,direct,1,ok,1,2769.656,0,,
l4-092-nl-automated-hiring,50,2,direct,1,ok,1,4281.527,0,,
l4-093-nl-online-sales,50,2,direct,1,ok,1,20250.894,0,,
l4-094-nl-fintech,50,2,direct,1,ok,1,4738.386,0,,
l4-095-nl-manufacturer,50,2,direct,1,ok,1,13762.684,0,,
l4-096-nz-digital-platform,50,2,direct,1,ok,1,117393.514,3,5786,5786
l4-097-nz-automated-hiring,50,2,direct,1,ok,1,115033.7,4,7518,7518
l4-099-nz-fintech,50,2,direct,1,ok,1,105112.954,2,18660,18660
l4-100-nz-manufacturer,50,2,direct,1,ok,1,131093.156,3,12102,12102
l1-001-jp,50,2,original,4,ok,1,129742.765,4,7288,7288
l1-002-jp,50,2,original,4,ok,1,121140.347,2,10180,10180
l1-003-jp,50,2,original,4,ok,1,120387.27,1,9238,9238
l1-005-jp,50,2,original,4,ok,1,132340.78,4,2426,2426
l1-010-us,50,2,original,4,ok,1,125421.644,2,14100,14100
l1-012-cn,50,2,original,4,ok,1,153344.891,2,6783,6783
l1-013-cn,50,2,original,4,ok,1,146058.076,1,6991,6991
l1-018-de,50,2,original,4,ok,1,170323.752,2,9933,9933
l1-019-de,50,2,original,4,ok,1,50422.644,1,23400,23400
l1-023-fr,50,2,original,4,ok,1,181796.514,1,26211,26211
l1-024-fr,50,2,original,4,ok,1,182840.879,3,17877,17877
l1-025-fr,50,2,original,4,ok,1,139798.49,4,13199,13199
l1-027-uk,50,2,original,4,ok,1,131714.363,2,6148,6148
l1-031-ca,50,2,original,4,ok,1,121493.183,4,9753,9753
l1-032-ca,50,2,original,4,ok,1,135198.315,1,2328,2328
l1-033-ca,50,2,original,4,ok,1,142759.579,3,7197,7197
l1-035-ca,50,2,original,4,ok,1,166725.834,1,9148,9148
l1-036-au,50,2,original,4,ok,1,127416.429,0,23747,23747
l1-037-au,50,2,original,4,ok,1,154314.632,2,6135,6135
l1-038-au,50,2,original,4,ok,1,147979.2,5,27052,27052
l1-039-au,50,2,original,4,ok,1,118067.016,1,10110,10110
l1-040-au,50,2,original,4,ok,1,187369.586,3,24374,24374
l1-041-sg,50,2,original,4,ok,1,116115.48,1,22558,22558
l1-042-sg,50,2,original,4,ok,1,166840.331,2,18165,18165
l1-044-sg,50,2,original,4,ok,1,152959.862,3,10069,10069
l1-046-vn,50,2,original,4,ok,1,107267.583,1,789,789
l1-049-vn,50,2,original,4,ok,1,155576.078,2,19841,19841
l1-050-vn,50,2,original,4,ok,1,127490.452,4,11069,11069
l1-051-th,50,2,original,4,ok,1,169499.402,1,7247,7247
l1-052-th,50,2,original,4,ok,1,124446.195,1,9447,9447
l1-053-th,50,2,original,4,ok,1,168782.212,1,12821,12821
l1-054-th,50,2,original,4,ok,1,131848.453,2,11230,11230
l1-055-th,50,2,original,4,ok,1,123418.506,0,8940,8940
l1-059-id,50,2,original,4,ok,1,123956.827,0,11312,11312
l1-060-id,50,2,original,4,ok,1,118715.2,3,4549,4549
l1-062-my,50,2,original,4,ok,1,138366.178,1,12785,12785
l1-065-my,50,2,original,4,ok,1,136353.737,3,8238,8238
l1-068-ph,50,2,original,4,ok,1,205546.793,1,17211,17211
l1-070-ph,50,2,original,4,ok,1,114141.647,3,21636,21636
l1-075-in,50,2,original,4,ok,1,122175.07,1,14522,14522
l1-078-br,50,2,original,4,ok,1,133700.614,1,3690,3690
l1-081-es,50,2,original,4,ok,1,123621.53,0,19919,19919
l1-082-es,50,2,original,4,ok,1,172349.647,5,12552,12552
l1-085-es,50,2,original,4,ok,1,131050.928,1,6458,6458
l1-091-nl,50,2,original,4,ok,1,100730.15,0,,
l1-092-nl,50,2,original,4,ok,1,95991.589,0,,
l1-094-nl,50,2,original,4,ok,1,115945.456,0,,
l1-095-nl,50,2,original,4,ok,1,94781.548,0,,
l1-097-nz,50,2,original,4,ok,1,148012.401,3,11822,11822
l1-098-nz,50,2,original,4,ok,1,165232.179,1,9519,9519
l2-001-jp-data-rights,50,2,original,4,ok,1,92080.876,1,6424,6424
l2-002-jp-breach,50,2,original,4,ok,1,170397.786,3,3108,3108
l2-003-jp-transfer,50,2,original,4,ok,1,129769.326,2,13808,13808
l2-010-us-worker,50,2,original,4,ok,1,86369.7,2,15612,15612
l2-013-cn-transfer,50,2,original,4,ok,1,63161.828,1,12490,12490
l2-017-de-breach,50,2,original,4,ok,1,174880.291,2,10433,10433
l2-022-fr-breach,50,2,original,4,ok,1,74148.017,2,14061,14061
l2-024-fr-consumer,50,2,original,4,ok,1,136713.851,3,18608,18608
l2-026-uk-data-rights,50,2,original,4,ok,1,144655.88,3,3669,3669
l2-029-uk-consumer,50,2,original,4,ok,1,90131.388,2,18523,18523
l2-034-ca-consumer,50,2,original,4,ok,1,105751.712,1,4183,4183
l2-035-ca-worker,50,2,original,4,ok,1,115231.656,2,12496,12496
l2-036-au-data-rights,50,2,original,4,ok,1,164392.918,3,14660,14660
l2-038-au-transfer,50,2,original,4,ok,1,140457.068,2,19625,19625
l2-039-au-consumer,50,2,original,4,ok,1,112033.249,3,9500,9500
l2-040-au-worker,50,2,original,4,ok,1,62911.863,2,4057,4057
l2-045-sg-worker,50,2,original,4,ok,1,114202.416,1,11064,11064
l2-046-vn-data-rights,50,2,original,4,ok,1,142430.925,2,11418,11418
l2-047-vn-breach,50,2,original,4,ok,1,100085.867,5,11515,11515
l2-051-th-data-rights,50,2,original,4,ok,1,155765.107,1,9181,9181
l2-052-th-breach,50,2,original,4,ok,1,56081.101,2,7601,7601
l2-053-th-transfer,50,2,original,4,ok,1,81774.319,1,10563,10563
l2-054-th-consumer,50,2,original,4,ok,1,110293.595,2,5633,5633
l2-055-th-worker,50,2,original,4,ok,1,119519.701,4,9356,9356
l2-056-id-data-rights,50,2,original,4,ok,1,100165.875,1,7438,7438
l2-057-id-breach,50,2,original,4,ok,1,102235.396,2,6847,6847
l2-060-id-worker,50,2,original,4,ok,1,125656.15,1,11993,11993
l2-061-my-data-rights,50,2,original,4,ok,1,114626.312,1,12630,12630
l2-064-my-consumer,50,2,original,4,ok,1,116109.701,5,5533,5533
l2-066-ph-data-rights,50,2,original,4,ok,1,138181.37,1,8395,8395
l2-067-ph-breach,50,2,original,4,ok,1,116822.318,2,22469,22469
l2-068-ph-transfer,50,2,original,4,ok,1,71942.204,1,17208,17208
l2-070-ph-worker,50,2,original,4,ok,1,124878.766,1,15929,15929
l2-071-in-data-rights,50,2,original,4,ok,1,103320.04,1,18470,18470
l2-072-in-breach,50,2,original,4,ok,1,69058.444,2,14524,14524
l2-073-in-transfer,50,2,original,4,ok,1,96266.854,2,13023,13023
l2-081-es-data-rights,50,2,original,4,ok,1,107541.849,2,12888,12888
l2-082-es-breach,50,2,original,4,ok,1,80200.098,3,13297,13297
l2-083-es-transfer,50,2,original,4,ok,1,166292.742,2,23525,23525
l2-084-es-consumer,50,2,original,4,ok,1,127334.134,4,19285,19285
l2-085-es-worker,50,2,original,4,ok,1,66385.324,2,15423,15423
l2-086-it-data-rights,50,2,original,4,ok,1,4259.144,0,,
l2-087-it-breach,50,2,original,4,ok,1,4638.918,0,,
l2-088-it-transfer,50,2,original,4,ok,1,48070.621,0,,
l2-089-it-consumer,50,2,original,4,ok,1,82319.474,0,,
l2-090-it-worker,50,2,original,4,ok,1,92445.156,0,,
l2-091-nl-data-rights,50,2,original,4,ok,1,4067.234,0,,
l2-092-nl-breach,50,2,original,4,ok,1,4596.894,0,,
l2-096-nz-data-rights,50,2,original,4,ok,1,107411.902,3,10443,10443
l2-100-nz-worker,50,2,original,4,ok,1,52559.859,3,7221,7221
l3-001-jp-transfer,50,2,original,4,ok,1,180363.418,2,7197,7197
l3-002-jp-breach,50,2,original,4,ok,1,268338.196,4,12718,12718
l3-005-jp-worker-ai,50,2,original,4,ok,1,134135.659,4,4392,4392
l3-007-us-breach,50,2,original,4,ok,1,150288.113,2,14881,14881
l3-008-us-consumer,50,2,original,4,ok,1,124765.713,3,9845,9845
l3-010-us-worker-ai,50,2,original,4,ok,1,135384.838,2,7175,7175
l3-011-cn-transfer,50,2,original,4,ok,1,207217.317,1,9089,9089
l3-013-cn-consumer,50,2,original,4,ok,1,127620.802,2,16079,16079
l3-014-cn-platform,50,2,original,4,ok,1,144461.198,3,12239,12239
l3-015-cn-worker-ai,50,2,original,4,ok,1,149005.268,2,8476,8476
l3-016-de-transfer,50,2,original,4,ok,1,123967.561,0,12755,12755
l3-018-de-consumer,50,2,original,4,ok,1,143301.611,6,14609,14609
l3-019-de-platform,50,2,original,4,ok,1,103726.087,7,12938,12938
l3-020-de-worker-ai,50,2,original,4,ok,1,141857.607,2,8368,8368
l3-023-fr-consumer,50,2,original,4,ok,1,122791.715,0,6451,6451
l3-025-fr-worker-ai,50,2,original,4,ok,1,161859.085,3,22180,22180
l3-026-uk-transfer,50,2,original,4,ok,1,134673.472,4,13411,13411
l3-028-uk-consumer,50,2,original,4,ok,1,122201.042,0,7451,7451
l3-030-uk-worker-ai,50,2,original,4,ok,1,122230.051,0,14917,14917
l3-032-ca-breach,50,2,original,4,ok,1,123357.363,0,10725,10725
l3-033-ca-consumer,50,2,original,4,ok,1,124659.545,2,3365,3365
l3-037-au-breach,50,2,original,4,ok,1,114582.739,2,15011,15011
l3-039-au-platform,50,2,original,4,ok,1,174648.505,1,22450,22450
l3-041-sg-transfer,50,2,original,4,ok,1,153659.327,2,20275,20275
l3-043-sg-consumer,50,2,original,4,ok,1,110059.499,2,4226,4226
l3-045-sg-worker-ai,50,2,original,4,ok,1,82217.05,0,,
l3-046-vn-transfer,50,2,original,4,ok,1,191370.998,3,20275,20275
l3-047-vn-breach,50,2,original,4,ok,1,115520.645,2,10725,10725
l3-053-th-consumer,50,2,original,4,ok,1,174782.267,2,11856,11856
l3-054-th-platform,50,2,original,4,ok,1,18428.169,0,,
l3-056-id-transfer,50,2,original,4,ok,1,114732.374,2,10146,10146
l3-057-id-breach,50,2,original,4,ok,1,116695.702,3,4941,4941
l3-058-id-consumer,50,2,original,4,ok,1,121170.348,2,19316,19316
l3-059-id-platform,50,2,original,4,ok,1,4788.396,0,,
l3-062-my-breach,50,2,original,4,ok,1,202301.257,1,9630,9630
l3-063-my-consumer,50,2,original,4,ok,1,3586.554,0,,
l3-065-my-worker-ai,50,2,original,4,ok,1,142411.632,2,27008,27008
l3-066-ph-transfer,50,2,original,4,ok,1,201216.323,3,15398,15398
l3-067-ph-breach,50,2,original,4,ok,1,122554.296,0,13050,13050
l3-072-in-breach,50,2,original,4,ok,1,5842.014,0,,
l3-073-in-consumer,50,2,original,4,ok,1,90029.992,3,7923,7923
l3-075-in-worker-ai,50,2,original,4,ok,1,124119.199,3,8368,8368
l3-078-br-consumer,50,2,original,4,ok,1,112391.079,2,6798,6798
l3-079-br-platform,50,2,original,4,ok,1,122690.029,0,18698,18698
l3-081-es-transfer,50,2,original,4,ok,1,28936.086,0,,
l3-082-es-breach,50,2,original,4,ok,1,292742.868,2,25086,25086
l3-088-it-consumer,50,2,original,4,ok,1,3757.025,0,,
l3-092-nl-breach,50,2,original,4,ok,1,6153.117,0,,
l3-098-nz-consumer,50,2,original,4,ok,1,119492.198,3,7923,7923
l3-100-nz-worker-ai,50,2,original,4,ok,1,254424.157,4,18432,18432
l4-001-jp-digital-platform,50,2,original,4,ok,1,170111.927,3,14117,14117
l4-004-jp-fintech,50,2,original,4,ok,1,96523.416,5,5371,5371
l4-008-us-online-sales,50,2,original,4,ok,1,141295.916,3,6820,6820
l4-009-us-fintech,50,2,original,4,ok,1,131530.08,6,12266,12266
l4-012-cn-automated-hiring,50,2,original,4,ok,1,145981.546,5,8376,8376
l4-015-cn-manufacturer,50,2,original,4,ok,1,149710.572,6,4731,4731
l4-016-de-digital-platform,50,2,original,4,ok,1,116060.907,3,17609,17609
l4-020-de-manufacturer,50,2,original,4,ok,1,104387.236,5,5341,5341
l4-021-fr-digital-platform,50,2,original,4,ok,1,127952.87,2,21543,21543
l4-022-fr-automated-hiring,50,2,original,4,ok,1,129659.621,4,26352,26352
l4-023-fr-online-sales,50,2,original,4,ok,1,118138.519,5,20824,20824
l4-024-fr-fintech,50,2,original,4,ok,1,96977.013,2,23838,23838
l4-027-uk-automated-hiring,50,2,original,4,ok,1,134860.196,2,7729,7729
l4-029-uk-fintech,50,2,original,4,ok,1,100789.46,3,6139,6139
l4-032-ca-automated-hiring,50,2,original,4,ok,1,119927.731,4,15592,15592
l4-034-ca-fintech,50,2,original,4,ok,1,139010.41,2,4169,4169
l4-036-au-digital-platform,50,2,original,4,ok,1,147554.737,3,16258,16258
l4-038-au-online-sales,50,2,original,4,ok,1,148094.147,1,9688,9688
l4-039-au-fintech,50,2,original,4,ok,1,111655.998,3,15464,15464
l4-040-au-manufacturer,50,2,original,4,ok,1,175359.259,4,6383,6383
l4-044-sg-fintech,50,2,original,4,ok,1,106777.08,3,25258,25258
l4-045-sg-manufacturer,50,2,original,4,ok,1,103927.231,3,2864,2864
l4-051-th-digital-platform,50,2,original,4,ok,1,136006.252,1,11182,11182
l4-054-th-fintech,50,2,original,4,ok,1,117446.834,3,3926,3926
l4-055-th-manufacturer,50,2,original,4,ok,1,126529.223,5,6138,6138
l4-058-id-online-sales,50,2,original,4,ok,1,127910.26,4,8239,8239
l4-059-id-fintech,50,2,original,4,ok,1,136575.334,4,17311,17311
l4-063-my-online-sales,50,2,original,4,ok,1,131017.326,3,5225,5225
l4-065-my-manufacturer,50,2,original,4,ok,1,124727.546,2,4845,4845
l4-067-ph-automated-hiring,50,2,original,4,ok,1,145747.885,3,5510,5510
l4-069-ph-fintech,50,2,original,4,ok,1,127057.428,4,8266,8266
l4-070-ph-manufacturer,50,2,original,4,ok,1,110749.815,9,7530,7530
l4-071-in-digital-platform,50,2,original,4,ok,1,126405.625,2,22506,22506
l4-072-in-automated-hiring,50,2,original,4,ok,1,113256.776,6,10554,10554
l4-075-in-manufacturer,50,2,original,4,ok,1,87738.102,2,4668,4668
l4-080-br-manufacturer,50,2,original,4,ok,1,174912.508,4,6510,6510
l4-081-es-digital-platform,50,2,original,4,ok,1,85244.742,2,12843,12843
l4-082-es-automated-hiring,50,2,original,4,ok,1,163259.264,1,15198,15198
l4-083-es-online-sales,50,2,original,4,ok,1,183533.911,3,17946,17946
l4-088-it-online-sales,50,2,original,4,ok,1,3155.168,0,,
l4-089-it-fintech,50,2,original,4,ok,1,3731.951,0,,
l4-090-it-manufacturer,50,2,original,4,ok,1,2322.175,0,,
l4-092-nl-automated-hiring,50,2,original,4,ok,1,2723.615,0,,
l4-093-nl-online-sales,50,2,original,4,ok,1,20191.902,0,,
l4-094-nl-fintech,50,2,original,4,ok,1,4953.647,0,,
l4-095-nl-manufacturer,50,2,original,4,ok,1,11246.427,0,,
l4-096-nz-digital-platform,50,2,original,4,ok,1,135236.265,3,5786,5786
l4-097-nz-automated-hiring,50,2,original,4,ok,1,132546.045,4,7518,7518
l4-099-nz-fintech,50,2,original,4,ok,1,115835.841,2,18660,18660
l4-100-nz-manufacturer,50,2,original,4,ok,1,145565.827,3,12098,12098
l1-001-jp,50,2,reduce,2,ok,1,148422.925,5,7288,4216
l1-002-jp,50,2,reduce,2,ok,1,125151.217,2,10180,5217
l1-003-jp,50,2,reduce,2,ok,1,90472.356,1,9238,6242
l1-005-jp,50,2,reduce,2,ok,1,160705.078,4,2426,1546
l1-010-us,50,2,reduce,2,ok,1,51745.457,2,14100,2578
l1-012-cn,50,2,reduce,2,ok,1,101386.402,2,6783,4146
l1-013-cn,50,2,reduce,2,ok,1,119156.977,1,6991,4371
l1-018-de,50,2,reduce,2,ok,1,121711.605,4,9933,4929
l1-019-de,50,2,reduce,2,ok,1,177189.539,3,23400,3735
l1-023-fr,50,2,reduce,2,ok,1,163350.13,1,26211,10039
l1-024-fr,50,2,reduce,2,ok,1,156818.738,2,17877,6432
l1-025-fr,50,2,reduce,2,ok,1,112080.04,2,13199,4235
l1-027-uk,50,2,reduce,2,ok,1,142171.37,2,6148,3677
l1-031-ca,50,2,reduce,2,ok,1,158148.663,4,9753,5724
l1-032-ca,50,2,reduce,2,ok,1,170049.985,1,2328,1327
l1-033-ca,50,2,reduce,2,ok,1,109232.433,3,7197,2079
l1-035-ca,50,2,reduce,2,ok,1,135449.354,1,9148,4466
l1-036-au,50,2,reduce,2,ok,1,129476.255,5,23747,3574
l1-037-au,50,2,reduce,2,ok,1,99449.118,2,6135,2823
l1-038-au,50,2,reduce,2,ok,1,141869.853,5,27052,5793
l1-039-au,50,2,reduce,2,ok,1,102394.703,1,10110,4894
l1-040-au,50,2,reduce,2,ok,1,160088.63,3,24374,4680
l1-041-sg,50,2,reduce,2,ok,1,112831.116,1,22558,8527
l1-042-sg,50,2,reduce,2,ok,1,157424.636,3,18165,6691
l1-044-sg,50,2,reduce,2,ok,1,144254.476,3,10069,3178
l1-046-vn,50,2,reduce,2,ok,1,106645.318,1,789,525
l1-049-vn,50,2,reduce,2,ok,1,139514.412,2,19841,7354
l1-050-vn,50,2,reduce,2,ok,1,164101.52,4,11069,5666
l1-051-th,50,2,reduce,2,ok,1,160212.129,1,7247,4600
l1-052-th,50,2,reduce,2,ok,1,99901.188,1,9447,5478
l1-053-th,50,2,reduce,2,ok,1,140466.183,1,12821,8136
l1-054-th,50,2,reduce,2,ok,1,117212.245,2,11230,6871
l1-055-th,50,2,reduce,2,ok,1,119630.066,2,8940,3102
l1-059-id,50,2,reduce,2,ok,1,122965.702,1,11312,6690
l1-060-id,50,2,reduce,2,ok,1,151751.022,3,4549,3081
l1-062-my,50,2,reduce,2,ok,1,116462.95,1,12785,8316
l1-065-my,50,2,reduce,2,ok,1,125820.847,3,8238,3940
l1-068-ph,50,2,reduce,2,ok,1,156952.288,1,17211,9658
l1-070-ph,50,2,reduce,2,ok,1,102464.646,3,21636,6843
l1-075-in,50,2,reduce,2,ok,1,110094.66,1,14522,11454
l1-078-br,50,2,reduce,2,ok,1,155515.721,1,3690,1546
l1-081-es,50,2,reduce,2,ok,1,121950.512,0,19919,10157
l1-082-es,50,2,reduce,2,ok,1,137494.267,5,12552,5945
l1-085-es,50,2,reduce,2,ok,1,131383.432,1,6458,2901
l1-091-nl,50,2,reduce,2,ok,1,61095.969,0,,
l1-092-nl,50,2,reduce,2,ok,1,49808.291,0,,
l1-094-nl,50,2,reduce,2,ok,1,86077.706,0,,
l1-095-nl,50,2,reduce,2,ok,1,14007.819,0,,
l1-097-nz,50,2,reduce,2,ok,1,157413.791,2,11822,4512
l1-098-nz,50,2,reduce,2,ok,1,131753.842,1,9519,2127
l2-001-jp-data-rights,50,2,reduce,2,ok,1,107292.688,1,6919,4331
l2-002-jp-breach,50,2,reduce,2,ok,1,118999.717,3,3108,2112
l2-003-jp-transfer,50,2,reduce,2,ok,1,118979.685,2,13808,5496
l2-010-us-worker,50,2,reduce,2,ok,1,65411.884,2,15612,5228
l2-013-cn-transfer,50,2,reduce,2,ok,1,50804.956,1,12490,6712
l2-017-de-breach,50,2,reduce,2,ok,1,106241.153,2,10431,5163
l2-022-fr-breach,50,2,reduce,2,ok,1,128069.375,3,14059,5192
l2-024-fr-consumer,50,2,reduce,2,ok,1,112256.708,2,18608,6010
l2-026-uk-data-rights,50,2,reduce,2,ok,1,92200.072,3,3669,2426
l2-029-uk-consumer,50,2,reduce,2,ok,1,122160.244,2,18523,8843
l2-034-ca-consumer,50,2,reduce,2,ok,1,99870.95,1,4183,2205
l2-035-ca-worker,50,2,reduce,2,ok,1,116171.913,2,12496,4322
l2-036-au-data-rights,50,2,reduce,2,ok,1,91440.747,2,12681,4100
l2-038-au-transfer,50,2,reduce,2,ok,1,87758.914,2,19625,5758
l2-039-au-consumer,50,2,reduce,2,ok,1,96404.529,3,9500,4326
l2-040-au-worker,50,2,reduce,2,ok,1,64443.162,2,4057,2770
l2-045-sg-worker,50,2,reduce,2,ok,1,133219.049,1,11064,4423
l2-046-vn-data-rights,50,2,reduce,2,ok,1,134448.208,2,11418,5942
l2-047-vn-breach,50,2,reduce,2,ok,1,88054.715,4,10566,4230
l2-051-th-data-rights,50,2,reduce,2,ok,1,153363.185,1,9181,6443
l2-052-th-breach,50,2,reduce,2,ok,1,56903.122,2,7597,4614
l2-053-th-transfer,50,2,reduce,2,ok,1,80624.49,1,10563,7155
l2-054-th-consumer,50,2,reduce,2,ok,1,83769.142,2,5633,2751
l2-055-th-worker,50,2,reduce,2,ok,1,114169.759,2,9356,3416
l2-056-id-data-rights,50,2,reduce,2,ok,1,111707.142,1,7438,4222
l2-057-id-breach,50,2,reduce,2,ok,1,83371.267,2,6847,2599
l2-060-id-worker,50,2,reduce,2,ok,1,113032.195,1,11993,6920
l2-061-my-data-rights,50,2,reduce,2,ok,1,114310.17,1,12630,5604
l2-064-my-consumer,50,2,reduce,2,ok,1,82888.633,4,5533,2939
l2-066-ph-data-rights,50,2,reduce,2,ok,1,118647.666,1,8395,5135
l2-067-ph-breach,50,2,reduce,2,ok,1,135186.547,2,22469,8201
l2-068-ph-transfer,50,2,reduce,2,ok,1,102951.465,1,17208,7814
l2-070-ph-worker,50,2,reduce,2,ok,1,97191.28,1,15929,7460
l2-071-in-data-rights,50,2,reduce,2,ok,1,120953.277,1,18470,5881
l2-072-in-breach,50,2,reduce,2,ok,1,64215.305,3,14524,4193
l2-073-in-transfer,50,2,reduce,2,ok,1,71957.131,2,13023,4151
l2-081-es-data-rights,50,2,reduce,2,ok,1,116108.964,2,12888,7471
l2-082-es-breach,50,2,reduce,2,ok,1,70062.655,3,13297,2708
l2-083-es-transfer,50,2,reduce,2,ok,1,111712.458,2,23525,9554
l2-084-es-consumer,50,2,reduce,2,ok,1,119933.172,4,19285,7712
l2-085-es-worker,50,2,reduce,2,ok,1,75432.357,2,15423,7315
l2-086-it-data-rights,50,2,reduce,2,ok,1,1672.649,0,,
l2-087-it-breach,50,2,reduce,2,ok,1,2199.932,0,,
l2-088-it-transfer,50,2,reduce,2,ok,1,22937.727,0,,
l2-089-it-consumer,50,2,reduce,2,ok,1,35915.499,0,,
l2-090-it-worker,50,2,reduce,2,ok,1,35837.65,0,,
l2-091-nl-data-rights,50,2,reduce,2,ok,1,3620.196,0,,
l2-092-nl-breach,50,2,reduce,2,ok,1,5356.623,0,,
l2-096-nz-data-rights,50,2,reduce,2,ok,1,91367.758,2,10443,3245
l2-100-nz-worker,50,2,reduce,2,ok,1,44016.45,3,7221,4778
l3-001-jp-transfer,50,2,reduce,2,ok,1,180051.593,2,8091,3479
l3-002-jp-breach,50,2,reduce,2,ok,1,62882.622,2,7703,3372
l3-005-jp-worker-ai,50,2,reduce,2,ok,1,110095.539,2,4400,2110
l3-007-us-breach,50,2,reduce,2,ok,1,112560.581,3,10073,4196
l3-008-us-consumer,50,2,reduce,2,ok,1,115004.345,4,9845,4022
l3-010-us-worker-ai,50,2,reduce,2,ok,1,86669.14,2,27016,5954
l3-011-cn-transfer,50,2,reduce,2,ok,1,143625.858,4,12757,5244
l3-013-cn-consumer,50,2,reduce,2,ok,1,114435.924,2,16079,6858
l3-014-cn-platform,50,2,reduce,2,ok,1,135509.915,3,1482,703
l3-015-cn-worker-ai,50,2,reduce,2,ok,1,124861.426,2,8086,2740
l3-016-de-transfer,50,2,reduce,2,ok,1,127710.936,2,12757,5244
l3-018-de-consumer,50,2,reduce,2,ok,1,100366.652,4,10007,4403
l3-019-de-platform,50,2,reduce,2,ok,1,98775.143,5,12938,5495
l3-020-de-worker-ai,50,2,reduce,2,ok,1,105865.91,2,8364,3044
l3-023-fr-consumer,50,2,reduce,2,ok,1,127759.235,3,18723,6787
l3-025-fr-worker-ai,50,2,reduce,2,ok,1,127122.79,3,22367,11530
l3-026-uk-transfer,50,2,reduce,2,ok,1,150941.674,4,13407,2976
l3-028-uk-consumer,50,2,reduce,2,ok,1,114221.39,3,11856,4671
l3-030-uk-worker-ai,50,2,reduce,2,ok,1,107287.556,3,4292,2138
l3-032-ca-breach,50,2,reduce,2,ok,1,212167.697,6,13164,5990
l3-033-ca-consumer,50,2,reduce,2,ok,1,114109.567,2,3365,1653
l3-037-au-breach,50,2,reduce,2,ok,1,105135.951,2,15005,3682
l3-039-au-platform,50,2,reduce,2,ok,1,145364.082,1,22450,9632
l3-041-sg-transfer,50,2,reduce,2,ok,1,116140.326,3,27089,7735
l3-043-sg-consumer,50,2,reduce,2,ok,1,87221.489,2,4226,2147
l3-045-sg-worker-ai,50,2,reduce,2,ok,1,46460.172,0,,
l3-046-vn-transfer,50,2,reduce,2,ok,1,140866.679,1,10573,7155
l3-047-vn-breach,50,2,reduce,2,ok,1,129315.486,4,8945,4052
l3-053-th-consumer,50,2,reduce,2,ok,1,94073.422,2,11856,4671
l3-054-th-platform,50,2,reduce,2,ok,1,6442.177,0,,
l3-056-id-transfer,50,2,reduce,2,ok,1,122611.078,3,12638,5802
l3-057-id-breach,50,2,reduce,2,ok,1,123844.711,3,18911,7827
l3-058-id-consumer,50,2,reduce,2,ok,1,76329.689,2,19316,6975
l3-059-id-platform,50,2,reduce,2,ok,1,5898.011,0,,
l3-062-my-breach,50,2,reduce,2,ok,1,114445.713,1,10556,5393
l3-063-my-consumer,50,2,reduce,2,ok,1,2576.528,0,,
l3-065-my-worker-ai,50,2,reduce,2,ok,1,100024.343,2,27014,5954
l3-066-ph-transfer,50,2,reduce,2,ok,1,145117.344,2,11631,3197
l3-067-ph-breach,50,2,reduce,2,ok,1,132685.633,2,23909,10371
l3-072-in-breach,50,2,reduce,2,ok,1,3148.943,0,,
l3-073-in-consumer,50,2,reduce,2,ok,1,80838.226,3,4404,2535
l3-075-in-worker-ai,50,2,reduce,2,ok,1,84111.507,2,14921,4575
l3-078-br-consumer,50,2,reduce,2,ok,1,134938.602,2,6798,3460
l3-079-br-platform,50,2,reduce,2,ok,1,121604.334,2,1482,703
l3-081-es-transfer,50,2,reduce,2,ok,1,6809.677,0,,
l3-082-es-breach,50,2,reduce,2,ok,1,200875.771,2,24152,1913
l3-088-it-consumer,50,2,reduce,2,ok,1,2033.61,0,,
l3-092-nl-breach,50,2,reduce,2,ok,1,7067.355,0,,
l3-098-nz-consumer,50,2,reduce,2,ok,1,121605.289,3,7923,2982
l3-100-nz-worker-ai,50,2,reduce,2,ok,1,207718.86,2,18432,9322
l4-001-jp-digital-platform,50,2,reduce,2,ok,1,114566.305,3,16492,8532
l4-004-jp-fintech,50,2,reduce,2,ok,1,92366.221,3,3946,2442
l4-008-us-online-sales,50,2,reduce,2,ok,1,115264.851,4,6816,4576
l4-009-us-fintech,50,2,reduce,2,ok,1,124496.501,6,12266,4474
l4-012-cn-automated-hiring,50,2,reduce,2,ok,1,148037.769,5,7435,4966
l4-015-cn-manufacturer,50,2,reduce,2,ok,1,105908.753,6,4731,3238
l4-016-de-digital-platform,50,2,reduce,2,ok,1,74381.522,3,17611,3249
l4-020-de-manufacturer,50,2,reduce,2,ok,1,70757.534,5,9280,3598
l4-021-fr-digital-platform,50,2,reduce,2,ok,1,137911.361,2,21551,8921
l4-022-fr-automated-hiring,50,2,reduce,2,ok,1,118363.977,3,22817,6973
l4-023-fr-online-sales,50,2,reduce,2,ok,1,137214.066,5,19363,8204
l4-024-fr-fintech,50,2,reduce,2,ok,1,112404.413,1,24408,8153
l4-027-uk-automated-hiring,50,2,reduce,2,ok,1,139841.56,2,7727,4346
l4-029-uk-fintech,50,2,reduce,2,ok,1,79977.897,3,6141,2202
l4-032-ca-automated-hiring,50,2,reduce,2,ok,1,103110.251,5,15592,6459
l4-034-ca-fintech,50,2,reduce,2,ok,1,97864.611,2,4179,1468
l4-036-au-digital-platform,50,2,reduce,2,ok,1,101217.692,3,16254,4874
l4-038-au-online-sales,50,2,reduce,2,ok,1,106651.832,1,9684,4649
l4-039-au-fintech,50,2,reduce,2,ok,1,131712.021,3,15470,4977
l4-040-au-manufacturer,50,2,reduce,2,ok,1,96906.755,4,8199,4113
l4-044-sg-fintech,50,2,reduce,2,ok,1,131171.75,4,24356,9085
l4-045-sg-manufacturer,50,2,reduce,2,ok,1,74827.226,3,2864,1827
l4-051-th-digital-platform,50,2,reduce,2,ok,1,119827.502,1,11933,7804
l4-054-th-fintech,50,2,reduce,2,ok,1,136898.171,3,3922,2666
l4-055-th-manufacturer,50,2,reduce,2,ok,1,106047.257,5,6138,3446
l4-058-id-online-sales,50,2,reduce,2,ok,1,83397.484,3,7753,4418
l4-059-id-fintech,50,2,reduce,2,ok,1,139766.15,4,18231,7305
l4-063-my-online-sales,50,2,reduce,2,ok,1,73041.428,3,5223,3468
l4-065-my-manufacturer,50,2,reduce,2,ok,1,113587.372,2,4845,3022
l4-067-ph-automated-hiring,50,2,reduce,2,ok,1,128021.787,3,5942,3560
l4-069-ph-fintech,50,2,reduce,2,ok,1,83970.621,3,8264,4289
l4-070-ph-manufacturer,50,2,reduce,2,ok,1,135749.944,8,8293,5373
l4-071-in-digital-platform,50,2,reduce,2,ok,1,99851.838,2,21014,9442
l4-072-in-automated-hiring,50,2,reduce,2,ok,1,155237.265,5,10554,3888
l4-075-in-manufacturer,50,2,reduce,2,ok,1,88503.774,2,4670,2731
l4-080-br-manufacturer,50,2,reduce,2,ok,1,118949.326,4,6427,4302
l4-081-es-digital-platform,50,2,reduce,2,ok,1,98137.298,2,12843,6199
l4-082-es-automated-hiring,50,2,reduce,2,ok,1,144632.368,1,13265,6347
l4-083-es-online-sales,50,2,reduce,2,ok,1,112951.53,3,16710,8734
l4-088-it-online-sales,50,2,reduce,2,ok,1,1744.249,0,,
l4-089-it-fintech,50,2,reduce,2,ok,1,2549.616,0,,
l4-090-it-manufacturer,50,2,reduce,2,ok,1,3907.33,0,,
l4-092-nl-automated-hiring,50,2,reduce,2,ok,1,1960.594,0,,
l4-093-nl-online-sales,50,2,reduce,2,ok,1,4086.689,0,,
l4-094-nl-fintech,50,2,reduce,2,ok,1,5254.924,0,,
l4-095-nl-manufacturer,50,2,reduce,2,ok,1,3866.044,0,,
l4-096-nz-digital-platform,50,2,reduce,2,ok,1,116258.51,3,5784,3435
l4-097-nz-automated-hiring,50,2,reduce,2,ok,1,155734.636,4,7034,3836
l4-099-nz-fintech,50,2,reduce,2,ok,1,109783.527,2,18660,3462
l4-100-nz-manufacturer,50,2,reduce,2,ok,1,133456.695,3,10026,6893
l1-001-jp,50,3,combined,2,ok,1,127301.943,5,7288,4216
l1-002-jp,50,3,combined,2,ok,1,78974.949,2,10180,5217
l1-003-jp,50,3,combined,2,ok,1,157138.677,1,9238,6242
l1-005-jp,50,3,combined,2,ok,1,168080.105,4,2426,1546
l1-010-us,50,3,combined,2,ok,1,136385.253,2,14100,2578
l1-012-cn,50,3,combined,2,ok,1,148054.096,2,6783,4146
l1-013-cn,50,3,combined,2,ok,1,129509.011,1,6991,4371
l1-018-de,50,3,combined,2,ok,1,139087.383,4,9933,4929
l1-019-de,50,3,combined,2,ok,1,96607.54,3,23400,3735
l1-023-fr,50,3,combined,2,ok,1,162047.196,1,26211,10039
l1-024-fr,50,3,combined,2,ok,1,95516.803,2,17877,6432
l1-025-fr,50,3,combined,2,ok,1,132241.537,2,13199,4235
l1-027-uk,50,3,combined,2,ok,1,108015.239,2,6148,3677
l1-031-ca,50,3,combined,2,ok,1,119721.682,4,9753,5724
l1-032-ca,50,3,combined,2,ok,1,157101.62,1,2328,1327
l1-033-ca,50,3,combined,2,ok,1,133968.922,3,7197,2079
l1-035-ca,50,3,combined,2,ok,1,152292.237,0,,
l1-036-au,50,3,combined,2,ok,1,155893.311,5,23747,3574
l1-037-au,50,3,combined,2,ok,1,127388.944,2,6135,2823
l1-038-au,50,3,combined,2,ok,1,118844.168,5,27052,5793
l1-039-au,50,3,combined,2,ok,1,93034.36,1,10110,4894
l1-040-au,50,3,combined,2,ok,1,113273.806,3,24374,4680
l1-041-sg,50,3,combined,2,ok,1,160105.725,1,22558,8527
l1-042-sg,50,3,combined,2,ok,1,117571.677,3,18165,6691
l1-044-sg,50,3,combined,2,ok,1,165558.775,3,10069,3178
l1-046-vn,50,3,combined,2,ok,1,60255.663,1,789,525
l1-049-vn,50,3,combined,2,ok,1,159439.849,2,19841,7354
l1-050-vn,50,3,combined,2,ok,1,131592.736,4,11069,5666
l1-051-th,50,3,combined,2,ok,1,167430.568,1,7247,4600
l1-052-th,50,3,combined,2,ok,1,123803.954,1,9447,5478
l1-053-th,50,3,combined,2,ok,1,132213.227,1,12821,8136
l1-054-th,50,3,combined,2,ok,1,116051.66,2,11230,6871
l1-055-th,50,3,combined,2,ok,1,151348.311,2,8940,3102
l1-059-id,50,3,combined,2,ok,1,143304.404,1,11312,6690
l1-060-id,50,3,combined,2,ok,1,110615.675,3,4549,3081
l1-062-my,50,3,combined,2,ok,1,122619.519,1,12785,8316
l1-065-my,50,3,combined,2,ok,1,108442.028,3,8238,3940
l1-068-ph,50,3,combined,2,ok,1,139620.543,1,17211,9658
l1-070-ph,50,3,combined,2,ok,1,73852.044,3,21636,6843
l1-075-in,50,3,combined,2,ok,1,95516.936,1,14522,11454
l1-078-br,50,3,combined,2,ok,1,130531.235,1,3690,1546
l1-081-es,50,3,combined,2,ok,1,156306.502,3,19919,10157
l1-082-es,50,3,combined,2,ok,1,163096.429,5,12552,5945
l1-085-es,50,3,combined,2,ok,1,161361.033,1,6458,2901
l1-091-nl,50,3,combined,2,ok,1,78399.865,0,,
l1-092-nl,50,3,combined,2,ok,1,54891.166,0,,
l1-094-nl,50,3,combined,2,ok,1,129230.813,0,,
l1-095-nl,50,3,combined,2,ok,1,44856.983,0,,
l1-097-nz,50,3,combined,2,ok,1,109372.171,2,11822,4512
l1-098-nz,50,3,combined,2,ok,1,140871.911,1,9519,2127
l2-001-jp-data-rights,50,3,combined,2,ok,1,55600.186,1,6913,4331
l2-002-jp-breach,50,3,combined,2,ok,1,93152.395,3,3106,2112
l2-003-jp-transfer,50,3,combined,2,ok,1,70554.819,2,13808,5496
l2-010-us-worker,50,3,combined,2,ok,1,63302.189,2,15612,5228
l2-013-cn-transfer,50,3,combined,2,ok,1,40976.49,1,12490,6712
l2-017-de-breach,50,3,combined,2,ok,1,78756.495,2,10435,5163
l2-022-fr-breach,50,3,combined,2,ok,1,45070.354,3,14077,5192
l2-024-fr-consumer,50,3,combined,2,ok,1,77889.996,2,18610,6010
l2-026-uk-data-rights,50,3,combined,2,ok,1,108564.557,3,3671,2426
l2-029-uk-consumer,50,3,combined,2,ok,1,105334.767,2,18523,8843
l2-034-ca-consumer,50,3,combined,2,ok,1,83056.789,1,4183,2205
l2-035-ca-worker,50,3,combined,2,ok,1,94159.449,2,12496,4322
l2-036-au-data-rights,50,3,combined,2,ok,1,101228.566,2,14660,5074
l2-038-au-transfer,50,3,combined,2,ok,1,79174.806,2,19625,5758
l2-039-au-consumer,50,3,combined,2,ok,1,106512.718,3,9500,4326
l2-040-au-worker,50,3,combined,2,ok,1,83739.151,2,4057,2770
l2-045-sg-worker,50,3,combined,2,ok,1,96375.474,1,11064,4423
l2-046-vn-data-rights,50,3,combined,2,ok,1,102646.449,2,11420,5942
l2-047-vn-breach,50,3,combined,2,ok,1,104387.732,4,10564,4230
l2-051-th-data-rights,50,3,combined,2,ok,1,92968.053,1,8705,6118
l2-052-th-breach,50,3,combined,2,ok,1,77783.227,2,7599,4614
l2-053-th-transfer,50,3,combined,2,ok,1,85693.975,1,10563,7155
l2-054-th-consumer,50,3,combined,2,ok,1,106259.979,2,5633,2751
l2-055-th-worker,50,3,combined,2,ok,1,90150.787,2,9356,3416
l2-056-id-data-rights,50,3,combined,2,ok,1,56098.191,1,7751,4420
l2-057-id-breach,50,3,combined,2,ok,1,56933.991,2,6849,2599
l2-060-id-worker,50,3,combined,2,ok,1,120666.443,1,11993,6920
l2-061-my-data-rights,50,3,combined,2,ok,1,107761.374,1,12115,5226
l2-064-my-consumer,50,3,combined,2,ok,1,107523.022,4,5533,2939
l2-066-ph-data-rights,50,3,combined,2,ok,1,80268.243,1,8389,5135
l2-067-ph-breach,50,3,combined,2,ok,1,104219.911,2,22467,8201
l2-068-ph-transfer,50,3,combined,2,ok,1,167011.503,1,17208,7814
l2-070-ph-worker,50,3,combined,2,ok,1,85452.553,1,15929,7460
l2-071-in-data-rights,50,3,combined,2,ok,1,79818.896,1,18462,5881
l2-072-in-breach,50,3,combined,2,ok,1,48272.306,3,15304,4648
l2-073-in-transfer,50,3,combined,2,ok,1,66148.0,2,13023,4151
l2-081-es-data-rights,50,3,combined,2,ok,1,62765.992,2,12886,7471
l2-082-es-breach,50,3,combined,2,ok,1,61011.16,3,13299,2708
l2-083-es-transfer,50,3,combined,2,ok,1,95988.951,2,23525,9554
l2-084-es-consumer,50,3,combined,2,ok,1,102512.473,4,19285,7712
l2-085-es-worker,50,3,combined,2,ok,1,65199.645,2,15956,7871
l2-086-it-data-rights,50,3,combined,2,ok,1,2715.592,0,,
l2-087-it-breach,50,3,combined,2,ok,1,6066.105,0,,
l2-088-it-transfer,50,3,combined,2,ok,1,14204.308,0,,
l2-089-it-consumer,50,3,combined,2,ok,1,6871.933,0,,
l2-090-it-worker,50,3,combined,2,ok,1,3998.682,0,,
l2-091-nl-data-rights,50,3,combined,2,ok,1,17764.904,0,,
l2-092-nl-breach,50,3,combined,2,ok,1,5722.838,0,,
l2-096-nz-data-rights,50,3,combined,2,ok,1,48776.251,2,10443,3245
l2-100-nz-worker,50,3,combined,2,ok,1,47074.023,3,7221,4778
l3-001-jp-transfer,50,3,combined,2,ok,1,209509.274,2,7197,2993
l3-002-jp-breach,50,3,combined,2,ok,1,139827.079,3,12712,6670
l3-005-jp-worker-ai,50,3,combined,2,ok,1,103854.271,2,4404,2110
l3-007-us-breach,50,3,combined,2,ok,1,111963.431,4,16651,5387
l3-008-us-consumer,50,3,combined,2,ok,1,74188.241,4,9845,4022
l3-010-us-worker-ai,50,3,combined,2,ok,1,80655.971,2,27012,5954
l3-011-cn-transfer,50,3,combined,2,ok,1,120124.781,3,8357,5035
l3-013-cn-consumer,50,3,combined,2,ok,1,114664.84,2,3970,2777
l3-014-cn-platform,50,3,combined,2,ok,1,150425.922,3,12239,5376
l3-015-cn-worker-ai,50,3,combined,2,ok,1,58521.335,2,8474,2983
l3-016-de-transfer,50,3,combined,2,ok,1,73380.243,2,12753,5244
l3-018-de-consumer,50,3,combined,2,ok,1,106041.395,5,10007,4403
l3-019-de-platform,50,3,combined,2,ok,1,96570.934,4,15399,8337
l3-020-de-worker-ai,50,3,combined,2,ok,1,85343.23,2,8364,3044
l3-023-fr-consumer,50,3,combined,2,ok,1,85735.138,3,18723,6787
l3-025-fr-worker-ai,50,3,combined,2,ok,1,135079.988,3,22367,11530
l3-026-uk-transfer,50,3,combined,2,ok,1,58445.585,3,13411,2976
l3-028-uk-consumer,50,3,combined,2,ok,1,84088.759,3,7451,4280
l3-030-uk-worker-ai,50,3,combined,2,ok,1,76874.905,3,4290,2138
l3-032-ca-breach,50,3,combined,2,ok,1,109458.592,7,10723,4888
l3-033-ca-consumer,50,3,combined,2,ok,1,76852.876,2,3365,1653
l3-037-au-breach,50,3,combined,2,ok,1,121934.441,2,15011,3682
l3-039-au-platform,50,3,combined,2,ok,1,72591.781,2,14860,4755
l3-041-sg-transfer,50,3,combined,2,ok,1,126749.966,2,27085,7735
l3-043-sg-consumer,50,3,combined,2,ok,1,115737.786,2,4226,2147
l3-045-sg-worker-ai,50,3,combined,2,ok,1,5148.927,0,,
l3-046-vn-transfer,50,3,combined,2,ok,1,79445.048,3,9590,6465
l3-047-vn-breach,50,3,combined,2,ok,1,85452.599,4,8210,3522
l3-053-th-consumer,50,3,combined,2,ok,1,100841.881,2,11856,4671
l3-054-th-platform,50,3,combined,2,ok,1,15464.973,0,,
l3-056-id-transfer,50,3,combined,2,ok,1,119331.251,2,16208,6250
l3-057-id-breach,50,3,combined,2,ok,1,57752.957,2,18913,7827
l3-058-id-consumer,50,3,combined,2,ok,1,87862.936,2,19316,6975
l3-059-id-platform,50,3,combined,2,ok,1,5605.718,0,,
l3-062-my-breach,50,3,combined,2,ok,1,82372.274,1,10558,5393
l3-063-my-consumer,50,3,combined,2,ok,1,12763.392,0,,
l3-065-my-worker-ai,50,3,combined,2,ok,1,117281.818,2,20735,5521
l3-066-ph-transfer,50,3,combined,2,ok,1,141660.637,3,13677,3963
l3-067-ph-breach,50,3,combined,2,ok,1,87429.141,2,13048,5349
l3-072-in-breach,50,3,combined,2,ok,1,15193.137,0,,
l3-073-in-consumer,50,3,combined,2,ok,1,79769.836,3,4404,2535
l3-075-in-worker-ai,50,3,combined,2,ok,1,61983.233,2,8366,3044
l3-078-br-consumer,50,3,combined,2,ok,1,73431.908,2,6798,3460
l3-079-br-platform,50,3,combined,2,ok,1,87090.643,1,1482,703
l3-081-es-transfer,50,3,combined,2,ok,1,14923.396,0,,
l3-082-es-breach,50,3,combined,2,ok,1,142786.217,2,24152,1913
l3-088-it-consumer,50,3,combined,2,ok,1,5437.766,0,,
l3-092-nl-breach,50,3,combined,2,ok,1,6526.685,0,,
l3-098-nz-consumer,50,3,combined,2,ok,1,103025.735,3,7923,2982
l3-100-nz-worker-ai,50,3,combined,2,ok,1,149127.039,4,18432,9322
l4-001-jp-digital-platform,50,3,combined,2,ok,1,123998.275,3,14119,7100
l4-004-jp-fintech,50,3,combined,2,ok,1,87623.153,5,5369,3439
l4-008-us-online-sales,50,3,combined,2,ok,1,99503.176,3,9843,4759
l4-009-us-fintech,50,3,combined,2,ok,1,105567.63,6,12266,4474
l4-012-cn-automated-hiring,50,3,combined,2,ok,1,120712.402,5,7839,5213
l4-015-cn-manufacturer,50,3,combined,2,ok,1,96596.534,6,4731,3238
l4-016-de-digital-platform,50,3,combined,2,ok,1,77504.877,3,17609,3249
l4-020-de-manufacturer,50,3,combined,2,ok,1,91679.34,5,9280,3598
l4-021-fr-digital-platform,50,3,combined,2,ok,1,64327.26,2,21547,8921
l4-022-fr-automated-hiring,50,3,combined,2,ok,1,101304.717,3,22819,6973
l4-023-fr-online-sales,50,3,combined,2,ok,1,110805.833,5,19367,8204
l4-024-fr-fintech,50,3,combined,2,ok,1,78462.764,1,20890,7223
l4-027-uk-automated-hiring,50,3,combined,2,ok,1,117593.141,2,7727,4346
l4-029-uk-fintech,50,3,combined,2,ok,1,83746.58,3,6141,2202
l4-032-ca-automated-hiring,50,3,combined,2,ok,1,112834.019,5,15596,6459
l4-034-ca-fintech,50,3,combined,2,ok,1,80277.944,2,4179,1468
l4-036-au-digital-platform,50,3,combined,2,ok,1,104215.97,3,16796,5267
l4-038-au-online-sales,50,3,combined,2,ok,1,94070.209,1,9684,4649
l4-039-au-fintech,50,3,combined,2,ok,1,103295.614,3,15470,4977
l4-040-au-manufacturer,50,3,combined,2,ok,1,113034.949,4,8199,4113
l4-044-sg-fintech,50,3,combined,2,ok,1,116050.139,4,26457,9148
l4-045-sg-manufacturer,50,3,combined,2,ok,1,86095.3,3,2868,1827
l4-051-th-digital-platform,50,3,combined,2,ok,1,115728.107,3,11176,7301
l4-054-th-fintech,50,3,combined,2,ok,1,97032.748,3,3924,2666
l4-055-th-manufacturer,50,3,combined,2,ok,1,103630.898,6,6617,3784
l4-058-id-online-sales,50,3,combined,2,ok,1,82294.188,3,8321,4835
l4-059-id-fintech,50,3,combined,2,ok,1,92730.613,4,18233,7305
l4-063-my-online-sales,50,3,combined,2,ok,1,99942.893,3,5223,3468
l4-065-my-manufacturer,50,3,combined,2,ok,1,104233.381,2,4845,3022
l4-067-ph-automated-hiring,50,3,combined,2,ok,1,98826.912,3,5508,3273
l4-069-ph-fintech,50,3,combined,2,ok,1,81178.709,3,8262,4289
l4-070-ph-manufacturer,50,3,combined,2,ok,1,90876.656,8,8293,5373
l4-071-in-digital-platform,50,3,combined,2,ok,1,93089.941,2,22516,10524
l4-072-in-automated-hiring,50,3,combined,2,ok,1,246357.285,0,10554,3888
l4-075-in-manufacturer,50,3,combined,2,ok,1,76942.416,2,4666,2731
l4-080-br-manufacturer,50,3,combined,2,ok,1,91588.667,4,6429,4302
l4-081-es-digital-platform,50,3,combined,2,ok,1,105811.918,2,12843,6199
l4-082-es-automated-hiring,50,3,combined,2,ok,1,105369.596,1,16787,8585
l4-083-es-online-sales,50,3,combined,2,ok,1,113542.044,3,14189,7133
l4-088-it-online-sales,50,3,combined,2,ok,1,7722.67,0,,
l4-089-it-fintech,50,3,combined,2,ok,1,13284.164,0,,
l4-090-it-manufacturer,50,3,combined,2,ok,1,4913.476,0,,
l4-092-nl-automated-hiring,50,3,combined,2,ok,1,3708.754,0,,
l4-093-nl-online-sales,50,3,combined,2,ok,1,12873.487,0,,
l4-094-nl-fintech,50,3,combined,2,ok,1,5830.508,0,,
l4-095-nl-manufacturer,50,3,combined,2,ok,1,19352.607,0,,
l4-096-nz-digital-platform,50,3,combined,2,ok,1,94476.6,3,5786,3435
l4-097-nz-automated-hiring,50,3,combined,2,ok,1,111342.162,4,7518,4178
l4-099-nz-fintech,50,3,combined,2,ok,1,97204.344,2,18660,3462
l4-100-nz-manufacturer,50,3,combined,2,ok,1,91232.429,3,11538,7956
l1-001-jp,50,3,direct,4,ok,1,142629.272,4,7288,7288
l1-002-jp,50,3,direct,4,ok,1,155415.437,2,10180,10180
l1-003-jp,50,3,direct,4,ok,1,134948.226,1,9238,9238
l1-005-jp,50,3,direct,4,ok,1,151923.903,4,2426,2426
l1-010-us,50,3,direct,4,ok,1,41058.457,2,14100,14100
l1-012-cn,50,3,direct,4,ok,1,130620.018,0,6783,6783
l1-013-cn,50,3,direct,4,ok,1,196980.805,1,6991,6991
l1-018-de,50,3,direct,4,ok,1,134293.587,2,9933,9933
l1-019-de,50,3,direct,4,ok,1,118756.651,1,23400,23400
l1-023-fr,50,3,direct,4,ok,1,131250.138,0,26211,26211
l1-024-fr,50,3,direct,4,ok,1,143022.394,3,17877,17877
l1-025-fr,50,3,direct,4,ok,1,135278.079,4,13199,13199
l1-027-uk,50,3,direct,4,ok,1,156844.997,0,6148,6148
l1-031-ca,50,3,direct,4,ok,1,121152.068,3,6074,6074
l1-032-ca,50,3,direct,4,ok,1,121868.985,1,2328,2328
l1-033-ca,50,3,direct,4,ok,1,129424.608,3,7197,7197
l1-035-ca,50,3,direct,4,ok,1,140062.899,0,9148,9148
l1-036-au,50,3,direct,4,ok,1,110521.601,5,23747,23747
l1-037-au,50,3,direct,4,ok,1,139380.916,2,6135,6135
l1-038-au,50,3,direct,4,ok,1,158045.545,5,9659,9659
l1-039-au,50,3,direct,4,ok,1,98696.135,1,10110,10110
l1-040-au,50,3,direct,4,ok,1,141898.406,3,24374,24374
l1-041-sg,50,3,direct,4,ok,1,108402.421,1,22558,22558
l1-042-sg,50,3,direct,4,ok,1,161047.781,2,18165,18165
l1-044-sg,50,3,direct,4,ok,1,157930.922,3,10069,10069
l1-046-vn,50,3,direct,4,ok,1,109191.412,1,789,789
l1-049-vn,50,3,direct,4,ok,1,155480.2,2,3499,3499
l1-050-vn,50,3,direct,4,ok,1,124922.634,4,11069,11069
l1-051-th,50,3,direct,4,ok,1,185112.9,1,7247,7247
l1-052-th,50,3,direct,4,ok,1,137541.737,1,9447,9447
l1-053-th,50,3,direct,4,ok,1,179262.082,0,12821,12821
l1-054-th,50,3,direct,4,ok,1,146422.407,0,11230,11230
l1-055-th,50,3,direct,4,ok,1,131959.66,2,8940,8940
l1-059-id,50,3,direct,4,ok,1,184420.678,1,11312,11312
l1-060-id,50,3,direct,4,ok,1,123949.042,3,4549,4549
l1-062-my,50,3,direct,4,ok,1,151183.071,0,12785,12785
l1-065-my,50,3,direct,4,ok,1,126556.219,3,8238,8238
l1-068-ph,50,3,direct,4,ok,1,117642.079,1,17211,17211
l1-070-ph,50,3,direct,4,ok,1,99044.416,3,21636,21636
l1-075-in,50,3,direct,4,ok,1,128137.301,1,,
l1-078-br,50,3,direct,4,ok,1,100418.461,1,3690,3690
l1-081-es,50,3,direct,4,ok,1,166065.722,3,19919,19919
l1-082-es,50,3,direct,4,ok,1,135193.22,5,12552,12552
l1-085-es,50,3,direct,4,ok,1,114507.7,1,6458,6458
l1-091-nl,50,3,direct,4,ok,1,162652.615,0,,
l1-092-nl,50,3,direct,4,ok,1,92229.115,0,,
l1-094-nl,50,3,direct,4,ok,1,161512.403,0,,
l1-095-nl,50,3,direct,4,ok,1,100073.793,0,,
l1-097-nz,50,3,direct,4,ok,1,175201.52,3,11822,11822
l1-098-nz,50,3,direct,4,ok,1,120450.95,1,9519,9519
l2-001-jp-data-rights,50,3,direct,4,ok,1,54863.52,1,6424,6424
l2-002-jp-breach,50,3,direct,4,ok,1,100844.14,2,3885,3885
l2-003-jp-transfer,50,3,direct,4,ok,1,63399.433,2,13808,13808
l2-010-us-worker,50,3,direct,4,ok,1,47322.4,2,15612,15612
l2-013-cn-transfer,50,3,direct,4,ok,1,77590.952,1,12490,12490
l2-017-de-breach,50,3,direct,4,ok,1,89851.154,2,8722,8722
l2-022-fr-breach,50,3,direct,4,ok,1,53861.754,2,13589,13589
l2-024-fr-consumer,50,3,direct,4,ok,1,135397.332,4,18610,18610
l2-026-uk-data-rights,50,3,direct,4,ok,1,100532.577,3,3669,3669
l2-029-uk-consumer,50,3,direct,4,ok,1,99522.896,2,18523,18523
l2-034-ca-consumer,50,3,direct,4,ok,1,89747.119,1,4183,4183
l2-035-ca-worker,50,3,direct,4,ok,1,103368.105,2,12496,12496
l2-036-au-data-rights,50,3,direct,4,ok,1,115188.276,2,12681,12681
l2-038-au-transfer,50,3,direct,4,ok,1,119689.842,2,19625,19625
l2-039-au-consumer,50,3,direct,4,ok,1,116173.564,3,9500,9500
l2-040-au-worker,50,3,direct,4,ok,1,73605.536,2,4057,4057
l2-045-sg-worker,50,3,direct,4,ok,1,112711.83,1,11064,11064
l2-046-vn-data-rights,50,3,direct,4,ok,1,143911.235,2,11420,11420
l2-047-vn-breach,50,3,direct,4,ok,1,139518.928,5,11519,11519
l2-051-th-data-rights,50,3,direct,4,ok,1,145628.829,1,8705,8705
l2-052-th-breach,50,3,direct,4,ok,1,69120.916,2,7595,7595
l2-053-th-transfer,50,3,direct,4,ok,1,65737.512,1,10563,10563
l2-054-th-consumer,50,3,direct,4,ok,1,117310.038,2,5633,5633
l2-055-th-worker,50,3,direct,4,ok,1,103169.366,4,9356,9356
l2-056-id-data-rights,50,3,direct,4,ok,1,95000.565,1,7751,7751
l2-057-id-breach,50,3,direct,4,ok,1,64566.757,2,6847,6847
l2-060-id-worker,50,3,direct,4,ok,1,142256.71,1,11993,11993
l2-061-my-data-rights,50,3,direct,4,ok,1,190095.594,1,12630,12630
l2-064-my-consumer,50,3,direct,4,ok,1,119008.664,4,5533,5533
l2-066-ph-data-rights,50,3,direct,4,ok,1,144339.272,1,8395,8395
l2-067-ph-breach,50,3,direct,4,ok,1,126414.071,2,22463,22463
l2-068-ph-transfer,50,3,direct,4,ok,1,126817.049,1,17208,17208
l2-070-ph-worker,50,3,direct,4,ok,1,142921.46,1,15929,15929
l2-071-in-data-rights,50,3,direct,4,ok,1,103783.432,1,18462,18462
l2-072-in-breach,50,3,direct,4,ok,1,64206.015,2,14522,14522
l2-073-in-transfer,50,3,direct,4,ok,1,102497.861,2,13023,13023
l2-081-es-data-rights,50,3,direct,4,ok,1,99288.803,2,12888,12888
l2-082-es-breach,50,3,direct,4,ok,1,53364.215,3,13297,13297
l2-083-es-transfer,50,3,direct,4,ok,1,102081.091,2,23525,23525
l2-084-es-consumer,50,3,direct,4,ok,1,125003.418,4,19285,19285
l2-085-es-worker,50,3,direct,4,ok,1,68249.814,2,15423,15423
l2-086-it-data-rights,50,3,direct,4,ok,1,10305.761,0,,
l2-087-it-breach,50,3,direct,4,ok,1,16449.641,0,,
l2-088-it-transfer,50,3,direct,4,ok,1,7326.139,0,,
l2-089-it-consumer,50,3,direct,4,ok,1,41680.19,0,,
l2-090-it-worker,50,3,direct,4,ok,1,30596.127,0,,
l2-091-nl-data-rights,50,3,direct,4,ok,1,36866.654,0,,
l2-092-nl-breach,50,3,direct,4,ok,1,4827.553,0,,
l2-096-nz-data-rights,50,3,direct,4,ok,1,57708.941,3,11026,11026
l2-100-nz-worker,50,3,direct,4,ok,1,57902.301,3,7221,7221
l3-001-jp-transfer,50,3,direct,4,ok,1,278509.845,2,7997,7997
l3-002-jp-breach,50,3,direct,4,ok,1,159424.176,3,7701,7701
l3-005-jp-worker-ai,50,3,direct,4,ok,1,166058.571,4,4392,4392
l3-007-us-breach,50,3,direct,4,ok,1,119682.868,3,11809,11809
l3-008-us-consumer,50,3,direct,4,ok,1,136603.506,3,9845,9845
l3-010-us-worker-ai,50,3,direct,4,ok,1,116681.62,2,7175,7175
l3-011-cn-transfer,50,3,direct,4,ok,1,156617.758,1,13800,13800
l3-013-cn-consumer,50,3,direct,4,ok,1,140599.299,2,3970,3970
l3-014-cn-platform,50,3,direct,4,ok,1,170281.354,3,1482,1482
l3-015-cn-worker-ai,50,3,direct,4,ok,1,158024.605,2,8476,8476
l3-016-de-transfer,50,3,direct,4,ok,1,136780.44,2,12757,12757
l3-018-de-consumer,50,3,direct,4,ok,1,129992.633,6,10007,10007
l3-019-de-platform,50,3,direct,4,ok,1,91442.547,7,12938,12938
l3-020-de-worker-ai,50,3,direct,4,ok,1,122858.788,2,8368,8368
l3-023-fr-consumer,50,3,direct,4,ok,1,202139.112,3,18723,18723
l3-025-fr-worker-ai,50,3,direct,4,ok,1,172763.225,2,22180,22180
l3-026-uk-transfer,50,3,direct,4,ok,1,135842.573,4,13411,13411
l3-028-uk-consumer,50,3,direct,4,ok,1,175520.643,3,7451,7451
l3-030-uk-worker-ai,50,3,direct,4,ok,1,170446.892,4,14917,14917
l3-032-ca-breach,50,3,direct,4,ok,1,153575.674,7,10719,10719
l3-033-ca-consumer,50,3,direct,4,ok,1,144937.974,2,3365,3365
l3-037-au-breach,50,3,direct,4,ok,1,175360.505,2,15003,15003
l3-039-au-platform,50,3,direct,4,ok,1,175750.57,2,22450,22450
l3-041-sg-transfer,50,3,direct,4,ok,1,139743.127,0,20275,20275
l3-043-sg-consumer,50,3,direct,4,ok,1,149401.448,2,4226,4226
l3-045-sg-worker-ai,50,3,direct,4,ok,1,40162.151,0,,
l3-046-vn-transfer,50,3,direct,4,ok,1,170404.492,3,27085,27085
l3-047-vn-breach,50,3,direct,4,ok,1,104219.057,2,11749,11749
l3-053-th-consumer,50,3,direct,4,ok,1,131519.172,2,11856,11856
l3-054-th-platform,50,3,direct,4,ok,1,63012.994,0,,
l3-056-id-transfer,50,3,direct,4,ok,1,164652.434,2,11586,11586
l3-057-id-breach,50,3,direct,4,ok,1,109365.944,3,19466,19466
l3-058-id-consumer,50,3,direct,4,ok,1,132421.651,2,19316,19316
l3-059-id-platform,50,3,direct,4,ok,1,4984.364,0,,
l3-062-my-breach,50,3,direct,4,ok,1,174532.256,1,11749,11749
l3-063-my-consumer,50,3,direct,4,ok,1,60607.965,0,,
l3-065-my-worker-ai,50,3,direct,4,ok,1,139877.566,0,27006,27006
l3-066-ph-transfer,50,3,direct,4,ok,1,181061.497,1,16050,16050
l3-067-ph-breach,50,3,direct,4,ok,1,164324.71,2,25082,25082
l3-072-in-breach,50,3,direct,4,ok,1,48759.375,0,,
l3-073-in-consumer,50,3,direct,4,ok,1,89964.026,3,4404,4404
l3-075-in-worker-ai,50,3,direct,4,ok,1,101204.223,3,14917,14917
l3-078-br-consumer,50,3,direct,4,ok,1,85090.532,1,6798,6798
l3-079-br-platform,50,3,direct,4,ok,1,184164.416,2,1482,1482
l3-081-es-transfer,50,3,direct,4,ok,1,9757.549,0,,
l3-082-es-breach,50,3,direct,4,ok,1,198917.824,2,25082,25082
l3-088-it-consumer,50,3,direct,4,ok,1,13427.892,0,,
l3-092-nl-breach,50,3,direct,4,ok,1,5854.435,0,,
l3-098-nz-consumer,50,3,direct,4,ok,1,130031.319,3,7923,7923
l3-100-nz-worker-ai,50,3,direct,4,ok,1,176797.736,5,18432,18432
l4-001-jp-digital-platform,50,3,direct,4,ok,1,171896.667,3,14117,14117
l4-004-jp-fintech,50,3,direct,4,ok,1,91688.382,3,4126,4126
l4-008-us-online-sales,50,3,direct,4,ok,1,238835.548,0,,
l4-009-us-fintech,50,3,direct,4,ok,1,138973.671,6,12266,12266
l4-012-cn-automated-hiring,50,3,direct,4,ok,1,157408.006,5,8376,8376
l4-015-cn-manufacturer,50,3,direct,4,ok,1,163268.595,6,4731,4731
l4-016-de-digital-platform,50,3,direct,4,ok,1,98240.204,3,17609,17609
l4-020-de-manufacturer,50,3,direct,4,ok,1,95991.276,6,9282,9282
l4-021-fr-digital-platform,50,3,direct,4,ok,1,95978.112,2,21543,21543
l4-022-fr-automated-hiring,50,3,direct,4,ok,1,149227.978,4,27102,27102
l4-023-fr-online-sales,50,3,direct,4,ok,1,121272.284,4,19363,19363
l4-024-fr-fintech,50,3,direct,4,ok,1,132178.694,2,23838,23838
l4-027-uk-automated-hiring,50,3,direct,4,ok,1,137240.543,2,7731,7731
l4-029-uk-fintech,50,3,direct,4,ok,1,154326.28,3,6139,6139
l4-032-ca-automated-hiring,50,3,direct,4,ok,1,162040.76,4,15592,15592
l4-034-ca-fintech,50,3,direct,4,ok,1,141554.268,2,4181,4181
l4-036-au-digital-platform,50,3,direct,4,ok,1,148907.485,3,16258,16258
l4-038-au-online-sales,50,3,direct,4,ok,1,185696.524,1,9686,9686
l4-039-au-fintech,50,3,direct,4,ok,1,134533.458,3,15474,15474
l4-040-au-manufacturer,50,3,direct,4,ok,1,159315.327,4,8201,8201
l4-044-sg-fintech,50,3,direct,4,ok,1,126460.934,4,24359,24359
l4-045-sg-manufacturer,50,3,direct,4,ok,1,125349.392,3,2864,2864
l4-051-th-digital-platform,50,3,direct,4,ok,1,120583.402,1,11182,11182
l4-054-th-fintech,50,3,direct,4,ok,1,122404.939,3,3928,3928
l4-055-th-manufacturer,50,3,direct,4,ok,1,95629.435,5,6617,6617
l4-058-id-online-sales,50,3,direct,4,ok,1,112976.739,3,7197,7197
l4-059-id-fintech,50,3,direct,4,ok,1,146902.922,4,17321,17321
l4-063-my-online-sales,50,3,direct,4,ok,1,97353.293,3,5223,5223
l4-065-my-manufacturer,50,3,direct,4,ok,1,157580.171,2,4845,4845
l4-067-ph-automated-hiring,50,3,direct,4,ok,1,197603.138,3,5510,5510
l4-069-ph-fintech,50,3,direct,4,ok,1,136214.794,4,8266,8266
l4-070-ph-manufacturer,50,3,direct,4,ok,1,95237.702,8,8295,8295
l4-071-in-digital-platform,50,3,direct,4,ok,1,146481.995,2,22506,22506
l4-072-in-automated-hiring,50,3,direct,4,ok,1,172857.759,6,10554,10554
l4-075-in-manufacturer,50,3,direct,4,ok,1,85915.344,2,4668,4668
l4-080-br-manufacturer,50,3,direct,4,ok,1,177258.871,4,6429,6429
l4-081-es-digital-platform,50,3,direct,4,ok,1,152464.458,2,12843,12843
l4-082-es-automated-hiring,50,3,direct,4,ok,1,148334.674,1,15198,15198
l4-083-es-online-sales,50,3,direct,4,ok,1,148059.153,3,18634,18634
l4-088-it-online-sales,50,3,direct,4,ok,1,10047.202,0,,
l4-089-it-fintech,50,3,direct,4,ok,1,60795.456,0,,
l4-090-it-manufacturer,50,3,direct,4,ok,1,42538.583,0,,
l4-092-nl-automated-hiring,50,3,direct,4,ok,1,21421.04,0,,
l4-093-nl-online-sales,50,3,direct,4,ok,1,65815.793,0,,
l4-094-nl-fintech,50,3,direct,4,ok,1,4662.177,0,,
l4-095-nl-manufacturer,50,3,direct,4,ok,1,51280.238,0,,
l4-096-nz-digital-platform,50,3,direct,4,ok,1,132639.832,3,5786,5786
l4-097-nz-automated-hiring,50,3,direct,4,ok,1,118745.42,4,7518,7518
l4-099-nz-fintech,50,3,direct,4,ok,1,244147.555,0,18660,18660
l4-100-nz-manufacturer,50,3,direct,4,ok,1,121523.746,3,12102,12102
l1-001-jp,50,3,original,3,ok,1,122511.366,4,,
l1-002-jp,50,3,original,3,ok,1,123151.833,0,10180,10180
l1-003-jp,50,3,original,3,ok,1,119739.114,1,,
l1-005-jp,50,3,original,3,ok,1,147482.46,4,2426,2426
l1-010-us,50,3,original,3,ok,1,117982.397,2,,
l1-012-cn,50,3,original,3,ok,1,161781.375,2,6783,6783
l1-013-cn,50,3,original,3,ok,1,144721.385,1,6997,6997
l1-018-de,50,3,original,3,ok,1,167791.586,2,9933,9933
l1-019-de,50,3,original,3,ok,1,52906.453,1,,
l1-023-fr,50,3,original,3,ok,1,246058.71,1,26211,26211
l1-024-fr,50,3,original,3,ok,1,155235.483,3,17877,17877
l1-025-fr,50,3,original,3,ok,1,157012.847,4,13199,13199
l1-027-uk,50,3,original,3,ok,1,178505.42,0,6148,6148
l1-031-ca,50,3,original,3,ok,1,114323.701,4,,
l1-032-ca,50,3,original,3,ok,1,117457.618,1,,
l1-033-ca,50,3,original,3,ok,1,144268.469,3,7197,7197
l1-035-ca,50,3,original,3,ok,1,163040.741,1,9148,9148
l1-036-au,50,3,original,3,ok,1,142552.789,5,23747,23747
l1-037-au,50,3,original,3,ok,1,146715.933,2,6135,6135
l1-038-au,50,3,original,3,ok,1,146535.188,5,27052,27052
l1-039-au,50,3,original,3,ok,1,114245.417,1,,
l1-040-au,50,3,original,3,ok,1,172796.073,3,24374,24374
l1-041-sg,50,3,original,3,ok,1,112007.659,1,,
l1-042-sg,50,3,original,3,ok,1,147701.888,2,18165,18165
l1-044-sg,50,3,original,3,ok,1,171806.19,3,10069,10069
l1-046-vn,50,3,original,3,ok,1,123115.233,1,789,789
l1-049-vn,50,3,original,3,ok,1,167385.786,2,19841,19841
l1-050-vn,50,3,original,3,ok,1,121435.078,4,,
l1-051-th,50,3,original,3,ok,1,181343.653,1,7247,7247
l1-052-th,50,3,original,3,ok,1,116222.186,1,,
l1-053-th,50,3,original,3,ok,1,207781.335,1,12821,12821
l1-054-th,50,3,original,3,ok,1,125830.96,0,11230,11230
l1-055-th,50,3,original,3,ok,1,139857.523,2,8940,8940
l1-059-id,50,3,original,3,ok,1,124982.435,0,11312,11312
l1-060-id,50,3,original,3,ok,1,118425.922,3,,
l1-062-my,50,3,original,3,ok,1,126904.896,0,12785,12785
l1-065-my,50,3,original,3,ok,1,187388.893,3,8238,8238
l1-068-ph,50,3,original,3,ok,1,193701.471,1,17211,17211
l1-070-ph,50,3,original,3,ok,1,114025.037,3,21636,21636
l1-075-in,50,3,original,3,ok,1,115178.733,1,,
l1-078-br,50,3,original,3,ok,1,120163.607,1,,
l1-081-es,50,3,original,3,ok,1,129869.697,0,19919,19919
l1-082-es,50,3,original,3,ok,1,197976.072,5,12552,12552
l1-085-es,50,3,original,3,ok,1,146234.47,1,6458,6458
l1-091-nl,50,3,original,3,ok,1,103313.6,0,,
l1-092-nl,50,3,original,3,ok,1,112266.47,0,,
l1-094-nl,50,3,original,3,ok,1,92311.182,0,,
l1-095-nl,50,3,original,3,ok,1,16850.417,0,,
l1-097-nz,50,3,original,3,ok,1,188628.262,3,11822,11822
l1-098-nz,50,3,original,3,ok,1,198631.88,1,9519,9519
l2-001-jp-data-rights,50,3,original,3,ok,1,99983.207,1,6424,6424
l2-002-jp-breach,50,3,original,3,ok,1,139588.498,3,3106,3106
l2-003-jp-transfer,50,3,original,3,ok,1,99311.385,2,13808,13808
l2-010-us-worker,50,3,original,3,ok,1,90712.436,2,,
l2-013-cn-transfer,50,3,original,3,ok,1,90900.138,1,,
l2-017-de-breach,50,3,original,3,ok,1,216945.486,2,10427,10427
l2-022-fr-breach,50,3,original,3,ok,1,75799.186,2,,
l2-024-fr-consumer,50,3,original,3,ok,1,133054.122,3,18608,18608
l2-026-uk-data-rights,50,3,original,3,ok,1,155460.383,3,3669,3669
l2-029-uk-consumer,50,3,original,3,ok,1,110439.161,2,,
l2-034-ca-consumer,50,3,original,3,ok,1,107211.023,1,,
l2-035-ca-worker,50,3,original,3,ok,1,154387.84,2,12496,12496
l2-036-au-data-rights,50,3,original,3,ok,1,184499.059,2,12681,12681
l2-038-au-transfer,50,3,original,3,ok,1,145084.434,2,19625,19625
l2-039-au-consumer,50,3,original,3,ok,1,138951.256,3,9500,9500
l2-040-au-worker,50,3,original,3,ok,1,69677.654,2,,
l2-045-sg-worker,50,3,original,3,ok,1,149674.092,1,11064,11064
l2-046-vn-data-rights,50,3,original,3,ok,1,175871.435,2,11418,11418
l2-047-vn-breach,50,3,original,3,ok,1,127729.681,5,11515,11515
l2-051-th-data-rights,50,3,original,3,ok,1,181860.149,2,8262,8262
l2-052-th-breach,50,3,original,3,ok,1,91505.539,2,,
l2-053-th-transfer,50,3,original,3,ok,1,80189.075,1,,
l2-054-th-consumer,50,3,original,3,ok,1,129970.065,2,5633,5633
l2-055-th-worker,50,3,original,3,ok,1,242532.911,0,9356,9356
l2-056-id-data-rights,50,3,original,3,ok,1,108938.187,1,7438,7438
l2-057-id-breach,50,3,original,3,ok,1,85436.454,2,,
l2-060-id-worker,50,3,original,3,ok,1,146162.036,1,11993,11993
l2-061-my-data-rights,50,3,original,3,ok,1,132915.289,1,12630,12630
l2-064-my-consumer,50,3,original,3,ok,1,136789.805,4,5533,5533
l2-066-ph-data-rights,50,3,original,3,ok,1,149924.623,1,8395,8395
l2-067-ph-breach,50,3,original,3,ok,1,152091.341,2,22469,22469
l2-068-ph-transfer,50,3,original,3,ok,1,112023.665,1,17208,17208
l2-070-ph-worker,50,3,original,3,ok,1,144842.333,1,,
l2-071-in-data-rights,50,3,original,3,ok,1,112952.693,1,18470,18470
l2-072-in-breach,50,3,original,3,ok,1,70304.183,2,,
l2-073-in-transfer,50,3,original,3,ok,1,108980.598,2,13023,13023
l2-081-es-data-rights,50,3,original,3,ok,1,115969.584,2,12888,12888
l2-082-es-breach,50,3,original,3,ok,1,82206.462,3,,
l2-083-es-transfer,50,3,original,3,ok,1,189321.14,2,23525,23525
l2-084-es-consumer,50,3,original,3,ok,1,134404.678,4,,
l2-085-es-worker,50,3,original,3,ok,1,78573.348,2,,
l2-086-it-data-rights,50,3,original,3,ok,1,9929.784,0,,
l2-087-it-breach,50,3,original,3,ok,1,18258.525,0,,
l2-088-it-transfer,50,3,original,3,ok,1,65855.461,0,,
l2-089-it-consumer,50,3,original,3,ok,1,14120.212,0,,
l2-090-it-worker,50,3,original,3,ok,1,106302.792,0,,
l2-091-nl-data-rights,50,3,original,3,ok,1,6415.345,0,,
l2-092-nl-breach,50,3,original,3,ok,1,4735.669,0,,
l2-096-nz-data-rights,50,3,original,3,ok,1,55182.141,3,,
l2-100-nz-worker,50,3,original,3,ok,1,73706.279,3,,
l3-001-jp-transfer,50,3,original,3,ok,1,237958.525,2,19777,19777
l3-002-jp-breach,50,3,original,3,ok,1,364120.434,4,,
l3-005-jp-worker-ai,50,3,original,3,ok,1,129505.671,4,4392,4392
l3-007-us-breach,50,3,original,3,ok,1,110953.008,2,,
l3-008-us-consumer,50,3,original,3,ok,1,139350.966,3,9845,9845
l3-010-us-worker-ai,50,3,original,3,ok,1,138320.285,2,,
l3-011-cn-transfer,50,3,original,3,ok,1,205830.582,4,12755,12755
l3-013-cn-consumer,50,3,original,3,ok,1,126441.072,2,3970,3970
l3-014-cn-platform,50,3,original,3,ok,1,150314.608,3,1482,1482
l3-015-cn-worker-ai,50,3,original,3,ok,1,148662.389,2,8474,8474
l3-016-de-transfer,50,3,original,3,ok,1,131828.488,0,12755,12755
l3-018-de-consumer,50,3,original,3,ok,1,187417.396,6,10007,10007
l3-019-de-platform,50,3,original,3,ok,1,118153.788,7,,
l3-020-de-worker-ai,50,3,original,3,ok,1,133541.608,2,,
l3-023-fr-consumer,50,3,original,3,ok,1,123063.912,0,18723,18723
l3-025-fr-worker-ai,50,3,original,3,ok,1,154014.304,2,14343,14343
l3-026-uk-transfer,50,3,original,3,ok,1,140223.813,4,13411,13411
l3-028-uk-consumer,50,3,original,3,ok,1,124906.967,0,7451,7451
l3-030-uk-worker-ai,50,3,original,3,ok,1,122449.739,0,4292,4292
l3-032-ca-breach,50,3,original,3,ok,1,123049.236,0,10201,10201
l3-033-ca-consumer,50,3,original,3,ok,1,135974.65,1,3365,3365
l3-037-au-breach,50,3,original,3,ok,1,124425.537,2,4758,4758
l3-039-au-platform,50,3,original,3,ok,1,177234.844,1,14860,14860
l3-041-sg-transfer,50,3,original,3,ok,1,122441.783,0,20275,20275
l3-043-sg-consumer,50,3,original,3,ok,1,127852.115,2,4226,4226
l3-045-sg-worker-ai,50,3,original,3,ok,1,46630.511,0,,
l3-046-vn-transfer,50,3,original,3,ok,1,194595.835,3,9990,9990
l3-047-vn-breach,50,3,original,3,ok,1,120298.124,2,9785,9785
l3-053-th-consumer,50,3,original,3,ok,1,195849.226,2,11856,11856
l3-054-th-platform,50,3,original,3,ok,1,19855.078,0,,
l3-056-id-transfer,50,3,original,3,ok,1,131917.822,2,10146,10146
l3-057-id-breach,50,3,original,3,ok,1,152308.792,3,19544,19544
l3-058-id-consumer,50,3,original,3,ok,1,127586.167,1,19316,19316
l3-059-id-platform,50,3,original,3,ok,1,6164.916,0,,
l3-062-my-breach,50,3,original,3,ok,1,204167.668,1,10556,10556
l3-063-my-consumer,50,3,original,3,ok,1,2444.219,0,,
l3-065-my-worker-ai,50,3,original,3,ok,1,143551.645,1,27006,27006
l3-066-ph-transfer,50,3,original,3,ok,1,183981.339,3,15398,15398
l3-067-ph-breach,50,3,original,3,ok,1,124074.42,0,13040,13040
l3-072-in-breach,50,3,original,3,ok,1,2593.453,0,,
l3-073-in-consumer,50,3,original,3,ok,1,70013.138,3,,
l3-075-in-worker-ai,50,3,original,3,ok,1,119052.689,3,,
l3-078-br-consumer,50,3,original,3,ok,1,113829.647,2,6798,6798
l3-079-br-platform,50,3,original,3,ok,1,143695.81,2,1482,1482
l3-081-es-transfer,50,3,original,3,ok,1,27525.542,0,,
l3-082-es-breach,50,3,original,3,ok,1,224092.265,2,24804,24804
l3-088-it-consumer,50,3,original,3,ok,1,9574.279,0,,
l3-092-nl-breach,50,3,original,3,ok,1,6388.425,0,,
l3-098-nz-consumer,50,3,original,3,ok,1,128021.35,3,18723,18723
l3-100-nz-worker-ai,50,3,original,3,ok,1,246027.287,4,18432,18432
l4-001-jp-digital-platform,50,3,original,3,ok,1,178884.785,2,14131,14131
l4-004-jp-fintech,50,3,original,3,ok,1,102815.586,5,,
l4-008-us-online-sales,50,3,original,3,ok,1,120927.148,3,6820,6820
l4-009-us-fintech,50,3,original,3,ok,1,171396.921,6,12266,12266
l4-012-cn-automated-hiring,50,3,original,3,ok,1,151741.865,5,,
l4-015-cn-manufacturer,50,3,original,3,ok,1,169298.201,6,4731,4731
l4-016-de-digital-platform,50,3,original,3,ok,1,111986.177,3,17609,17609
l4-020-de-manufacturer,50,3,original,3,ok,1,89026.594,6,,
l4-021-fr-digital-platform,50,3,original,3,ok,1,109932.843,2,21543,21543
l4-022-fr-automated-hiring,50,3,original,3,ok,1,147117.583,4,,
l4-023-fr-online-sales,50,3,original,3,ok,1,124345.554,4,,
l4-024-fr-fintech,50,3,original,3,ok,1,153732.817,2,23838,23838
l4-027-uk-automated-hiring,50,3,original,3,ok,1,143128.771,2,,
l4-029-uk-fintech,50,3,original,3,ok,1,126613.245,3,6139,6139
l4-032-ca-automated-hiring,50,3,original,3,ok,1,130974.316,4,15592,15592
l4-034-ca-fintech,50,3,original,3,ok,1,138452.1,2,4169,4169
l4-036-au-digital-platform,50,3,original,3,ok,1,148563.83,3,16258,16258
l4-038-au-online-sales,50,3,original,3,ok,1,140318.584,1,8705,8705
l4-039-au-fintech,50,3,original,3,ok,1,123870.706,3,,
l4-040-au-manufacturer,50,3,original,3,ok,1,144402.507,4,6383,6383
l4-044-sg-fintech,50,3,original,3,ok,1,141839.088,3,,
l4-045-sg-manufacturer,50,3,original,3,ok,1,130326.953,3,2864,2864
l4-051-th-digital-platform,50,3,original,3,ok,1,161255.237,1,11182,11182
l4-054-th-fintech,50,3,original,3,ok,1,151130.307,3,3926,3926
l4-055-th-manufacturer,50,3,original,3,ok,1,98650.535,4,,
l4-058-id-online-sales,50,3,original,3,ok,1,130441.909,4,8239,8239
l4-059-id-fintech,50,3,original,3,ok,1,154806.855,4,17311,17311
l4-063-my-online-sales,50,3,original,3,ok,1,99400.014,3,,
l4-065-my-manufacturer,50,3,original,3,ok,1,118585.432,2,4845,4845
l4-067-ph-automated-hiring,50,3,original,3,ok,1,146969.853,3,5510,5510
l4-069-ph-fintech,50,3,original,3,ok,1,129007.729,4,8266,8266
l4-070-ph-manufacturer,50,3,original,3,ok,1,143953.684,9,7530,7530
l4-071-in-digital-platform,50,3,original,3,ok,1,145998.986,2,22506,22506
l4-072-in-automated-hiring,50,3,original,3,ok,1,136315.355,6,,
l4-075-in-manufacturer,50,3,original,3,ok,1,111357.42,2,,
l4-080-br-manufacturer,50,3,original,3,ok,1,245341.571,0,6510,6510
l4-081-es-digital-platform,50,3,original,3,ok,1,135265.537,2,12843,12843
l4-082-es-automated-hiring,50,3,original,3,ok,1,157765.397,1,16107,16107
l4-083-es-online-sales,50,3,original,3,ok,1,143738.045,3,19111,19111
l4-088-it-online-sales,50,3,original,3,ok,1,10355.221,0,,
l4-089-it-fintech,50,3,original,3,ok,1,2264.389,0,,
l4-090-it-manufacturer,50,3,original,3,ok,1,3281.042,0,,
l4-092-nl-automated-hiring,50,3,original,3,ok,1,8437.83,0,,
l4-093-nl-online-sales,50,3,original,3,ok,1,18478.58,0,,
l4-094-nl-fintech,50,3,original,3,ok,1,6057.785,0,,
l4-095-nl-manufacturer,50,3,original,3,ok,1,8436.78,0,,
l4-096-nz-digital-platform,50,3,original,3,ok,1,117928.202,3,5786,5786
l4-097-nz-automated-hiring,50,3,original,3,ok,1,136256.406,4,,
l4-099-nz-fintech,50,3,original,3,ok,1,97778.21,2,,
l4-100-nz-manufacturer,50,3,original,3,ok,1,162763.983,3,12098,12098
l1-001-jp,50,3,reduce,1,ok,1,107693.379,5,7288,4216
l1-002-jp,50,3,reduce,1,ok,1,142128.841,2,10180,5217
l1-003-jp,50,3,reduce,1,ok,1,77493.562,1,9238,6242
l1-005-jp,50,3,reduce,1,ok,1,150163.865,4,2426,1546
l1-010-us,50,3,reduce,1,ok,1,57240.519,2,14100,2578
l1-012-cn,50,3,reduce,1,ok,1,108475.543,2,6783,4146
l1-013-cn,50,3,reduce,1,ok,1,175969.785,1,6991,4371
l1-018-de,50,3,reduce,1,ok,1,111698.075,4,9933,4929
l1-019-de,50,3,reduce,1,ok,1,135813.037,3,23400,3735
l1-023-fr,50,3,reduce,1,ok,1,140720.489,0,26211,10039
l1-024-fr,50,3,reduce,1,ok,1,208635.762,2,17877,6432
l1-025-fr,50,3,reduce,1,ok,1,117495.492,2,13199,4235
l1-027-uk,50,3,reduce,1,ok,1,129783.507,2,6148,3677
l1-031-ca,50,3,reduce,1,ok,1,86923.485,4,9753,5724
l1-032-ca,50,3,reduce,1,ok,1,124177.082,1,2328,1327
l1-033-ca,50,3,reduce,1,ok,1,146165.144,3,7197,2079
l1-035-ca,50,3,reduce,1,ok,1,137089.13,1,9148,4466
l1-036-au,50,3,reduce,1,ok,1,115475.202,5,23747,3574
l1-037-au,50,3,reduce,1,ok,1,108052.234,2,6135,2823
l1-038-au,50,3,reduce,1,ok,1,178762.512,5,27052,5793
l1-039-au,50,3,reduce,1,ok,1,86117.798,1,10110,4894
l1-040-au,50,3,reduce,1,ok,1,210224.816,3,24374,4680
l1-041-sg,50,3,reduce,1,ok,1,109629.543,1,22558,8527
l1-042-sg,50,3,reduce,1,ok,1,184051.279,3,18165,6691
l1-044-sg,50,3,reduce,1,ok,1,148650.214,3,10069,3178
l1-046-vn,50,3,reduce,1,ok,1,139803.728,1,789,525
l1-049-vn,50,3,reduce,1,ok,1,158815.175,2,19841,7354
l1-050-vn,50,3,reduce,1,ok,1,140808.22,4,11069,5666
l1-051-th,50,3,reduce,1,ok,1,152410.937,1,7247,4600
l1-052-th,50,3,reduce,1,ok,1,101765.53,1,9447,5478
l1-053-th,50,3,reduce,1,ok,1,155535.017,1,12821,8136
l1-054-th,50,3,reduce,1,ok,1,167508.421,2,11230,6871
l1-055-th,50,3,reduce,1,ok,1,117102.42,2,8940,3102
l1-059-id,50,3,reduce,1,ok,1,122123.245,0,11312,6690
l1-060-id,50,3,reduce,1,ok,1,88841.926,3,4549,3081
l1-062-my,50,3,reduce,1,ok,1,164753.377,1,12785,8316
l1-065-my,50,3,reduce,1,ok,1,134248.321,3,8238,3940
l1-068-ph,50,3,reduce,1,ok,1,118763.008,1,17211,9658
l1-070-ph,50,3,reduce,1,ok,1,129925.484,3,21636,6843
l1-075-in,50,3,reduce,1,ok,1,120117.911,1,14522,11454
l1-078-br,50,3,reduce,1,ok,1,91513.147,1,3690,1546
l1-081-es,50,3,reduce,1,ok,1,122006.609,0,19919,10157
l1-082-es,50,3,reduce,1,ok,1,110906.235,5,12552,5945
l1-085-es,50,3,reduce,1,ok,1,123347.559,1,6458,2901
l1-091-nl,50,3,reduce,1,ok,1,49100.381,0,,
l1-092-nl,50,3,reduce,1,ok,1,57953.97,0,,
l1-094-nl,50,3,reduce,1,ok,1,115439.723,0,,
l1-095-nl,50,3,reduce,1,ok,1,14365.544,0,,
l1-097-nz,50,3,reduce,1,ok,1,166241.454,2,11822,4512
l1-098-nz,50,3,reduce,1,ok,1,149665.19,0,,
l2-001-jp-data-rights,50,3,reduce,1,ok,1,84839.952,1,6919,4331
l2-002-jp-breach,50,3,reduce,1,ok,1,126266.166,3,3108,2112
l2-003-jp-transfer,50,3,reduce,1,ok,1,96964.774,2,13808,5496
l2-010-us-worker,50,3,reduce,1,ok,1,47234.212,2,15612,5228
l2-013-cn-transfer,50,3,reduce,1,ok,1,43358.013,1,12490,6712
l2-017-de-breach,50,3,reduce,1,ok,1,108274.352,2,10431,5163
l2-022-fr-breach,50,3,reduce,1,ok,1,49365.487,3,14059,5192
l2-024-fr-consumer,50,3,reduce,1,ok,1,94702.715,2,18610,6010
l2-026-uk-data-rights,50,3,reduce,1,ok,1,87182.755,3,3669,2426
l2-029-uk-consumer,50,3,reduce,1,ok,1,95448.941,2,18523,8843
l2-034-ca-consumer,50,3,reduce,1,ok,1,70640.347,1,4183,2205
l2-035-ca-worker,50,3,reduce,1,ok,1,110328.536,2,12496,4322
l2-036-au-data-rights,50,3,reduce,1,ok,1,91473.465,2,12681,4100
l2-038-au-transfer,50,3,reduce,1,ok,1,100143.563,2,19625,5758
l2-039-au-consumer,50,3,reduce,1,ok,1,114869.565,3,9500,4326
l2-040-au-worker,50,3,reduce,1,ok,1,64207.866,2,4057,2770
l2-045-sg-worker,50,3,reduce,1,ok,1,117699.498,1,11064,4423
l2-046-vn-data-rights,50,3,reduce,1,ok,1,121252.892,2,11418,5942
l2-047-vn-breach,50,3,reduce,1,ok,1,105811.87,4,10566,4230
l2-051-th-data-rights,50,3,reduce,1,ok,1,113754.275,1,9181,6443
l2-052-th-breach,50,3,reduce,1,ok,1,58802.342,2,7597,4614
l2-053-th-transfer,50,3,reduce,1,ok,1,60400.859,1,10563,7155
l2-054-th-consumer,50,3,reduce,1,ok,1,93224.644,2,5633,2751
l2-055-th-worker,50,3,reduce,1,ok,1,99514.894,2,9356,3416
l2-056-id-data-rights,50,3,reduce,1,ok,1,102360.239,1,7438,4222
l2-057-id-breach,50,3,reduce,1,ok,1,52433.324,2,6847,2599
l2-060-id-worker,50,3,reduce,1,ok,1,158073.375,1,11993,6920
l2-061-my-data-rights,50,3,reduce,1,ok,1,123083.749,1,12630,5604
l2-064-my-consumer,50,3,reduce,1,ok,1,99298.223,4,5533,2939
l2-066-ph-data-rights,50,3,reduce,1,ok,1,103283.816,1,8395,5135
l2-067-ph-breach,50,3,reduce,1,ok,1,112144.959,2,22469,8201
l2-068-ph-transfer,50,3,reduce,1,ok,1,104348.466,1,17208,7814
l2-070-ph-worker,50,3,reduce,1,ok,1,146631.327,1,15929,7460
l2-071-in-data-rights,50,3,reduce,1,ok,1,92664.393,1,18470,5881
l2-072-in-breach,50,3,reduce,1,ok,1,55353.645,3,14524,4193
l2-073-in-transfer,50,3,reduce,1,ok,1,119965.309,2,13023,4151
l2-081-es-data-rights,50,3,reduce,1,ok,1,94330.822,2,12890,7471
l2-082-es-breach,50,3,reduce,1,ok,1,46285.917,3,13297,2708
l2-083-es-transfer,50,3,reduce,1,ok,1,107990.266,2,23525,9554
l2-084-es-consumer,50,3,reduce,1,ok,1,97560.929,4,19285,7712
l2-085-es-worker,50,3,reduce,1,ok,1,57060.127,2,15956,7871
l2-086-it-data-rights,50,3,reduce,1,ok,1,3219.797,0,,
l2-087-it-breach,50,3,reduce,1,ok,1,4250.933,0,,
l2-088-it-transfer,50,3,reduce,1,ok,1,8921.74,0,,
l2-089-it-consumer,50,3,reduce,1,ok,1,41453.309,0,,
l2-090-it-worker,50,3,reduce,1,ok,1,40142.1,0,,
l2-091-nl-data-rights,50,3,reduce,1,ok,1,11943.645,0,,
l2-092-nl-breach,50,3,reduce,1,ok,1,4799.599,0,,
l2-096-nz-data-rights,50,3,reduce,1,ok,1,83875.112,2,10443,3245
l2-100-nz-worker,50,3,reduce,1,ok,1,40865.334,3,7221,4778
l3-001-jp-transfer,50,3,reduce,1,ok,1,244742.131,2,8091,3479
l3-002-jp-breach,50,3,reduce,1,ok,1,140848.922,3,12720,6670
l3-005-jp-worker-ai,50,3,reduce,1,ok,1,106975.479,2,4400,2110
l3-007-us-breach,50,3,reduce,1,ok,1,89728.418,4,10073,4196
l3-008-us-consumer,50,3,reduce,1,ok,1,97935.161,4,9845,4022
l3-010-us-worker-ai,50,3,reduce,1,ok,1,82402.481,2,27014,5954
l3-011-cn-transfer,50,3,reduce,1,ok,1,153355.615,3,12757,5244
l3-013-cn-consumer,50,3,reduce,1,ok,1,118904.996,2,3970,2777
l3-014-cn-platform,50,3,reduce,1,ok,1,144672.567,3,1482,703
l3-015-cn-worker-ai,50,3,reduce,1,ok,1,100901.365,2,6476,4435
l3-016-de-transfer,50,3,reduce,1,ok,1,109523.413,2,12757,5244
l3-018-de-consumer,50,3,reduce,1,ok,1,104362.853,3,10007,4403
l3-019-de-platform,50,3,reduce,1,ok,1,97229.399,5,12938,5495
l3-020-de-worker-ai,50,3,reduce,1,ok,1,94476.69,2,8364,3044
l3-023-fr-consumer,50,3,reduce,1,ok,1,136620.871,3,6451,2670
l3-025-fr-worker-ai,50,3,reduce,1,ok,1,143813.94,3,22367,11530
l3-026-uk-transfer,50,3,reduce,1,ok,1,119070.23,3,13407,2976
l3-028-uk-consumer,50,3,reduce,1,ok,1,123007.38,3,7451,4280
l3-030-uk-worker-ai,50,3,reduce,1,ok,1,116892.837,3,4292,2138
l3-032-ca-breach,50,3,reduce,1,ok,1,136571.607,6,13164,5990
l3-033-ca-consumer,50,3,reduce,1,ok,1,98591.176,2,3365,1653
l3-037-au-breach,50,3,reduce,1,ok,1,124333.799,2,4758,2226
l3-039-au-platform,50,3,reduce,1,ok,1,145609.068,2,14860,4755
l3-041-sg-transfer,50,3,reduce,1,ok,1,122796.428,4,27089,7735
l3-043-sg-consumer,50,3,reduce,1,ok,1,106143.568,3,4226,2147
l3-045-sg-worker-ai,50,3,reduce,1,ok,1,45183.841,0,,
l3-046-vn-transfer,50,3,reduce,1,ok,1,150615.987,3,10573,7155
l3-047-vn-breach,50,3,reduce,1,ok,1,121794.682,4,11753,6663
l3-053-th-consumer,50,3,reduce,1,ok,1,100210.242,2,11856,4671
l3-054-th-platform,50,3,reduce,1,ok,1,20129.671,0,,
l3-056-id-transfer,50,3,reduce,1,ok,1,120613.419,2,12638,5802
l3-057-id-breach,50,3,reduce,1,ok,1,98137.437,3,18911,7827
l3-058-id-consumer,50,3,reduce,1,ok,1,87464.064,2,19316,6975
l3-059-id-platform,50,3,reduce,1,ok,1,5232.69,0,,
l3-062-my-breach,50,3,reduce,1,ok,1,174657.791,1,11753,6663
l3-063-my-consumer,50,3,reduce,1,ok,1,6168.852,0,,
l3-065-my-worker-ai,50,3,reduce,1,ok,1,106272.478,2,13820,5314
l3-066-ph-transfer,50,3,reduce,1,ok,1,171959.406,2,11631,3197
l3-067-ph-breach,50,3,reduce,1,ok,1,123189.1,2,13046,5349
l3-072-in-breach,50,3,reduce,1,ok,1,10559.987,0,,
l3-073-in-consumer,50,3,reduce,1,ok,1,49238.838,3,7923,2982
l3-075-in-worker-ai,50,3,reduce,1,ok,1,68848.65,2,8364,3044
l3-078-br-consumer,50,3,reduce,1,ok,1,113226.5,2,6798,3460
l3-079-br-platform,50,3,reduce,1,ok,1,126333.692,1,18698,6718
l3-081-es-transfer,50,3,reduce,1,ok,1,15723.8,0,,
l3-082-es-breach,50,3,reduce,1,ok,1,178005.175,2,23909,10371
l3-088-it-consumer,50,3,reduce,1,ok,1,1813.807,0,,
l3-092-nl-breach,50,3,reduce,1,ok,1,5849.879,0,,
l3-098-nz-consumer,50,3,reduce,1,ok,1,134972.286,3,7923,2982
l3-100-nz-worker-ai,50,3,reduce,1,ok,1,149604.18,4,18432,9322
l4-001-jp-digital-platform,50,3,reduce,1,ok,1,141039.518,3,16492,8532
l4-004-jp-fintech,50,3,reduce,1,ok,1,81806.69,4,4873,3085
l4-008-us-online-sales,50,3,reduce,1,ok,1,140405.098,4,6816,4576
l4-009-us-fintech,50,3,reduce,1,ok,1,122606.837,6,12266,4474
l4-012-cn-automated-hiring,50,3,reduce,1,ok,1,113949.873,5,7435,4966
l4-015-cn-manufacturer,50,3,reduce,1,ok,1,121273.877,6,4731,3238
l4-016-de-digital-platform,50,3,reduce,1,ok,1,120954.836,3,17611,3249
l4-020-de-manufacturer,50,3,reduce,1,ok,1,74987.597,5,9280,3598
l4-021-fr-digital-platform,50,3,reduce,1,ok,1,119579.138,2,21551,8921
l4-022-fr-automated-hiring,50,3,reduce,1,ok,1,97675.817,3,22817,6973
l4-023-fr-online-sales,50,3,reduce,1,ok,1,98169.463,5,19363,8204
l4-024-fr-fintech,50,3,reduce,1,ok,1,121696.238,1,24408,8153
l4-027-uk-automated-hiring,50,3,reduce,1,ok,1,109798.857,2,7727,4346
l4-029-uk-fintech,50,3,reduce,1,ok,1,94903.78,3,6141,2202
l4-032-ca-automated-hiring,50,3,reduce,1,ok,1,142905.973,5,15592,6459
l4-034-ca-fintech,50,3,reduce,1,ok,1,93186.491,2,4179,1468
l4-036-au-digital-platform,50,3,reduce,1,ok,1,116852.902,3,16254,4874
l4-038-au-online-sales,50,3,reduce,1,ok,1,111369.49,1,9684,4649
l4-039-au-fintech,50,3,reduce,1,ok,1,91243.59,3,15470,4977
l4-040-au-manufacturer,50,3,reduce,1,ok,1,139260.516,4,8199,4113
l4-044-sg-fintech,50,3,reduce,1,ok,1,101782.04,4,24356,9085
l4-045-sg-manufacturer,50,3,reduce,1,ok,1,91563.446,3,2864,1827
l4-051-th-digital-platform,50,3,reduce,1,ok,1,122224.419,1,11933,7804
l4-054-th-fintech,50,3,reduce,1,ok,1,125927.219,3,3922,2666
l4-055-th-manufacturer,50,3,reduce,1,ok,1,71263.1,6,6617,3784
l4-058-id-online-sales,50,3,reduce,1,ok,1,131255.979,3,7753,4418
l4-059-id-fintech,50,3,reduce,1,ok,1,121283.462,4,18231,7305
l4-063-my-online-sales,50,3,reduce,1,ok,1,89194.933,3,5223,3468
l4-065-my-manufacturer,50,3,reduce,1,ok,1,139811.025,2,4845,3022
l4-067-ph-automated-hiring,50,3,reduce,1,ok,1,135457.113,3,5942,3560
l4-069-ph-fintech,50,3,reduce,1,ok,1,134115.29,3,8264,4289
l4-070-ph-manufacturer,50,3,reduce,1,ok,1,118817.305,8,8293,5373
l4-071-in-digital-platform,50,3,reduce,1,ok,1,148291.631,2,21014,9442
l4-072-in-automated-hiring,50,3,reduce,1,ok,1,122871.341,5,10554,3888
l4-075-in-manufacturer,50,3,reduce,1,ok,1,65102.235,2,4670,2731
l4-080-br-manufacturer,50,3,reduce,1,ok,1,110757.365,4,6427,4302
l4-081-es-digital-platform,50,3,reduce,1,ok,1,145903.85,2,12843,6199
l4-082-es-automated-hiring,50,3,reduce,1,ok,1,129166.526,1,13265,6347
l4-083-es-online-sales,50,3,reduce,1,ok,1,119496.407,3,16710,8734
l4-088-it-online-sales,50,3,reduce,1,ok,1,1978.65,0,,
l4-089-it-fintech,50,3,reduce,1,ok,1,5863.309,0,,
l4-090-it-manufacturer,50,3,reduce,1,ok,1,2048.627,0,,
l4-092-nl-automated-hiring,50,3,reduce,1,ok,1,2154.501,0,,
l4-093-nl-online-sales,50,3,reduce,1,ok,1,18568.175,0,,
l4-094-nl-fintech,50,3,reduce,1,ok,1,4210.649,0,,
l4-095-nl-manufacturer,50,3,reduce,1,ok,1,11683.407,0,,
l4-096-nz-digital-platform,50,3,reduce,1,ok,1,133710.048,3,5784,3435
l4-097-nz-automated-hiring,50,3,reduce,1,ok,1,99117.743,4,7034,3836
l4-099-nz-fintech,50,3,reduce,1,ok,1,83279.841,2,18660,3462
l4-100-nz-manufacturer,50,3,reduce,1,ok,1,108300.569,3,10026,6893
l1-001-jp,50,4,combined,1,ok,1,127158.531,5,7288,4216
l1-002-jp,50,4,combined,1,ok,1,105467.809,2,10180,5217
l1-003-jp,50,4,combined,1,ok,1,90201.176,1,9238,6242
l1-005-jp,50,4,combined,1,ok,1,150521.801,4,2426,1546
l1-010-us,50,4,combined,1,ok,1,94717.382,2,14100,2578
l1-012-cn,50,4,combined,1,ok,1,119798.923,2,6783,4146
l1-013-cn,50,4,combined,1,ok,1,159759.21,1,6991,4371
l1-018-de,50,4,combined,1,ok,1,147855.95,4,9933,4929
l1-019-de,50,4,combined,1,ok,1,103008.739,3,23400,3735
l1-023-fr,50,4,combined,1,ok,1,146292.895,1,26211,10039
l1-024-fr,50,4,combined,1,ok,1,166062.071,2,17877,6432
l1-025-fr,50,4,combined,1,ok,1,123186.907,2,13199,4235
l1-027-uk,50,4,combined,1,ok,1,149066.147,2,6148,3677
l1-031-ca,50,4,combined,1,ok,1,109696.729,4,9753,5724
l1-032-ca,50,4,combined,1,ok,1,146422.766,1,2328,1327
l1-033-ca,50,4,combined,1,ok,1,140214.316,3,7197,2079
l1-035-ca,50,4,combined,1,ok,1,140337.062,1,9148,4466
l1-036-au,50,4,combined,1,ok,1,104625.444,5,23747,3574
l1-037-au,50,4,combined,1,ok,1,130444.087,2,6135,2823
l1-038-au,50,4,combined,1,ok,1,147589.709,6,7030,4009
l1-039-au,50,4,combined,1,ok,1,89160.766,1,10110,4894
l1-040-au,50,4,combined,1,ok,1,144186.919,3,24374,4680
l1-041-sg,50,4,combined,1,ok,1,143441.924,1,22558,8527
l1-042-sg,50,4,combined,1,ok,1,173655.238,3,18165,6691
l1-044-sg,50,4,combined,1,ok,1,143050.55,3,10069,3178
l1-046-vn,50,4,combined,1,ok,1,97696.069,1,789,525
l1-049-vn,50,4,combined,1,ok,1,119103.943,2,19841,7354
l1-050-vn,50,4,combined,1,ok,1,131125.196,4,11069,5666
l1-051-th,50,4,combined,1,ok,1,173384.822,1,7247,4600
l1-052-th,50,4,combined,1,ok,1,115356.507,1,9447,5478
l1-053-th,50,4,combined,1,ok,1,141230.148,1,12821,8136
l1-054-th,50,4,combined,1,ok,1,141104.392,2,11230,6871
l1-055-th,50,4,combined,1,ok,1,100596.909,2,8940,3102
l1-059-id,50,4,combined,1,ok,1,121808.789,1,11312,6690
l1-060-id,50,4,combined,1,ok,1,121559.222,3,4549,3081
l1-062-my,50,4,combined,1,ok,1,129666.417,1,12785,8316
l1-065-my,50,4,combined,1,ok,1,153705.367,3,8238,3940
l1-068-ph,50,4,combined,1,ok,1,121470.134,1,17211,9658
l1-070-ph,50,4,combined,1,ok,1,88569.176,3,21636,6843
l1-075-in,50,4,combined,1,ok,1,106406.987,1,14522,11454
l1-078-br,50,4,combined,1,ok,1,126171.876,1,3688,1546
l1-081-es,50,4,combined,1,ok,1,109628.344,3,19919,10157
l1-082-es,50,4,combined,1,ok,1,124297.356,5,12552,5945
l1-085-es,50,4,combined,1,ok,1,146681.352,1,6458,2901
l1-091-nl,50,4,combined,1,ok,1,86231.817,0,,
l1-092-nl,50,4,combined,1,ok,1,53584.385,0,,
l1-094-nl,50,4,combined,1,ok,1,125036.691,0,,
l1-095-nl,50,4,combined,1,ok,1,51503.439,0,,
l1-097-nz,50,4,combined,1,ok,1,174218.019,2,11822,4512
l1-098-nz,50,4,combined,1,ok,1,143195.249,1,9519,2127
l2-001-jp-data-rights,50,4,combined,1,ok,1,54502.047,1,6913,4331
l2-002-jp-breach,50,4,combined,1,ok,1,83781.845,3,3106,2112
l2-003-jp-transfer,50,4,combined,1,ok,1,57304.545,2,13808,5496
l2-010-us-worker,50,4,combined,1,ok,1,59152.887,2,15612,5228
l2-013-cn-transfer,50,4,combined,1,ok,1,65968.18,1,12490,6712
l2-017-de-breach,50,4,combined,1,ok,1,82853.97,2,10435,5163
l2-022-fr-breach,50,4,combined,1,ok,1,59206.126,3,14077,5192
l2-024-fr-consumer,50,4,combined,1,ok,1,65384.779,2,18610,6010
l2-026-uk-data-rights,50,4,combined,1,ok,1,104946.591,3,3671,2426
l2-029-uk-consumer,50,4,combined,1,ok,1,111905.081,2,18523,8843
l2-034-ca-consumer,50,4,combined,1,ok,1,74598.031,1,4183,2205
l2-035-ca-worker,50,4,combined,1,ok,1,121853.714,2,12496,4322
l2-036-au-data-rights,50,4,combined,1,ok,1,98752.415,3,13397,4573
l2-038-au-transfer,50,4,combined,1,ok,1,68807.425,2,19625,5758
l2-039-au-consumer,50,4,combined,1,ok,1,109068.635,3,9500,4326
l2-040-au-worker,50,4,combined,1,ok,1,50681.314,2,4057,2770
l2-045-sg-worker,50,4,combined,1,ok,1,106339.88,1,11064,4423
l2-046-vn-data-rights,50,4,combined,1,ok,1,128124.155,5,10286,4789
l2-047-vn-breach,50,4,combined,1,ok,1,123402.591,4,10564,4230
l2-051-th-data-rights,50,4,combined,1,ok,1,123467.294,1,8705,6118
l2-052-th-breach,50,4,combined,1,ok,1,71733.097,2,7599,4614
l2-053-th-transfer,50,4,combined,1,ok,1,67449.749,1,10563,7155
l2-054-th-consumer,50,4,combined,1,ok,1,103104.91,2,5633,2751
l2-055-th-worker,50,4,combined,1,ok,1,111991.638,2,9356,3416
l2-056-id-data-rights,50,4,combined,1,ok,1,54238.235,1,7751,4420
l2-057-id-breach,50,4,combined,1,ok,1,39122.072,2,6847,2599
l2-060-id-worker,50,4,combined,1,ok,1,136830.477,1,11993,6920
l2-061-my-data-rights,50,4,combined,1,ok,1,173002.511,1,14018,8740
l2-064-my-consumer,50,4,combined,1,ok,1,117276.803,4,5533,2939
l2-066-ph-data-rights,50,4,combined,1,ok,1,85899.015,1,8389,5135
l2-067-ph-breach,50,4,combined,1,ok,1,168772.796,2,22467,8201
l2-068-ph-transfer,50,4,combined,1,ok,1,125764.463,1,17208,7814
l2-070-ph-worker,50,4,combined,1,ok,1,106094.261,1,15929,7460
l2-071-in-data-rights,50,4,combined,1,ok,1,85138.059,1,18462,5881
l2-072-in-breach,50,4,combined,1,ok,1,40004.979,3,15304,4648
l2-073-in-transfer,50,4,combined,1,ok,1,65255.544,2,13023,4151
l2-081-es-data-rights,50,4,combined,1,ok,1,64600.723,2,12884,7471
l2-082-es-breach,50,4,combined,1,ok,1,35943.814,3,13297,2708
l2-083-es-transfer,50,4,combined,1,ok,1,96896.974,2,23525,9554
l2-084-es-consumer,50,4,combined,1,ok,1,103547.957,4,19285,7712
l2-085-es-worker,50,4,combined,1,ok,1,42937.07,2,15956,7871
l2-086-it-data-rights,50,4,combined,1,ok,1,4891.447,0,,
l2-087-it-breach,50,4,combined,1,ok,1,3897.933,0,,
l2-088-it-transfer,50,4,combined,1,ok,1,12082.528,0,,
l2-089-it-consumer,50,4,combined,1,ok,1,3520.622,0,,
l2-090-it-worker,50,4,combined,1,ok,1,5710.635,0,,
l2-091-nl-data-rights,50,4,combined,1,ok,1,27142.932,0,,
l2-092-nl-breach,50,4,combined,1,ok,1,4484.468,0,,
l2-096-nz-data-rights,50,4,combined,1,ok,1,90997.26,2,10443,3245
l2-100-nz-worker,50,4,combined,1,ok,1,43043.733,3,7221,4778
l3-001-jp-transfer,50,4,combined,1,ok,1,207646.408,2,8093,3479
l3-002-jp-breach,50,4,combined,1,ok,1,155812.181,3,7701,3372
l3-005-jp-worker-ai,50,4,combined,1,ok,1,112316.653,2,4408,2110
l3-007-us-breach,50,4,combined,1,ok,1,81655.161,2,16651,5387
l3-008-us-consumer,50,4,combined,1,ok,1,66045.114,4,9845,4022
l3-010-us-worker-ai,50,4,combined,1,ok,1,88170.45,2,7177,3546
l3-011-cn-transfer,50,4,combined,1,ok,1,149231.45,3,10020,6119
l3-013-cn-consumer,50,4,combined,1,ok,1,101585.413,2,3970,2777
l3-014-cn-platform,50,4,combined,1,ok,1,135884.58,3,12239,5376
l3-015-cn-worker-ai,50,4,combined,1,ok,1,58502.01,2,8468,2983
l3-016-de-transfer,50,4,combined,1,ok,1,78023.802,2,12757,5244
l3-018-de-consumer,50,4,combined,1,ok,1,116777.175,4,10007,4403
l3-019-de-platform,50,4,combined,1,ok,1,96324.409,5,17308,8842
l3-020-de-worker-ai,50,4,combined,1,ok,1,96597.404,2,8368,3044
l3-023-fr-consumer,50,4,combined,1,ok,1,88209.403,4,6451,2670
l3-025-fr-worker-ai,50,4,combined,1,ok,1,116691.056,3,14308,7805
l3-026-uk-transfer,50,4,combined,1,ok,1,70925.69,4,9652,2499
l3-028-uk-consumer,50,4,combined,1,ok,1,97895.272,3,10576,5094
l3-030-uk-worker-ai,50,4,combined,1,ok,1,83599.109,3,14921,4575
l3-032-ca-breach,50,4,combined,1,ok,1,104572.141,6,14841,6435
l3-033-ca-consumer,50,4,combined,1,ok,1,66384.843,2,3365,1653
l3-037-au-breach,50,4,combined,1,ok,1,146367.547,2,4758,2226
l3-039-au-platform,50,4,combined,1,ok,1,77969.633,2,14860,4755
l3-041-sg-transfer,50,4,combined,1,ok,1,127798.724,2,27087,7735
l3-043-sg-consumer,50,4,combined,1,ok,1,98979.523,2,4226,2147
l3-045-sg-worker-ai,50,4,combined,1,ok,1,7396.064,0,,
l3-046-vn-transfer,50,4,combined,1,ok,1,87230.006,3,9592,6465
l3-047-vn-breach,50,4,combined,1,ok,1,85723.187,4,13195,7108
l3-053-th-consumer,50,4,combined,1,ok,1,106657.618,2,11856,4671
l3-054-th-platform,50,4,combined,1,ok,1,31088.338,0,,
l3-056-id-transfer,50,4,combined,1,ok,1,129296.675,4,8617,4116
l3-057-id-breach,50,4,combined,1,ok,1,64666.432,3,19468,8237
l3-058-id-consumer,50,4,combined,1,ok,1,79269.592,2,19316,6975
l3-059-id-platform,50,4,combined,1,ok,1,4782.95,0,,
l3-062-my-breach,50,4,combined,1,ok,1,97355.837,1,11753,6663
l3-063-my-consumer,50,4,combined,1,ok,1,8692.224,0,,
l3-065-my-worker-ai,50,4,combined,1,ok,1,126302.461,2,20735,5521
l3-066-ph-transfer,50,4,combined,1,ok,1,168000.238,2,11225,2936
l3-067-ph-breach,50,4,combined,1,ok,1,93364.97,2,13048,5349
l3-072-in-breach,50,4,combined,1,ok,1,16098.325,0,,
l3-073-in-consumer,50,4,combined,1,ok,1,90231.385,3,6796,3025
l3-075-in-worker-ai,50,4,combined,1,ok,1,63542.896,2,8368,3044
l3-078-br-consumer,50,4,combined,1,ok,1,71692.948,2,6798,3460
l3-079-br-platform,50,4,combined,1,ok,1,88235.796,2,1482,703
l3-081-es-transfer,50,4,combined,1,ok,1,21986.002,0,,
l3-082-es-breach,50,4,combined,1,ok,1,135557.815,2,25090,10350
l3-088-it-consumer,50,4,combined,1,ok,1,4001.097,0,,
l3-092-nl-breach,50,4,combined,1,ok,1,6162.613,0,,
l3-098-nz-consumer,50,4,combined,1,ok,1,128004.071,3,7923,2982
l3-100-nz-worker-ai,50,4,combined,1,ok,1,153643.831,3,18428,9322
l4-001-jp-digital-platform,50,4,combined,1,ok,1,118246.892,3,14119,7100
l4-004-jp-fintech,50,4,combined,1,ok,1,94661.504,5,5369,3439
l4-008-us-online-sales,50,4,combined,1,ok,1,156449.153,3,9843,4759
l4-009-us-fintech,50,4,combined,1,ok,1,140821.601,6,12266,4474
l4-012-cn-automated-hiring,50,4,combined,1,ok,1,125971.575,5,7839,5213
l4-015-cn-manufacturer,50,4,combined,1,ok,1,139432.693,6,4731,3238
l4-016-de-digital-platform,50,4,combined,1,ok,1,68453.141,3,17609,3249
l4-020-de-manufacturer,50,4,combined,1,ok,1,83689.293,5,5343,2579
l4-021-fr-digital-platform,50,4,combined,1,ok,1,68599.757,2,21547,8921
l4-022-fr-automated-hiring,50,4,combined,1,ok,1,107204.659,3,22819,6973
l4-023-fr-online-sales,50,4,combined,1,ok,1,115582.721,5,19367,8204
l4-024-fr-fintech,50,4,combined,1,ok,1,66901.329,1,20890,7223
l4-027-uk-automated-hiring,50,4,combined,1,ok,1,121706.896,2,7727,4346
l4-029-uk-fintech,50,4,combined,1,ok,1,104166.958,3,6141,2202
l4-032-ca-automated-hiring,50,4,combined,1,ok,1,123186.89,5,15596,6459
l4-034-ca-fintech,50,4,combined,1,ok,1,64604.399,2,4179,1468
l4-036-au-digital-platform,50,4,combined,1,ok,1,119948.581,3,16796,5267
l4-038-au-online-sales,50,4,combined,1,ok,1,80111.589,1,9684,4649
l4-039-au-fintech,50,4,combined,1,ok,1,102991.876,3,15470,4977
l4-040-au-manufacturer,50,4,combined,1,ok,1,97160.777,4,8199,4113
l4-044-sg-fintech,50,4,combined,1,ok,1,108782.908,4,24362,9085
l4-045-sg-manufacturer,50,4,combined,1,ok,1,75796.653,3,2864,1827
l4-051-th-digital-platform,50,4,combined,1,ok,1,124257.182,1,11176,7301
l4-054-th-fintech,50,4,combined,1,ok,1,115354.322,3,3924,2666
l4-055-th-manufacturer,50,4,combined,1,ok,1,79081.532,3,2907,1436
l4-058-id-online-sales,50,4,combined,1,ok,1,76804.434,3,8321,4835
l4-059-id-fintech,50,4,combined,1,ok,1,78255.495,4,18233,7305
l4-063-my-online-sales,50,4,combined,1,ok,1,98869.262,3,5223,3468
l4-065-my-manufacturer,50,4,combined,1,ok,1,111811.231,2,4845,3022
l4-067-ph-automated-hiring,50,4,combined,1,ok,1,249707.896,0,5508,3273
l4-069-ph-fintech,50,4,combined,1,ok,1,90682.927,3,8262,4289
l4-070-ph-manufacturer,50,4,combined,1,ok,1,76178.317,8,8293,5373
l4-071-in-digital-platform,50,4,combined,1,ok,1,111291.767,2,22516,10524
l4-072-in-automated-hiring,50,4,combined,1,ok,1,114699.556,5,10554,3888
l4-075-in-manufacturer,50,4,combined,1,ok,1,76145.512,2,4666,2731
l4-080-br-manufacturer,50,4,combined,1,ok,1,81499.684,4,6429,4302
l4-081-es-digital-platform,50,4,combined,1,ok,1,110319.964,2,12843,6199
l4-082-es-automated-hiring,50,4,combined,1,ok,1,139290.057,1,16103,8398
l4-083-es-online-sales,50,4,combined,1,ok,1,142517.511,3,25068,10342
l4-088-it-online-sales,50,4,combined,1,ok,1,6965.373,0,,
l4-089-it-fintech,50,4,combined,1,ok,1,13918.016,0,,
l4-090-it-manufacturer,50,4,combined,1,ok,1,10897.974,0,,
l4-092-nl-automated-hiring,50,4,combined,1,ok,1,4667.144,0,,
l4-093-nl-online-sales,50,4,combined,1,ok,1,24176.496,0,,
l4-094-nl-fintech,50,4,combined,1,ok,1,4779.513,0,,
l4-095-nl-manufacturer,50,4,combined,1,ok,1,28885.75,0,,
l4-096-nz-digital-platform,50,4,combined,1,ok,1,124279.601,3,5786,3435
l4-097-nz-automated-hiring,50,4,combined,1,ok,1,121619.646,4,7518,4178
l4-099-nz-fintech,50,4,combined,1,ok,1,87008.038,2,18660,3462
l4-100-nz-manufacturer,50,4,combined,1,ok,1,81938.865,3,11538,7956
l1-001-jp,50,4,direct,3,ok,1,129427.106,5,7288,7288
l1-002-jp,50,4,direct,3,ok,1,120093.306,2,10180,10180
l1-003-jp,50,4,direct,3,ok,1,111579.96,1,9238,9238
l1-005-jp,50,4,direct,3,ok,1,150910.34,4,2426,2426
l1-010-us,50,4,direct,3,ok,1,39226.464,2,14100,14100
l1-012-cn,50,4,direct,3,ok,1,159413.57,2,6783,6783
l1-013-cn,50,4,direct,3,ok,1,131370.065,1,6991,6991
l1-018-de,50,4,direct,3,ok,1,172711.42,2,9933,9933
l1-019-de,50,4,direct,3,ok,1,115009.107,1,23400,23400
l1-023-fr,50,4,direct,3,ok,1,154528.037,1,26211,26211
l1-024-fr,50,4,direct,3,ok,1,166449.976,3,17877,17877
l1-025-fr,50,4,direct,3,ok,1,157028.203,4,13199,13199
l1-027-uk,50,4,direct,3,ok,1,174195.7,2,6148,6148
l1-031-ca,50,4,direct,3,ok,1,92331.042,4,9753,9753
l1-032-ca,50,4,direct,3,ok,1,112778.023,1,2328,2328
l1-033-ca,50,4,direct,3,ok,1,154124.818,3,7197,7197
l1-035-ca,50,4,direct,3,ok,1,170277.956,1,9148,9148
l1-036-au,50,4,direct,3,ok,1,128132.313,0,23747,23747
l1-037-au,50,4,direct,3,ok,1,134053.0,2,6135,6135
l1-038-au,50,4,direct,3,ok,1,153230.643,6,7030,7030
l1-039-au,50,4,direct,3,ok,1,111194.336,1,10110,10110
l1-040-au,50,4,direct,3,ok,1,175372.171,3,24374,24374
l1-041-sg,50,4,direct,3,ok,1,108968.437,1,,
l1-042-sg,50,4,direct,3,ok,1,163265.489,2,18165,18165
l1-044-sg,50,4,direct,3,ok,1,173468.214,3,10069,10069
l1-046-vn,50,4,direct,3,ok,1,89774.152,1,789,789
l1-049-vn,50,4,direct,3,ok,1,171838.997,2,3499,3499
l1-050-vn,50,4,direct,3,ok,1,114710.467,4,11069,11069
l1-051-th,50,4,direct,3,ok,1,178628.036,1,7247,7247
l1-052-th,50,4,direct,3,ok,1,91218.621,1,9447,9447
l1-053-th,50,4,direct,3,ok,1,177068.017,1,12821,12821
l1-054-th,50,4,direct,3,ok,1,130523.115,2,11230,11230
l1-055-th,50,4,direct,3,ok,1,137672.913,0,8940,8940
l1-059-id,50,4,direct,3,ok,1,132822.346,0,11312,11312
l1-060-id,50,4,direct,3,ok,1,87227.642,3,4549,4549
l1-062-my,50,4,direct,3,ok,1,135398.729,1,12785,12785
l1-065-my,50,4,direct,3,ok,1,150886.709,3,8238,8238
l1-068-ph,50,4,direct,3,ok,1,186869.553,1,17211,17211
l1-070-ph,50,4,direct,3,ok,1,104476.528,3,21636,21636
l1-075-in,50,4,direct,3,ok,1,89926.772,1,14522,14522
l1-078-br,50,4,direct,3,ok,1,95015.91,1,3690,3690
l1-081-es,50,4,direct,3,ok,1,136511.705,0,19919,19919
l1-082-es,50,4,direct,3,ok,1,178587.562,5,12552,12552
l1-085-es,50,4,direct,3,ok,1,134823.091,1,6458,6458
l1-091-nl,50,4,direct,3,ok,1,88543.346,0,,
l1-092-nl,50,4,direct,3,ok,1,92130.802,0,,
l1-094-nl,50,4,direct,3,ok,1,117572.095,0,,
l1-095-nl,50,4,direct,3,ok,1,99061.75,0,,
l1-097-nz,50,4,direct,3,ok,1,144093.215,3,11822,11822
l1-098-nz,50,4,direct,3,ok,1,165182.056,1,9519,9519
l2-001-jp-data-rights,50,4,direct,3,ok,1,93126.184,1,6424,6424
l2-002-jp-breach,50,4,direct,3,ok,1,161696.089,2,3885,3885
l2-003-jp-transfer,50,4,direct,3,ok,1,92226.985,2,13808,13808
l2-010-us-worker,50,4,direct,3,ok,1,56010.132,4,15612,15612
l2-013-cn-transfer,50,4,direct,3,ok,1,42082.236,1,12490,12490
l2-017-de-breach,50,4,direct,3,ok,1,169001.95,2,8722,8722
l2-022-fr-breach,50,4,direct,3,ok,1,45620.488,2,13589,13589
l2-024-fr-consumer,50,4,direct,3,ok,1,135183.571,3,18608,18608
l2-026-uk-data-rights,50,4,direct,3,ok,1,143901.306,3,3669,3669
l2-029-uk-consumer,50,4,direct,3,ok,1,92850.993,2,18523,18523
l2-034-ca-consumer,50,4,direct,3,ok,1,99493.919,1,4183,4183
l2-035-ca-worker,50,4,direct,3,ok,1,116270.107,2,12496,12496
l2-036-au-data-rights,50,4,direct,3,ok,1,219638.817,2,12681,12681
l2-038-au-transfer,50,4,direct,3,ok,1,148987.671,2,19625,19625
l2-039-au-consumer,50,4,direct,3,ok,1,128284.342,3,9500,9500
l2-040-au-worker,50,4,direct,3,ok,1,57155.866,2,4057,4057
l2-045-sg-worker,50,4,direct,3,ok,1,118798.924,1,11064,11064
l2-046-vn-data-rights,50,4,direct,3,ok,1,130758.642,2,11420,11420
l2-047-vn-breach,50,4,direct,3,ok,1,110847.521,5,11519,11519
l2-051-th-data-rights,50,4,direct,3,ok,1,142198.788,1,8705,8705
l2-052-th-breach,50,4,direct,3,ok,1,49778.101,2,7595,7595
l2-053-th-transfer,50,4,direct,3,ok,1,57758.39,1,10563,10563
l2-054-th-consumer,50,4,direct,3,ok,1,120333.619,2,5633,5633
l2-055-th-worker,50,4,direct,3,ok,1,123762.301,4,9356,9356
l2-056-id-data-rights,50,4,direct,3,ok,1,119519.023,1,7751,7751
l2-057-id-breach,50,4,direct,3,ok,1,56381.824,2,6847,6847
l2-060-id-worker,50,4,direct,3,ok,1,106930.301,1,11993,11993
l2-061-my-data-rights,50,4,direct,3,ok,1,137981.057,1,12630,12630
l2-064-my-consumer,50,4,direct,3,ok,1,125126.997,4,5533,5533
l2-066-ph-data-rights,50,4,direct,3,ok,1,138888.527,1,8395,8395
l2-067-ph-breach,50,4,direct,3,ok,1,133769.25,2,22463,22463
l2-068-ph-transfer,50,4,direct,3,ok,1,99464.076,1,17208,17208
l2-070-ph-worker,50,4,direct,3,ok,1,96524.463,1,15122,15122
l2-071-in-data-rights,50,4,direct,3,ok,1,109138.678,1,18462,18462
l2-072-in-breach,50,4,direct,3,ok,1,80747.153,2,14522,14522
l2-073-in-transfer,50,4,direct,3,ok,1,82270.407,2,13023,13023
l2-081-es-data-rights,50,4,direct,3,ok,1,76913.795,2,12888,12888
l2-082-es-breach,50,4,direct,3,ok,1,106719.164,3,13299,13299
l2-083-es-transfer,50,4,direct,3,ok,1,172307.483,2,23525,23525
l2-084-es-consumer,50,4,direct,3,ok,1,113867.084,4,19285,19285
l2-085-es-worker,50,4,direct,3,ok,1,68234.831,2,15423,15423
l2-086-it-data-rights,50,4,direct,3,ok,1,4885.465,0,,
l2-087-it-breach,50,4,direct,3,ok,1,5091.273,0,,
l2-088-it-transfer,50,4,direct,3,ok,1,57128.001,0,,
l2-089-it-consumer,50,4,direct,3,ok,1,72757.01,0,,
l2-090-it-worker,50,4,direct,3,ok,1,79985.487,0,,
l2-091-nl-data-rights,50,4,direct,3,ok,1,10831.585,0,,
l2-092-nl-breach,50,4,direct,3,ok,1,5039.271,0,,
l2-096-nz-data-rights,50,4,direct,3,ok,1,62937.555,3,10443,10443
l2-100-nz-worker,50,4,direct,3,ok,1,45402.908,3,7221,7221
l3-001-jp-transfer,50,4,direct,3,ok,1,254487.148,2,19781,19781
l3-002-jp-breach,50,4,direct,3,ok,1,84313.696,3,12712,12712
l3-005-jp-worker-ai,50,4,direct,3,ok,1,143426.632,4,4392,4392
l3-007-us-breach,50,4,direct,3,ok,1,155046.1,2,11809,11809
l3-008-us-consumer,50,4,direct,3,ok,1,129813.145,1,9845,9845
l3-010-us-worker-ai,50,4,direct,3,ok,1,118736.165,2,27006,27006
l3-011-cn-transfer,50,4,direct,3,ok,1,205820.604,1,9980,9980
l3-013-cn-consumer,50,4,direct,3,ok,1,105752.35,2,3970,3970
l3-014-cn-platform,50,4,direct,3,ok,1,129981.662,2,1482,1482
l3-015-cn-worker-ai,50,4,direct,3,ok,1,131409.129,2,8476,8476
l3-016-de-transfer,50,4,direct,3,ok,1,124889.062,0,12755,12755
l3-018-de-consumer,50,4,direct,3,ok,1,140720.556,6,10007,10007
l3-019-de-platform,50,4,direct,3,ok,1,109661.241,8,15399,15399
l3-020-de-worker-ai,50,4,direct,3,ok,1,125394.327,2,8368,8368
l3-023-fr-consumer,50,4,direct,3,ok,1,132341.947,0,18723,18723
l3-025-fr-worker-ai,50,4,direct,3,ok,1,165266.824,3,22180,22180
l3-026-uk-transfer,50,4,direct,3,ok,1,138062.554,3,13405,13405
l3-028-uk-consumer,50,4,direct,3,ok,1,127455.27,0,10576,10576
l3-030-uk-worker-ai,50,4,direct,3,ok,1,179807.31,4,4292,4292
l3-032-ca-breach,50,4,direct,3,ok,1,175531.877,7,10719,10719
l3-033-ca-consumer,50,4,direct,3,ok,1,130480.747,1,3365,3365
l3-037-au-breach,50,4,direct,3,ok,1,142317.263,2,15003,15003
l3-039-au-platform,50,4,direct,3,ok,1,175116.54,1,14860,14860
l3-041-sg-transfer,50,4,direct,3,ok,1,151724.947,2,27085,27085
l3-043-sg-consumer,50,4,direct,3,ok,1,105185.561,2,14609,14609
l3-045-sg-worker-ai,50,4,direct,3,ok,1,82057.494,0,,
l3-046-vn-transfer,50,4,direct,3,ok,1,175261.616,2,9992,9992
l3-047-vn-breach,50,4,direct,3,ok,1,99287.502,2,10719,10719
l3-053-th-consumer,50,4,direct,3,ok,1,159462.825,2,11856,11856
l3-054-th-platform,50,4,direct,3,ok,1,16815.508,0,,
l3-056-id-transfer,50,4,direct,3,ok,1,132684.284,2,12628,12628
l3-057-id-breach,50,4,direct,3,ok,1,146130.077,3,19466,19466
l3-058-id-consumer,50,4,direct,3,ok,1,118208.868,2,19316,19316
l3-059-id-platform,50,4,direct,3,ok,1,5347.971,0,,
l3-062-my-breach,50,4,direct,3,ok,1,192660.324,1,10558,10558
l3-063-my-consumer,50,4,direct,3,ok,1,3428.675,0,,
l3-065-my-worker-ai,50,4,direct,3,ok,1,137474.746,2,27006,27006
l3-066-ph-transfer,50,4,direct,3,ok,1,200740.351,1,11223,11223
l3-067-ph-breach,50,4,direct,3,ok,1,134809.698,0,13046,13046
l3-072-in-breach,50,4,direct,3,ok,1,6443.228,0,,
l3-073-in-consumer,50,4,direct,3,ok,1,89828.988,3,4404,4404
l3-075-in-worker-ai,50,4,direct,3,ok,1,101469.86,3,8368,8368
l3-078-br-consumer,50,4,direct,3,ok,1,87560.789,1,6798,6798
l3-079-br-platform,50,4,direct,3,ok,1,130026.513,0,18698,18698
l3-081-es-transfer,50,4,direct,3,ok,1,31362.891,0,,
l3-082-es-breach,50,4,direct,3,ok,1,198083.319,1,25082,25082
l3-088-it-consumer,50,4,direct,3,ok,1,4382.509,0,,
l3-092-nl-breach,50,4,direct,3,ok,1,6007.945,0,,
l3-098-nz-consumer,50,4,direct,3,ok,1,112794.964,3,7923,7923
l3-100-nz-worker-ai,50,4,direct,3,ok,1,177350.391,5,18432,18432
l4-001-jp-digital-platform,50,4,direct,3,ok,1,196032.357,3,14117,14117
l4-004-jp-fintech,50,4,direct,3,ok,1,102226.993,5,5369,5369
l4-008-us-online-sales,50,4,direct,3,ok,1,139187.653,2,9845,9845
l4-009-us-fintech,50,4,direct,3,ok,1,137207.317,6,12266,12266
l4-012-cn-automated-hiring,50,4,direct,3,ok,1,133184.428,5,8376,8376
l4-015-cn-manufacturer,50,4,direct,3,ok,1,149727.247,6,4731,4731
l4-016-de-digital-platform,50,4,direct,3,ok,1,104374.89,3,17609,17609
l4-020-de-manufacturer,50,4,direct,3,ok,1,108464.205,5,5341,5341
l4-021-fr-digital-platform,50,4,direct,3,ok,1,79926.086,2,21543,21543
l4-022-fr-automated-hiring,50,4,direct,3,ok,1,150954.214,4,27102,27102
l4-023-fr-online-sales,50,4,direct,3,ok,1,116995.289,4,19363,19363
l4-024-fr-fintech,50,4,direct,3,ok,1,126476.315,2,23838,23838
l4-027-uk-automated-hiring,50,4,direct,3,ok,1,117539.023,2,9462,9462
l4-029-uk-fintech,50,4,direct,3,ok,1,86942.135,3,6139,6139
l4-032-ca-automated-hiring,50,4,direct,3,ok,1,156786.855,4,15592,15592
l4-034-ca-fintech,50,4,direct,3,ok,1,129451.834,2,4181,4181
l4-036-au-digital-platform,50,4,direct,3,ok,1,148391.59,3,16258,16258
l4-038-au-online-sales,50,4,direct,3,ok,1,143937.139,1,9686,9686
l4-039-au-fintech,50,4,direct,3,ok,1,116264.127,3,15474,15474
l4-040-au-manufacturer,50,4,direct,3,ok,1,188877.851,4,8201,8201
l4-044-sg-fintech,50,4,direct,3,ok,1,122504.474,4,23045,23045
l4-045-sg-manufacturer,50,4,direct,3,ok,1,86966.17,3,2864,2864
l4-051-th-digital-platform,50,4,direct,3,ok,1,110926.249,1,11182,11182
l4-054-th-fintech,50,4,direct,3,ok,1,119056.702,3,3928,3928
l4-055-th-manufacturer,50,4,direct,3,ok,1,84778.034,3,2907,2907
l4-058-id-online-sales,50,4,direct,3,ok,1,110310.592,3,7197,7197
l4-059-id-fintech,50,4,direct,3,ok,1,162311.305,4,17321,17321
l4-063-my-online-sales,50,4,direct,3,ok,1,109554.515,3,5223,5223
l4-065-my-manufacturer,50,4,direct,3,ok,1,101422.366,2,4845,4845
l4-067-ph-automated-hiring,50,4,direct,3,ok,1,142370.481,3,5510,5510
l4-069-ph-fintech,50,4,direct,3,ok,1,109674.263,4,8266,8266
l4-070-ph-manufacturer,50,4,direct,3,ok,1,158418.493,8,8295,8295
l4-071-in-digital-platform,50,4,direct,3,ok,1,115043.505,2,22506,22506
l4-072-in-automated-hiring,50,4,direct,3,ok,1,133058.755,6,10554,10554
l4-075-in-manufacturer,50,4,direct,3,ok,1,99285.71,2,4668,4668
l4-080-br-manufacturer,50,4,direct,3,ok,1,143480.452,4,6429,6429
l4-081-es-digital-platform,50,4,direct,3,ok,1,82566.132,2,12843,12843
l4-082-es-automated-hiring,50,4,direct,3,ok,1,144547.229,1,16109,16109
l4-083-es-online-sales,50,4,direct,3,ok,1,180656.936,3,20528,20528
l4-088-it-online-sales,50,4,direct,3,ok,1,3613.076,0,,
l4-089-it-fintech,50,4,direct,3,ok,1,8201.525,0,,
l4-090-it-manufacturer,50,4,direct,3,ok,1,9667.176,0,,
l4-092-nl-automated-hiring,50,4,direct,3,ok,1,4054.389,0,,
l4-093-nl-online-sales,50,4,direct,3,ok,1,18529.288,0,,
l4-094-nl-fintech,50,4,direct,3,ok,1,5405.943,0,,
l4-095-nl-manufacturer,50,4,direct,3,ok,1,15917.555,0,,
l4-096-nz-digital-platform,50,4,direct,3,ok,1,104520.991,3,5786,5786
l4-097-nz-automated-hiring,50,4,direct,3,ok,1,131601.637,4,7518,7518
l4-099-nz-fintech,50,4,direct,3,ok,1,88572.029,2,18660,18660
l4-100-nz-manufacturer,50,4,direct,3,ok,1,152014.879,3,12102,12102
l1-001-jp,50,4,original,2,ok,1,123766.234,0,7288,7288
l1-002-jp,50,4,original,2,ok,1,132140.331,2,10180,10180
l1-003-jp,50,4,original,2,ok,1,126524.14,1,9238,9238
l1-005-jp,50,4,original,2,ok,1,152586.461,4,2426,2426
l1-010-us,50,4,original,2,ok,1,130436.325,2,14100,14100
l1-012-cn,50,4,original,2,ok,1,132697.677,2,6783,6783
l1-013-cn,50,4,original,2,ok,1,141484.116,1,6991,6991
l1-018-de,50,4,original,2,ok,1,171165.355,2,9933,9933
l1-019-de,50,4,original,2,ok,1,134893.056,1,23400,23400
l1-023-fr,50,4,original,2,ok,1,178952.275,1,26211,26211
l1-024-fr,50,4,original,2,ok,1,140784.308,3,17877,17877
l1-025-fr,50,4,original,2,ok,1,152732.438,4,13199,13199
l1-027-uk,50,4,original,2,ok,1,123719.449,0,6148,6148
l1-031-ca,50,4,original,2,ok,1,137644.585,4,9753,9753
l1-032-ca,50,4,original,2,ok,1,140989.634,1,2328,2328
l1-033-ca,50,4,original,2,ok,1,151184.805,3,7197,7197
l1-035-ca,50,4,original,2,ok,1,161179.28,1,9148,9148
l1-036-au,50,4,original,2,ok,1,136582.504,5,23747,23747
l1-037-au,50,4,original,2,ok,1,131400.995,2,6135,6135
l1-038-au,50,4,original,2,ok,1,153157.951,5,27052,27052
l1-039-au,50,4,original,2,ok,1,133710.016,1,10110,10110
l1-040-au,50,4,original,2,ok,1,129951.37,3,24374,24374
l1-041-sg,50,4,original,2,ok,1,126870.648,0,22558,22558
l1-042-sg,50,4,original,2,ok,1,168255.415,2,18165,18165
l1-044-sg,50,4,original,2,ok,1,187848.017,3,10069,10069
l1-046-vn,50,4,original,2,ok,1,109326.199,1,789,789
l1-049-vn,50,4,original,2,ok,1,186579.764,2,19841,19841
l1-050-vn,50,4,original,2,ok,1,143976.706,4,11069,11069
l1-051-th,50,4,original,2,ok,1,197725.497,1,7247,7247
l1-052-th,50,4,original,2,ok,1,132440.744,1,9447,9447
l1-053-th,50,4,original,2,ok,1,165587.387,1,12821,12821
l1-054-th,50,4,original,2,ok,1,140973.693,2,11230,11230
l1-055-th,50,4,original,2,ok,1,124952.493,0,8940,8940
l1-059-id,50,4,original,2,ok,1,123292.989,0,11312,11312
l1-060-id,50,4,original,2,ok,1,138979.996,3,4549,4549
l1-062-my,50,4,original,2,ok,1,125550.524,1,12785,12785
l1-065-my,50,4,original,2,ok,1,124205.745,3,8238,8238
l1-068-ph,50,4,original,2,ok,1,182586.402,1,17211,17211
l1-070-ph,50,4,original,2,ok,1,119120.124,3,21636,21636
l1-075-in,50,4,original,2,ok,1,136698.714,1,14522,14522
l1-078-br,50,4,original,2,ok,1,124237.031,1,3690,3690
l1-081-es,50,4,original,2,ok,1,125194.862,0,19919,19919
l1-082-es,50,4,original,2,ok,1,177086.04,5,12552,12552
l1-085-es,50,4,original,2,ok,1,135415.008,1,6458,6458
l1-091-nl,50,4,original,2,ok,1,112629.643,0,,
l1-092-nl,50,4,original,2,ok,1,105986.09,0,,
l1-094-nl,50,4,original,2,ok,1,38266.012,0,,
l1-095-nl,50,4,original,2,ok,1,16390.927,0,,
l1-097-nz,50,4,original,2,ok,1,139507.346,3,11822,11822
l1-098-nz,50,4,original,2,ok,1,152643.272,1,9519,9519
l2-001-jp-data-rights,50,4,original,2,ok,1,115718.478,1,7504,7504
l2-002-jp-breach,50,4,original,2,ok,1,134940.315,2,4324,4324
l2-003-jp-transfer,50,4,original,2,ok,1,110877.268,2,13808,13808
l2-010-us-worker,50,4,original,2,ok,1,76973.575,4,15612,15612
l2-013-cn-transfer,50,4,original,2,ok,1,78281.357,1,12490,12490
l2-017-de-breach,50,4,original,2,ok,1,176425.866,2,10433,10433
l2-022-fr-breach,50,4,original,2,ok,1,48485.173,2,14061,14061
l2-024-fr-consumer,50,4,original,2,ok,1,143898.294,3,18608,18608
l2-026-uk-data-rights,50,4,original,2,ok,1,144532.678,3,3669,3669
l2-029-uk-consumer,50,4,original,2,ok,1,91689.439,2,18523,18523
l2-034-ca-consumer,50,4,original,2,ok,1,101825.809,1,4183,4183
l2-035-ca-worker,50,4,original,2,ok,1,109402.387,2,12496,12496
l2-036-au-data-rights,50,4,original,2,ok,1,163458.594,2,12681,12681
l2-038-au-transfer,50,4,original,2,ok,1,141313.189,2,19625,19625
l2-039-au-consumer,50,4,original,2,ok,1,156288.295,3,9500,9500
l2-040-au-worker,50,4,original,2,ok,1,69200.956,2,4057,4057
l2-045-sg-worker,50,4,original,2,ok,1,111246.459,1,11064,11064
l2-046-vn-data-rights,50,4,original,2,ok,1,127938.101,2,11418,11418
l2-047-vn-breach,50,4,original,2,ok,1,102460.773,5,11515,11515
l2-051-th-data-rights,50,4,original,2,ok,1,135591.31,1,9181,9181
l2-052-th-breach,50,4,original,2,ok,1,59020.043,2,7597,7597
l2-053-th-transfer,50,4,original,2,ok,1,76448.063,1,10563,10563
l2-054-th-consumer,50,4,original,2,ok,1,122982.446,2,5633,5633
l2-055-th-worker,50,4,original,2,ok,1,119156.218,4,9356,9356
l2-056-id-data-rights,50,4,original,2,ok,1,136530.656,1,7438,7438
l2-057-id-breach,50,4,original,2,ok,1,71128.537,2,6847,6847
l2-060-id-worker,50,4,original,2,ok,1,118051.625,1,11993,11993
l2-061-my-data-rights,50,4,original,2,ok,1,114425.001,1,12630,12630
l2-064-my-consumer,50,4,original,2,ok,1,114256.739,4,5533,5533
l2-066-ph-data-rights,50,4,original,2,ok,1,140457.345,1,8395,8395
l2-067-ph-breach,50,4,original,2,ok,1,117857.44,2,22469,22469
l2-068-ph-transfer,50,4,original,2,ok,1,84087.369,1,17208,17208
l2-070-ph-worker,50,4,original,2,ok,1,100918.02,1,15929,15929
l2-071-in-data-rights,50,4,original,2,ok,1,147502.444,1,18470,18470
l2-072-in-breach,50,4,original,2,ok,1,54083.032,2,14524,14524
l2-073-in-transfer,50,4,original,2,ok,1,109847.239,2,13023,13023
l2-081-es-data-rights,50,4,original,2,ok,1,136915.961,2,12888,12888
l2-082-es-breach,50,4,original,2,ok,1,71119.567,3,13297,13297
l2-083-es-transfer,50,4,original,2,ok,1,163591.766,2,23525,23525
l2-084-es-consumer,50,4,original,2,ok,1,157860.826,4,19285,19285
l2-085-es-worker,50,4,original,2,ok,1,61640.377,2,15956,15956
l2-086-it-data-rights,50,4,original,2,ok,1,15745.302,0,,
l2-087-it-breach,50,4,original,2,ok,1,30155.568,0,,
l2-088-it-transfer,50,4,original,2,ok,1,47715.21,0,,
l2-089-it-consumer,50,4,original,2,ok,1,15075.424,0,,
l2-090-it-worker,50,4,original,2,ok,1,97108.582,0,,
l2-091-nl-data-rights,50,4,original,2,ok,1,10142.961,0,,
l2-092-nl-breach,50,4,original,2,ok,1,4314.938,0,,
l2-096-nz-data-rights,50,4,original,2,ok,1,74712.073,3,10443,10443
l2-100-nz-worker,50,4,original,2,ok,1,51590.204,3,7221,7221
l3-001-jp-transfer,50,4,original,2,ok,1,230900.932,2,7197,7197
l3-002-jp-breach,50,4,original,2,ok,1,166153.416,4,12716,12716
l3-005-jp-worker-ai,50,4,original,2,ok,1,148274.589,4,4392,4392
l3-007-us-breach,50,4,original,2,ok,1,132334.214,3,10071,10071
l3-008-us-consumer,50,4,original,2,ok,1,126661.032,1,9845,9845
l3-010-us-worker-ai,50,4,original,2,ok,1,125435.288,2,27006,27006
l3-011-cn-transfer,50,4,original,2,ok,1,213236.592,4,9089,9089
l3-013-cn-consumer,50,4,original,2,ok,1,118725.652,2,3970,3970
l3-014-cn-platform,50,4,original,2,ok,1,138562.339,3,1872,1872
l3-015-cn-worker-ai,50,4,original,2,ok,1,156624.7,2,8476,8476
l3-016-de-transfer,50,4,original,2,ok,1,125919.619,0,12755,12755
l3-018-de-consumer,50,4,original,2,ok,1,142504.68,6,10007,10007
l3-019-de-platform,50,4,original,2,ok,1,107327.679,7,16271,16271
l3-020-de-worker-ai,50,4,original,2,ok,1,149188.991,2,8368,8368
l3-023-fr-consumer,50,4,original,2,ok,1,122159.993,0,18723,18723
l3-025-fr-worker-ai,50,4,original,2,ok,1,177610.097,3,22180,22180
l3-026-uk-transfer,50,4,original,2,ok,1,200978.812,1,13411,13411
l3-028-uk-consumer,50,4,original,2,ok,1,122440.724,0,7451,7451
l3-030-uk-worker-ai,50,4,original,2,ok,1,121965.559,0,14917,14917
l3-032-ca-breach,50,4,original,2,ok,1,122934.3,0,10723,10723
l3-033-ca-consumer,50,4,original,2,ok,1,116753.371,2,3365,3365
l3-037-au-breach,50,4,original,2,ok,1,119498.802,2,15001,15001
l3-039-au-platform,50,4,original,2,ok,1,195353.744,1,22450,22450
l3-041-sg-transfer,50,4,original,2,ok,1,159350.86,2,13259,13259
l3-043-sg-consumer,50,4,original,2,ok,1,105538.14,3,4226,4226
l3-045-sg-worker-ai,50,4,original,2,ok,1,17834.567,0,,
l3-046-vn-transfer,50,4,original,2,ok,1,212402.818,2,9990,9990
l3-047-vn-breach,50,4,original,2,ok,1,146497.882,3,10199,10199
l3-053-th-consumer,50,4,original,2,ok,1,150228.76,2,11856,11856
l3-054-th-platform,50,4,original,2,ok,1,21524.939,0,,
l3-056-id-transfer,50,4,original,2,ok,1,150156.97,2,10146,10146
l3-057-id-breach,50,4,original,2,ok,1,151992.288,2,4941,4941
l3-058-id-consumer,50,4,original,2,ok,1,132534.213,2,19316,19316
l3-059-id-platform,50,4,original,2,ok,1,5899.479,0,,
l3-062-my-breach,50,4,original,2,ok,1,196143.849,1,11753,11753
l3-063-my-consumer,50,4,original,2,ok,1,4683.349,0,,
l3-065-my-worker-ai,50,4,original,2,ok,1,147207.89,2,27008,27008
l3-066-ph-transfer,50,4,original,2,ok,1,195572.099,3,14304,14304
l3-067-ph-breach,50,4,original,2,ok,1,123558.853,0,13040,13040
l3-072-in-breach,50,4,original,2,ok,1,6917.664,0,,
l3-073-in-consumer,50,4,original,2,ok,1,119635.793,3,4404,4404
l3-075-in-worker-ai,50,4,original,2,ok,1,108317.265,3,8368,8368
l3-078-br-consumer,50,4,original,2,ok,1,159012.822,2,6798,6798
l3-079-br-platform,50,4,original,2,ok,1,122484.89,0,1482,1482
l3-081-es-transfer,50,4,original,2,ok,1,32596.437,0,,
l3-082-es-breach,50,4,original,2,ok,1,211318.906,2,25086,25086
l3-088-it-consumer,50,4,original,2,ok,1,3068.598,0,,
l3-092-nl-breach,50,4,original,2,ok,1,6009.614,0,,
l3-098-nz-consumer,50,4,original,2,ok,1,150261.565,3,7923,7923
l3-100-nz-worker-ai,50,4,original,2,ok,1,250338.046,3,18432,18432
l4-001-jp-digital-platform,50,4,original,2,ok,1,166675.349,3,14117,14117
l4-004-jp-fintech,50,4,original,2,ok,1,108130.258,3,4122,4122
l4-008-us-online-sales,50,4,original,2,ok,1,132536.89,4,6816,6816
l4-009-us-fintech,50,4,original,2,ok,1,144431.225,6,12266,12266
l4-012-cn-automated-hiring,50,4,original,2,ok,1,168952.311,5,8376,8376
l4-015-cn-manufacturer,50,4,original,2,ok,1,154858.599,6,4731,4731
l4-016-de-digital-platform,50,4,original,2,ok,1,115751.766,3,17609,17609
l4-020-de-manufacturer,50,4,original,2,ok,1,97356.011,5,5341,5341
l4-021-fr-digital-platform,50,4,original,2,ok,1,162423.189,2,21543,21543
l4-022-fr-automated-hiring,50,4,original,2,ok,1,157940.283,4,26352,26352
l4-023-fr-online-sales,50,4,original,2,ok,1,144885.825,5,20826,20826
l4-024-fr-fintech,50,4,original,2,ok,1,145456.739,2,23838,23838
l4-027-uk-automated-hiring,50,4,original,2,ok,1,148159.357,2,7729,7729
l4-029-uk-fintech,50,4,original,2,ok,1,123539.293,3,6139,6139
l4-032-ca-automated-hiring,50,4,original,2,ok,1,146330.823,4,15592,15592
l4-034-ca-fintech,50,4,original,2,ok,1,138647.889,2,4169,4169
l4-036-au-digital-platform,50,4,original,2,ok,1,131280.858,3,16258,16258
l4-038-au-online-sales,50,4,original,2,ok,1,145630.364,1,9688,9688
l4-039-au-fintech,50,4,original,2,ok,1,151942.537,3,15464,15464
l4-040-au-manufacturer,50,4,original,2,ok,1,135081.49,4,6383,6383
l4-044-sg-fintech,50,4,original,2,ok,1,150574.342,3,25258,25258
l4-045-sg-manufacturer,50,4,original,2,ok,1,131470.352,3,2864,2864
l4-051-th-digital-platform,50,4,original,2,ok,1,124186.344,1,11182,11182
l4-054-th-fintech,50,4,original,2,ok,1,118206.332,3,3926,3926
l4-055-th-manufacturer,50,4,original,2,ok,1,244799.465,0,6138,6138
l4-058-id-online-sales,50,4,original,2,ok,1,130033.65,4,8241,8241
l4-059-id-fintech,50,4,original,2,ok,1,168249.737,4,17311,17311
l4-063-my-online-sales,50,4,original,2,ok,1,120956.235,3,5225,5225
l4-065-my-manufacturer,50,4,original,2,ok,1,118744.077,2,4845,4845
l4-067-ph-automated-hiring,50,4,original,2,ok,1,152148.158,3,5510,5510
l4-069-ph-fintech,50,4,original,2,ok,1,125173.863,4,8266,8266
l4-070-ph-manufacturer,50,4,original,2,ok,1,157967.264,9,7530,7530
l4-071-in-digital-platform,50,4,original,2,ok,1,122788.316,2,22506,22506
l4-072-in-automated-hiring,50,4,original,2,ok,1,161121.976,6,10554,10554
l4-075-in-manufacturer,50,4,original,2,ok,1,93533.345,3,5344,5344
l4-080-br-manufacturer,50,4,original,2,ok,1,147452.323,4,6510,6510
l4-081-es-digital-platform,50,4,original,2,ok,1,106886.364,2,12843,12843
l4-082-es-automated-hiring,50,4,original,2,ok,1,133735.259,1,16107,16107
l4-083-es-online-sales,50,4,original,2,ok,1,174328.131,3,19111,19111
l4-088-it-online-sales,50,4,original,2,ok,1,3446.926,0,,
l4-089-it-fintech,50,4,original,2,ok,1,3893.978,0,,
l4-090-it-manufacturer,50,4,original,2,ok,1,2456.484,0,,
l4-092-nl-automated-hiring,50,4,original,2,ok,1,2462.305,0,,
l4-093-nl-online-sales,50,4,original,2,ok,1,23839.646,0,,
l4-094-nl-fintech,50,4,original,2,ok,1,4409.664,0,,
l4-095-nl-manufacturer,50,4,original,2,ok,1,12102.194,0,,
l4-096-nz-digital-platform,50,4,original,2,ok,1,133328.198,3,5786,5786
l4-097-nz-automated-hiring,50,4,original,2,ok,1,147815.727,4,7518,7518
l4-099-nz-fintech,50,4,original,2,ok,1,127894.445,2,18660,18660
l4-100-nz-manufacturer,50,4,original,2,ok,1,156236.85,3,12098,12098
l1-001-jp,50,4,reduce,4,ok,1,115004.573,5,7288,4216
l1-002-jp,50,4,reduce,4,ok,1,111048.038,2,10180,5217
l1-003-jp,50,4,reduce,4,ok,1,85609.611,1,9238,6242
l1-005-jp,50,4,reduce,4,ok,1,126418.187,4,2426,1546
l1-010-us,50,4,reduce,4,ok,1,56007.436,2,14100,2578
l1-012-cn,50,4,reduce,4,ok,1,93410.278,2,6783,4146
l1-013-cn,50,4,reduce,4,ok,1,123371.827,1,6991,4371
l1-018-de,50,4,reduce,4,ok,1,117513.43,4,9933,4929
l1-019-de,50,4,reduce,4,ok,1,70058.551,3,23400,3735
l1-023-fr,50,4,reduce,4,ok,1,98426.243,1,26211,10039
l1-024-fr,50,4,reduce,4,ok,1,128400.712,2,17877,6432
l1-025-fr,50,4,reduce,4,ok,1,121027.222,2,13199,4235
l1-027-uk,50,4,reduce,4,ok,1,126180.513,2,6148,3677
l1-031-ca,50,4,reduce,4,ok,1,126642.053,4,9753,5724
l1-032-ca,50,4,reduce,4,ok,1,78700.046,1,2328,1327
l1-033-ca,50,4,reduce,4,ok,1,122977.025,3,7197,2079
l1-035-ca,50,4,reduce,4,ok,1,137660.076,1,9148,4466
l1-036-au,50,4,reduce,4,ok,1,112564.598,5,23747,3574
l1-037-au,50,4,reduce,4,ok,1,129053.599,2,6135,2823
l1-038-au,50,4,reduce,4,ok,1,144229.744,5,27052,5793
l1-039-au,50,4,reduce,4,ok,1,94121.242,1,10110,4894
l1-040-au,50,4,reduce,4,ok,1,172357.081,3,24374,4680
l1-041-sg,50,4,reduce,4,ok,1,114029.363,1,22558,8527
l1-042-sg,50,4,reduce,4,ok,1,162795.688,3,18165,6691
l1-044-sg,50,4,reduce,4,ok,1,140572.332,3,10069,3178
l1-046-vn,50,4,reduce,4,ok,1,110785.002,1,789,525
l1-049-vn,50,4,reduce,4,ok,1,140542.515,2,19841,7354
l1-050-vn,50,4,reduce,4,ok,1,92729.182,4,11069,5666
l1-051-th,50,4,reduce,4,ok,1,142317.001,1,7247,4600
l1-052-th,50,4,reduce,4,ok,1,147091.944,1,9447,5478
l1-053-th,50,4,reduce,4,ok,1,140935.477,1,12821,8136
l1-054-th,50,4,reduce,4,ok,1,133086.675,2,11230,6871
l1-055-th,50,4,reduce,4,ok,1,98312.2,2,8940,3102
l1-059-id,50,4,reduce,4,ok,1,138942.336,1,11312,6690
l1-060-id,50,4,reduce,4,ok,1,95318.399,3,4549,3081
l1-062-my,50,4,reduce,4,ok,1,133717.889,1,12785,8316
l1-065-my,50,4,reduce,4,ok,1,103243.876,3,8238,3940
l1-068-ph,50,4,reduce,4,ok,1,96705.49,1,17211,9658
l1-070-ph,50,4,reduce,4,ok,1,109182.99,3,21636,6843
l1-075-in,50,4,reduce,4,ok,1,88886.821,1,14522,11454
l1-078-br,50,4,reduce,4,ok,1,89882.921,1,3690,1546
l1-081-es,50,4,reduce,4,ok,1,122089.431,0,19919,10157
l1-082-es,50,4,reduce,4,ok,1,145842.269,5,12552,5945
l1-085-es,50,4,reduce,4,ok,1,114388.017,1,6458,2901
l1-091-nl,50,4,reduce,4,ok,1,74817.916,0,,
l1-092-nl,50,4,reduce,4,ok,1,50247.245,0,,
l1-094-nl,50,4,reduce,4,ok,1,74223.006,0,,
l1-095-nl,50,4,reduce,4,ok,1,54432.584,0,,
l1-097-nz,50,4,reduce,4,ok,1,121172.301,2,11822,4512
l1-098-nz,50,4,reduce,4,ok,1,136055.115,2,11401,3560
l2-001-jp-data-rights,50,4,reduce,4,ok,1,86511.041,1,6919,4331
l2-002-jp-breach,50,4,reduce,4,ok,1,148325.883,3,3108,2112
l2-003-jp-transfer,50,4,reduce,4,ok,1,91899.842,2,13808,5496
l2-010-us-worker,50,4,reduce,4,ok,1,59754.633,2,15612,5228
l2-013-cn-transfer,50,4,reduce,4,ok,1,38331.032,1,12490,6712
l2-017-de-breach,50,4,reduce,4,ok,1,113998.335,2,10431,5163
l2-022-fr-breach,50,4,reduce,4,ok,1,52390.514,3,14059,5192
l2-024-fr-consumer,50,4,reduce,4,ok,1,87690.049,2,18608,6010
l2-026-uk-data-rights,50,4,reduce,4,ok,1,98857.023,3,3669,2426
l2-029-uk-consumer,50,4,reduce,4,ok,1,106894.809,2,18523,8843
l2-034-ca-consumer,50,4,reduce,4,ok,1,74404.396,1,4183,2205
l2-035-ca-worker,50,4,reduce,4,ok,1,94468.929,2,12496,4322
l2-036-au-data-rights,50,4,reduce,4,ok,1,102803.122,2,12681,4100
l2-038-au-transfer,50,4,reduce,4,ok,1,91659.179,2,19625,5758
l2-039-au-consumer,50,4,reduce,4,ok,1,102714.369,3,9500,4326
l2-040-au-worker,50,4,reduce,4,ok,1,74166.282,2,4057,2770
l2-045-sg-worker,50,4,reduce,4,ok,1,83745.43,1,11064,4423
l2-046-vn-data-rights,50,4,reduce,4,ok,1,98215.481,2,11418,5942
l2-047-vn-breach,50,4,reduce,4,ok,1,84414.365,4,10566,4230
l2-051-th-data-rights,50,4,reduce,4,ok,1,105806.009,1,9181,6443
l2-052-th-breach,50,4,reduce,4,ok,1,69436.006,2,7597,4614
l2-053-th-transfer,50,4,reduce,4,ok,1,75207.162,1,10563,7155
l2-054-th-consumer,50,4,reduce,4,ok,1,102721.509,2,5633,2751
l2-055-th-worker,50,4,reduce,4,ok,1,78877.56,2,9356,3416
l2-056-id-data-rights,50,4,reduce,4,ok,1,89316.379,1,7438,4222
l2-057-id-breach,50,4,reduce,4,ok,1,71288.276,2,6847,2599
l2-060-id-worker,50,4,reduce,4,ok,1,153161.046,1,11993,6920
l2-061-my-data-rights,50,4,reduce,4,ok,1,105541.069,1,12630,5604
l2-064-my-consumer,50,4,reduce,4,ok,1,101030.135,4,5533,2939
l2-066-ph-data-rights,50,4,reduce,4,ok,1,92436.695,1,8395,5135
l2-067-ph-breach,50,4,reduce,4,ok,1,98403.286,2,22469,8201
l2-068-ph-transfer,50,4,reduce,4,ok,1,87204.303,1,17208,7814
l2-070-ph-worker,50,4,reduce,4,ok,1,125073.382,1,15929,7460
l2-071-in-data-rights,50,4,reduce,4,ok,1,95896.953,1,18470,5881
l2-072-in-breach,50,4,reduce,4,ok,1,64711.899,3,14524,4193
l2-073-in-transfer,50,4,reduce,4,ok,1,70649.309,2,13023,4151
l2-081-es-data-rights,50,4,reduce,4,ok,1,95367.868,2,12890,7471
l2-082-es-breach,50,4,reduce,4,ok,1,47852.957,3,13297,2708
l2-083-es-transfer,50,4,reduce,4,ok,1,105526.853,2,,
l2-084-es-consumer,50,4,reduce,4,ok,1,104119.861,4,19285,7712
l2-085-es-worker,50,4,reduce,4,ok,1,60067.503,2,15956,7871
l2-086-it-data-rights,50,4,reduce,4,ok,1,2011.668,0,,
l2-087-it-breach,50,4,reduce,4,ok,1,2374.69,0,,
l2-088-it-transfer,50,4,reduce,4,ok,1,12960.04,0,,
l2-089-it-consumer,50,4,reduce,4,ok,1,41731.351,0,,
l2-090-it-worker,50,4,reduce,4,ok,1,32670.9,0,,
l2-091-nl-data-rights,50,4,reduce,4,ok,1,6056.717,0,,
l2-092-nl-breach,50,4,reduce,4,ok,1,4840.153,0,,
l2-096-nz-data-rights,50,4,reduce,4,ok,1,86511.105,2,10443,3245
l2-100-nz-worker,50,4,reduce,4,ok,1,43773.107,3,7221,4778
l3-001-jp-transfer,50,4,reduce,4,ok,1,204052.647,2,8091,3479
l3-002-jp-breach,50,4,reduce,4,ok,1,155188.953,3,7703,3372
l3-005-jp-worker-ai,50,4,reduce,4,ok,1,107794.973,2,4400,2110
l3-007-us-breach,50,4,reduce,4,ok,1,86510.347,2,16651,5387
l3-008-us-consumer,50,4,reduce,4,ok,1,88774.79,4,9845,4022
l3-010-us-worker-ai,50,4,reduce,4,ok,1,82728.932,2,6194,3090
l3-011-cn-transfer,50,4,reduce,4,ok,1,137580.684,3,12757,5244
l3-013-cn-consumer,50,4,reduce,4,ok,1,106195.128,2,16079,6858
l3-014-cn-platform,50,4,reduce,4,ok,1,129059.524,4,1482,703
l3-015-cn-worker-ai,50,4,reduce,4,ok,1,91183.095,2,8086,2740
l3-016-de-transfer,50,4,reduce,4,ok,1,109335.472,2,12757,5244
l3-018-de-consumer,50,4,reduce,4,ok,1,115150.324,4,10007,4403
l3-019-de-platform,50,4,reduce,4,ok,1,85812.029,5,12624,6939
l3-020-de-worker-ai,50,4,reduce,4,ok,1,91845.415,2,8364,3044
l3-023-fr-consumer,50,4,reduce,4,ok,1,118787.102,3,18723,6787
l3-025-fr-worker-ai,50,4,reduce,4,ok,1,114278.096,3,14308,7805
l3-026-uk-transfer,50,4,reduce,4,ok,1,110564.67,4,13407,2976
l3-028-uk-consumer,50,4,reduce,4,ok,1,118205.678,3,7451,4280
l3-030-uk-worker-ai,50,4,reduce,4,ok,1,107627.013,3,14921,4575
l3-032-ca-breach,50,4,reduce,4,ok,1,103775.208,6,8945,4052
l3-033-ca-consumer,50,4,reduce,4,ok,1,93166.994,2,3365,1653
l3-037-au-breach,50,4,reduce,4,ok,1,114807.524,2,4758,2226
l3-039-au-platform,50,4,reduce,4,ok,1,136810.576,2,22450,9632
l3-041-sg-transfer,50,4,reduce,4,ok,1,113165.23,2,27089,7735
l3-043-sg-consumer,50,4,reduce,4,ok,1,84350.317,2,4226,2147
l3-045-sg-worker-ai,50,4,reduce,4,ok,1,44930.999,0,,
l3-046-vn-transfer,50,4,reduce,4,ok,1,140030.416,3,10573,7155
l3-047-vn-breach,50,4,reduce,4,ok,1,103863.821,4,11753,6663
l3-053-th-consumer,50,4,reduce,4,ok,1,109401.623,2,11856,4671
l3-054-th-platform,50,4,reduce,4,ok,1,13971.144,0,,
l3-056-id-transfer,50,4,reduce,4,ok,1,98512.607,2,12638,5802
l3-057-id-breach,50,4,reduce,4,ok,1,99859.52,3,18911,7827
l3-058-id-consumer,50,4,reduce,4,ok,1,78686.247,2,19316,6975
l3-059-id-platform,50,4,reduce,4,ok,1,5873.31,0,,
l3-062-my-breach,50,4,reduce,4,ok,1,136236.394,1,10556,5393
l3-063-my-consumer,50,4,reduce,4,ok,1,3108.464,0,,
l3-065-my-worker-ai,50,4,reduce,4,ok,1,100858.724,2,27014,5954
l3-066-ph-transfer,50,4,reduce,4,ok,1,155614.635,2,11631,3197
l3-067-ph-breach,50,4,reduce,4,ok,1,133633.981,2,13046,5349
l3-072-in-breach,50,4,reduce,4,ok,1,5187.841,0,,
l3-073-in-consumer,50,4,reduce,4,ok,1,110998.01,3,4404,2535
l3-075-in-worker-ai,50,4,reduce,4,ok,1,68690.112,2,14921,4575
l3-078-br-consumer,50,4,reduce,4,ok,1,106557.364,2,6798,3460
l3-079-br-platform,50,4,reduce,4,ok,1,123564.971,2,1482,703
l3-081-es-transfer,50,4,reduce,4,ok,1,16183.271,0,,
l3-082-es-breach,50,4,reduce,4,ok,1,186018.119,2,23909,10371
l3-088-it-consumer,50,4,reduce,4,ok,1,2126.701,0,,
l3-092-nl-breach,50,4,reduce,4,ok,1,6134.353,0,,
l3-098-nz-consumer,50,4,reduce,4,ok,1,96247.46,3,7923,2982
l3-100-nz-worker-ai,50,4,reduce,4,ok,1,204470.85,4,18432,9322
l4-001-jp-digital-platform,50,4,reduce,4,ok,1,143191.807,3,16492,8532
l4-004-jp-fintech,50,4,reduce,4,ok,1,91864.467,4,4873,3085
l4-008-us-online-sales,50,4,reduce,4,ok,1,110715.269,4,6816,4576
l4-009-us-fintech,50,4,reduce,4,ok,1,104330.083,6,12266,4474
l4-012-cn-automated-hiring,50,4,reduce,4,ok,1,120733.171,5,7435,4966
l4-015-cn-manufacturer,50,4,reduce,4,ok,1,111708.0,6,4731,3238
l4-016-de-digital-platform,50,4,reduce,4,ok,1,124437.319,3,17611,3249
l4-020-de-manufacturer,50,4,reduce,4,ok,1,83885.89,5,5343,2579
l4-021-fr-digital-platform,50,4,reduce,4,ok,1,104936.06,2,21551,8921
l4-022-fr-automated-hiring,50,4,reduce,4,ok,1,93670.364,3,22817,6973
l4-023-fr-online-sales,50,4,reduce,4,ok,1,104443.984,5,19363,8204
l4-024-fr-fintech,50,4,reduce,4,ok,1,92801.4,1,24408,8153
l4-027-uk-automated-hiring,50,4,reduce,4,ok,1,111439.346,2,7727,4346
l4-029-uk-fintech,50,4,reduce,4,ok,1,73840.289,3,6141,2202
l4-032-ca-automated-hiring,50,4,reduce,4,ok,1,125643.902,5,15592,6459
l4-034-ca-fintech,50,4,reduce,4,ok,1,82562.816,2,4179,1468
l4-036-au-digital-platform,50,4,reduce,4,ok,1,113501.841,3,16254,4874
l4-038-au-online-sales,50,4,reduce,4,ok,1,96828.752,1,9684,4649
l4-039-au-fintech,50,4,reduce,4,ok,1,97967.43,3,15470,4977
l4-040-au-manufacturer,50,4,reduce,4,ok,1,97340.538,4,8199,4113
l4-044-sg-fintech,50,4,reduce,4,ok,1,107856.175,4,26459,9148
l4-045-sg-manufacturer,50,4,reduce,4,ok,1,94030.75,3,2864,1827
l4-051-th-digital-platform,50,4,reduce,4,ok,1,101199.525,1,11933,7804
l4-054-th-fintech,50,4,reduce,4,ok,1,86391.468,3,3922,2666
l4-055-th-manufacturer,50,4,reduce,4,ok,1,87251.954,6,6138,3446
l4-058-id-online-sales,50,4,reduce,4,ok,1,111789.807,3,7753,4418
l4-059-id-fintech,50,4,reduce,4,ok,1,110253.966,4,18231,7305
l4-063-my-online-sales,50,4,reduce,4,ok,1,93282.526,3,5223,3468
l4-065-my-manufacturer,50,4,reduce,4,ok,1,87354.344,2,4845,3022
l4-067-ph-automated-hiring,50,4,reduce,4,ok,1,98910.003,3,5942,3560
l4-069-ph-fintech,50,4,reduce,4,ok,1,92384.642,3,8264,4289
l4-070-ph-manufacturer,50,4,reduce,4,ok,1,104685.93,8,8293,5373
l4-071-in-digital-platform,50,4,reduce,4,ok,1,123294.867,2,21014,9442
l4-072-in-automated-hiring,50,4,reduce,4,ok,1,143693.037,5,10554,3888
l4-075-in-manufacturer,50,4,reduce,4,ok,1,79179.645,2,4670,2731
l4-080-br-manufacturer,50,4,reduce,4,ok,1,103392.556,4,6427,4302
l4-081-es-digital-platform,50,4,reduce,4,ok,1,96027.141,2,12843,6199
l4-082-es-automated-hiring,50,4,reduce,4,ok,1,108056.808,1,16101,8398
l4-083-es-online-sales,50,4,reduce,4,ok,1,114004.362,2,12257,6648
l4-088-it-online-sales,50,4,reduce,4,ok,1,2280.902,0,,
l4-089-it-fintech,50,4,reduce,4,ok,1,2409.681,0,,
l4-090-it-manufacturer,50,4,reduce,4,ok,1,1646.175,0,,
l4-092-nl-automated-hiring,50,4,reduce,4,ok,1,2457.081,0,,
l4-093-nl-online-sales,50,4,reduce,4,ok,1,13180.8,0,,
l4-094-nl-fintech,50,4,reduce,4,ok,1,4982.641,0,,
l4-095-nl-manufacturer,50,4,reduce,4,ok,1,6530.926,0,,
l4-096-nz-digital-platform,50,4,reduce,4,ok,1,93985.312,3,5784,3435
l4-097-nz-automated-hiring,50,4,reduce,4,ok,1,104172.411,4,7034,3836
l4-099-nz-fintech,50,4,reduce,4,ok,1,85066.604,2,18660,3462
l4-100-nz-manufacturer,50,4,reduce,4,ok,1,104993.977,3,10026,6893
l1-001-jp,100,1,combined,4,ok,1,170155.96,5,7288,4216
l1-002-jp,100,1,combined,4,ok,1,183704.813,2,10180,5217
l1-003-jp,100,1,combined,4,ok,1,178962.671,1,9238,6242
l1-005-jp,100,1,combined,4,ok,1,170510.598,4,2426,1546
l1-010-us,100,1,combined,4,ok,1,171432.684,2,14100,2578
l1-012-cn,100,1,combined,4,ok,1,241301.66,2,6783,4146
l1-013-cn,100,1,combined,4,ok,1,206851.963,1,6991,4371
l1-018-de,100,1,combined,4,ok,1,239457.777,4,9933,4929
l1-019-de,100,1,combined,4,ok,1,186709.015,3,23400,3735
l1-023-fr,100,1,combined,4,ok,1,259256.107,1,26211,10039
l1-024-fr,100,1,combined,4,ok,1,195949.983,2,17877,6432
l1-025-fr,100,1,combined,4,ok,1,217243.083,2,13199,4235
l1-027-uk,100,1,combined,4,ok,1,194895.523,2,6148,3677
l1-031-ca,100,1,combined,4,ok,1,180033.372,4,9753,5724
l1-032-ca,100,1,combined,4,ok,1,139713.761,1,2328,1327
l1-033-ca,100,1,combined,4,ok,1,211618.955,3,7197,2079
l1-035-ca,100,1,combined,4,ok,1,231060.673,1,9148,4466
l1-036-au,100,1,combined,4,ok,1,140214.216,5,23747,3574
l1-037-au,100,1,combined,4,ok,1,214418.647,2,6135,2823
l1-038-au,100,1,combined,4,ok,1,193440.094,5,27052,5793
l1-039-au,100,1,combined,4,ok,1,173418.348,1,10110,4894
l1-040-au,100,1,combined,4,ok,1,198762.325,3,24374,4680
l1-041-sg,100,1,combined,4,ok,1,195813.029,1,22558,8527
l1-042-sg,100,1,combined,4,ok,1,195117.983,3,18165,6691
l1-044-sg,100,1,combined,4,ok,1,188068.723,3,10067,3178
l1-046-vn,100,1,combined,4,ok,1,176175.773,1,789,525
l1-049-vn,100,1,combined,4,ok,1,163359.557,2,19841,7354
l1-050-vn,100,1,combined,4,ok,1,156897.003,4,11069,5666
l1-051-th,100,1,combined,4,ok,1,194394.775,1,7247,4600
l1-052-th,100,1,combined,4,ok,1,171950.81,1,9447,5478
l1-053-th,100,1,combined,4,ok,1,217571.647,1,12821,8136
l1-054-th,100,1,combined,4,ok,1,194577.582,2,11230,6871
l1-055-th,100,1,combined,4,ok,1,167278.834,2,8940,3102
l1-059-id,100,1,combined,4,ok,1,129809.415,0,11312,6690
l1-060-id,100,1,combined,4,ok,1,173795.361,3,4549,3081
l1-062-my,100,1,combined,4,ok,1,167520.796,1,12785,8316
l1-065-my,100,1,combined,4,ok,1,198889.924,3,8238,3940
l1-068-ph,100,1,combined,4,ok,1,253249.951,1,17211,9658
l1-070-ph,100,1,combined,4,ok,1,173804.937,3,21636,6843
l1-075-in,100,1,combined,4,ok,1,163496.838,1,14522,11454
l1-078-br,100,1,combined,4,ok,1,183677.421,1,3688,1546
l1-081-es,100,1,combined,4,ok,1,176702.094,3,19919,10157
l1-082-es,100,1,combined,4,ok,1,241995.132,5,12552,5945
l1-085-es,100,1,combined,4,ok,1,176339.657,1,6458,2901
l1-091-nl,100,1,combined,4,ok,1,46876.355,0,,
l1-092-nl,100,1,combined,4,ok,1,116742.239,0,,
l1-094-nl,100,1,combined,4,ok,1,138468.428,0,,
l1-095-nl,100,1,combined,4,ok,1,135074.91,0,,
l1-097-nz,100,1,combined,4,ok,1,202253.337,2,11822,4512
l1-098-nz,100,1,combined,4,ok,1,236434.678,1,9519,2127
l2-001-jp-data-rights,100,1,combined,4,ok,1,65513.346,1,6917,4331
l2-002-jp-breach,100,1,combined,4,ok,1,127340.755,3,3106,2112
l2-003-jp-transfer,100,1,combined,4,ok,1,65400.336,2,13808,5496
l2-010-us-worker,100,1,combined,4,ok,1,61040.421,2,15612,5228
l2-013-cn-transfer,100,1,combined,4,ok,1,80667.601,1,12490,6712
l2-017-de-breach,100,1,combined,4,ok,1,173076.726,2,10435,5163
l2-022-fr-breach,100,1,combined,4,ok,1,97374.45,3,14077,5192
l2-024-fr-consumer,100,1,combined,4,ok,1,56418.408,2,18608,6010
l2-026-uk-data-rights,100,1,combined,4,ok,1,178249.853,3,3671,2426
l2-029-uk-consumer,100,1,combined,4,ok,1,117833.431,2,18523,8843
l2-034-ca-consumer,100,1,combined,4,ok,1,52353.817,1,4183,2205
l2-035-ca-worker,100,1,combined,4,ok,1,118854.714,2,12496,4322
l2-036-au-data-rights,100,1,combined,4,ok,1,173602.8,3,13397,4573
l2-038-au-transfer,100,1,combined,4,ok,1,127565.946,2,19625,5758
l2-039-au-consumer,100,1,combined,4,ok,1,159081.945,3,9500,4326
l2-040-au-worker,100,1,combined,4,ok,1,71596.464,2,4635,3197
l2-045-sg-worker,100,1,combined,4,ok,1,126501.747,1,11064,4423
l2-046-vn-data-rights,100,1,combined,4,ok,1,151642.808,2,11420,5942
l2-047-vn-breach,100,1,combined,4,ok,1,123976.577,4,10564,4230
l2-051-th-data-rights,100,1,combined,4,ok,1,152658.86,1,8705,6118
l2-052-th-breach,100,1,combined,4,ok,1,70290.707,2,7599,4614
l2-053-th-transfer,100,1,combined,4,ok,1,76757.467,1,10563,7155
l2-054-th-consumer,100,1,combined,4,ok,1,165854.885,2,5633,2751
l2-055-th-worker,100,1,combined,4,ok,1,115810.935,2,9356,3416
l2-056-id-data-rights,100,1,combined,4,ok,1,112284.307,1,7751,4420
l2-057-id-breach,100,1,combined,4,ok,1,82854.858,2,6849,2599
l2-060-id-worker,100,1,combined,4,ok,1,153830.799,1,11993,6920
l2-061-my-data-rights,100,1,combined,4,ok,1,145675.525,1,12115,5226
l2-064-my-consumer,100,1,combined,4,ok,1,155606.447,4,5533,2939
l2-066-ph-data-rights,100,1,combined,4,ok,1,131220.456,1,8389,5135
l2-067-ph-breach,100,1,combined,4,ok,1,122566.573,2,22467,8201
l2-068-ph-transfer,100,1,combined,4,ok,1,119691.403,1,17208,7814
l2-070-ph-worker,100,1,combined,4,ok,1,178703.571,1,15929,7460
l2-071-in-data-rights,100,1,combined,4,ok,1,98908.999,1,18462,5881
l2-072-in-breach,100,1,combined,4,ok,1,75173.198,3,15304,4648
l2-073-in-transfer,100,1,combined,4,ok,1,163385.622,2,13023,4151
l2-081-es-data-rights,100,1,combined,4,ok,1,96812.242,2,12884,7471
l2-082-es-breach,100,1,combined,4,ok,1,70995.846,3,13299,2708
l2-083-es-transfer,100,1,combined,4,ok,1,179794.986,2,23525,9554
l2-084-es-consumer,100,1,combined,4,ok,1,90405.244,4,19285,7712
l2-085-es-worker,100,1,combined,4,ok,1,81784.769,2,21899,9822
l2-086-it-data-rights,100,1,combined,4,ok,1,9429.369,0,,
l2-087-it-breach,100,1,combined,4,ok,1,9514.643,0,,
l2-088-it-transfer,100,1,combined,4,ok,1,70529.991,0,,
l2-089-it-consumer,100,1,combined,4,ok,1,3967.39,0,,
l2-090-it-worker,100,1,combined,4,ok,1,3138.561,0,,
l2-091-nl-data-rights,100,1,combined,4,ok,1,19997.571,0,,
l2-092-nl-breach,100,1,combined,4,ok,1,9651.49,0,,
l2-096-nz-data-rights,100,1,combined,4,ok,1,122890.277,2,10443,3245
l2-100-nz-worker,100,1,combined,4,ok,1,85808.847,3,7221,4778
l3-001-jp-transfer,100,1,combined,4,ok,1,189468.427,2,8091,3479
l3-002-jp-breach,100,1,combined,4,ok,1,260551.125,3,7703,3372
l3-005-jp-worker-ai,100,1,combined,4,ok,1,118051.442,2,4404,2110
l3-007-us-breach,100,1,combined,4,ok,1,109800.365,2,10071,4196
l3-008-us-consumer,100,1,combined,4,ok,1,106855.752,4,9845,4022
l3-010-us-worker-ai,100,1,combined,4,ok,1,124656.848,2,7177,3546
l3-011-cn-transfer,100,1,combined,4,ok,1,179299.783,3,10020,6119
l3-013-cn-consumer,100,1,combined,4,ok,1,121776.027,2,16079,6858
l3-014-cn-platform,100,1,combined,4,ok,1,139615.041,2,1482,703
l3-015-cn-worker-ai,100,1,combined,4,ok,1,128813.575,2,8470,2983
l3-016-de-transfer,100,1,combined,4,ok,1,140884.634,2,12753,5244
l3-018-de-consumer,100,1,combined,4,ok,1,147946.173,4,10007,4403
l3-019-de-platform,100,1,combined,4,ok,1,121053.955,5,15399,8337
l3-020-de-worker-ai,100,1,combined,4,ok,1,132800.861,2,13820,5314
l3-023-fr-consumer,100,1,combined,4,ok,1,203110.643,2,18723,6787
l3-025-fr-worker-ai,100,1,combined,4,ok,1,130946.542,3,14308,7805
l3-026-uk-transfer,100,1,combined,4,ok,1,115280.319,3,13411,2976
l3-028-uk-consumer,100,1,combined,4,ok,1,148487.88,1,10576,5094
l3-030-uk-worker-ai,100,1,combined,4,ok,1,153188.044,3,14915,4575
l3-032-ca-breach,100,1,combined,4,ok,1,179760.947,2,8210,3522
l3-033-ca-consumer,100,1,combined,4,ok,1,114814.753,2,3365,1653
l3-037-au-breach,100,1,combined,4,ok,1,136283.061,2,4758,2226
l3-039-au-platform,100,1,combined,4,ok,1,146184.111,2,22450,9632
l3-041-sg-transfer,100,1,combined,4,ok,1,156491.539,2,11888,6448
l3-043-sg-consumer,100,1,combined,4,ok,1,131063.121,2,4226,2147
l3-045-sg-worker-ai,100,1,combined,4,ok,1,4498.459,0,,
l3-046-vn-transfer,100,1,combined,4,ok,1,157567.794,3,10573,7155
l3-047-vn-breach,100,1,combined,4,ok,1,109439.186,3,11753,6663
l3-053-th-consumer,100,1,combined,4,ok,1,175095.93,2,11856,4671
l3-054-th-platform,100,1,combined,4,ok,1,30761.344,0,,
l3-056-id-transfer,100,1,combined,4,ok,1,137233.212,2,10714,5022
l3-057-id-breach,100,1,combined,4,ok,1,127292.813,3,19468,8237
l3-058-id-consumer,100,1,combined,4,ok,1,133215.666,2,19316,6975
l3-059-id-platform,100,1,combined,4,ok,1,9827.667,0,,
l3-062-my-breach,100,1,combined,4,ok,1,127755.607,0,10552,5393
l3-063-my-consumer,100,1,combined,4,ok,1,25186.706,0,,
l3-065-my-worker-ai,100,1,combined,4,ok,1,149160.341,2,20737,5521
l3-066-ph-transfer,100,1,combined,4,ok,1,204250.272,2,11631,3197
l3-067-ph-breach,100,1,combined,4,ok,1,129535.374,2,13048,5349
l3-072-in-breach,100,1,combined,4,ok,1,13520.349,0,,
l3-073-in-consumer,100,1,combined,4,ok,1,104721.902,3,4404,2535
l3-075-in-worker-ai,100,1,combined,4,ok,1,106155.392,2,14921,4575
l3-078-br-consumer,100,1,combined,4,ok,1,164352.217,1,6798,3460
l3-079-br-platform,100,1,combined,4,ok,1,91527.574,2,18698,6718
l3-081-es-transfer,100,1,combined,4,ok,1,47837.815,0,,
l3-082-es-breach,100,1,combined,4,ok,1,155586.012,2,25088,10350
l3-088-it-consumer,100,1,combined,4,ok,1,9955.86,0,,
l3-092-nl-breach,100,1,combined,4,ok,1,11410.676,0,,
l3-098-nz-consumer,100,1,combined,4,ok,1,138985.783,3,7923,2982
l3-100-nz-worker-ai,100,1,combined,4,ok,1,164398.757,2,18428,9322
l4-001-jp-digital-platform,100,1,combined,4,ok,1,194462.312,3,14119,7100
l4-004-jp-fintech,100,1,combined,4,ok,1,136612.944,5,5369,3439
l4-008-us-online-sales,100,1,combined,4,ok,1,157662.366,3,9843,4759
l4-009-us-fintech,100,1,combined,4,ok,1,148732.757,6,12266,4474
l4-012-cn-automated-hiring,100,1,combined,4,ok,1,207423.042,5,7839,5213
l4-015-cn-manufacturer,100,1,combined,4,ok,1,156379.486,6,4731,3238
l4-016-de-digital-platform,100,1,combined,4,ok,1,167166.181,3,17609,3249
l4-020-de-manufacturer,100,1,combined,4,ok,1,105230.436,5,5343,2579
l4-021-fr-digital-platform,100,1,combined,4,ok,1,128682.72,2,21547,8921
l4-022-fr-automated-hiring,100,1,combined,4,ok,1,165194.758,3,22819,6973
l4-023-fr-online-sales,100,1,combined,4,ok,1,146311.762,5,,
l4-024-fr-fintech,100,1,combined,4,ok,1,133844.982,1,20890,7223
l4-027-uk-automated-hiring,100,1,combined,4,ok,1,201927.749,2,7727,4346
l4-029-uk-fintech,100,1,combined,4,ok,1,153300.414,3,6141,2202
l4-032-ca-automated-hiring,100,1,combined,4,ok,1,155752.958,5,15596,6459
l4-034-ca-fintech,100,1,combined,4,ok,1,130769.185,2,4179,1468
l4-036-au-digital-platform,100,1,combined,4,ok,1,152182.558,3,16796,5267
l4-038-au-online-sales,100,1,combined,4,ok,1,132536.594,1,9684,4649
l4-039-au-fintech,100,1,combined,4,ok,1,151272.402,3,15470,4977
l4-040-au-manufacturer,100,1,combined,4,ok,1,187960.861,4,8199,4113
l4-044-sg-fintech,100,1,combined,4,ok,1,152443.57,4,26457,9148
l4-045-sg-manufacturer,100,1,combined,4,ok,1,150978.283,3,2864,1827
l4-051-th-digital-platform,100,1,combined,4,ok,1,138466.833,1,11176,7301
l4-054-th-fintech,100,1,combined,4,ok,1,135677.186,3,3924,2666
l4-055-th-manufacturer,100,1,combined,4,ok,1,114681.785,6,6138,3446
l4-058-id-online-sales,100,1,combined,4,ok,1,173462.704,3,8321,4835
l4-059-id-fintech,100,1,combined,4,ok,1,198816.356,4,18233,7305
l4-063-my-online-sales,100,1,combined,4,ok,1,151595.732,3,5223,3468
l4-065-my-manufacturer,100,1,combined,4,ok,1,144177.595,2,4845,3022
l4-067-ph-automated-hiring,100,1,combined,4,ok,1,160814.896,3,5508,3273
l4-069-ph-fintech,100,1,combined,4,ok,1,172205.039,3,8262,4289
l4-070-ph-manufacturer,100,1,combined,4,ok,1,147109.994,8,8293,5373
l4-071-in-digital-platform,100,1,combined,4,ok,1,180631.513,2,22516,10524
l4-072-in-automated-hiring,100,1,combined,4,ok,1,205917.407,5,10554,3888
l4-075-in-manufacturer,100,1,combined,4,ok,1,103409.386,2,4666,2731
l4-080-br-manufacturer,100,1,combined,4,ok,1,119519.03,5,6429,4302
l4-081-es-digital-platform,100,1,combined,4,ok,1,154381.081,2,12843,6199
l4-082-es-automated-hiring,100,1,combined,4,ok,1,201616.801,1,16787,8585
l4-083-es-online-sales,100,1,combined,4,ok,1,197496.759,3,14189,7133
l4-088-it-online-sales,100,1,combined,4,ok,1,9370.101,0,,
l4-089-it-fintech,100,1,combined,4,ok,1,13834.055,0,,
l4-090-it-manufacturer,100,1,combined,4,ok,1,9450.419,0,,
l4-092-nl-automated-hiring,100,1,combined,4,ok,1,9200.505,0,,
l4-093-nl-online-sales,100,1,combined,4,ok,1,33185.717,0,,
l4-094-nl-fintech,100,1,combined,4,ok,1,8962.234,0,,
l4-095-nl-manufacturer,100,1,combined,4,ok,1,20720.134,0,,
l4-096-nz-digital-platform,100,1,combined,4,ok,1,125642.512,3,5786,3435
l4-097-nz-automated-hiring,100,1,combined,4,ok,1,159453.282,4,7518,4178
l4-099-nz-fintech,100,1,combined,4,ok,1,155482.151,2,18660,3462
l4-100-nz-manufacturer,100,1,combined,4,ok,1,189804.75,3,11538,7956
l1-001-jp,100,1,direct,2,ok,1,138583.591,4,7288,7288
l1-002-jp,100,1,direct,2,ok,1,172120.268,0,,
l1-003-jp,100,1,direct,2,ok,1,145139.973,1,9238,9238
l1-005-jp,100,1,direct,2,ok,1,140506.955,4,2426,2426
l1-010-us,100,1,direct,2,ok,1,75017.398,2,14100,14100
l1-012-cn,100,1,direct,2,ok,1,265629.376,2,6783,6783
l1-013-cn,100,1,direct,2,ok,1,248499.526,1,6991,6991
l1-018-de,100,1,direct,2,ok,1,276027.936,2,9933,9933
l1-019-de,100,1,direct,2,ok,1,157327.308,1,23400,23400
l1-023-fr,100,1,direct,2,ok,1,281189.151,1,26211,26211
l1-024-fr,100,1,direct,2,ok,1,236689.067,3,17877,17877
l1-025-fr,100,1,direct,2,ok,1,254533.813,4,13199,13199
l1-027-uk,100,1,direct,2,ok,1,225157.448,2,6148,6148
l1-031-ca,100,1,direct,2,ok,1,150439.281,4,9753,9753
l1-032-ca,100,1,direct,2,ok,1,118229.166,1,2328,2328
l1-033-ca,100,1,direct,2,ok,1,254234.817,3,7197,7197
l1-035-ca,100,1,direct,2,ok,1,274405.142,1,9148,9148
l1-036-au,100,1,direct,2,ok,1,132439.844,5,23747,23747
l1-037-au,100,1,direct,2,ok,1,246134.097,2,6135,6135
l1-038-au,100,1,direct,2,ok,1,215094.233,5,27052,27052
l1-039-au,100,1,direct,2,ok,1,147709.889,1,10110,10110
l1-040-au,100,1,direct,2,ok,1,224105.62,3,24374,24374
l1-041-sg,100,1,direct,2,ok,1,160119.879,1,22558,22558
l1-042-sg,100,1,direct,2,ok,1,234047.759,2,16026,16026
l1-044-sg,100,1,direct,2,ok,1,164695.538,3,10069,10069
l1-046-vn,100,1,direct,2,ok,1,142966.174,0,789,789
l1-049-vn,100,1,direct,2,ok,1,141811.127,2,19841,19841
l1-050-vn,100,1,direct,2,ok,1,153080.626,4,11069,11069
l1-051-th,100,1,direct,2,ok,1,145454.975,1,7247,7247
l1-052-th,100,1,direct,2,ok,1,168059.957,1,9447,9447
l1-053-th,100,1,direct,2,ok,1,260552.047,1,12821,12821
l1-054-th,100,1,direct,2,ok,1,212851.568,2,11230,11230
l1-055-th,100,1,direct,2,ok,1,170002.509,2,8940,8940
l1-059-id,100,1,direct,2,ok,1,129915.083,0,11312,11312
l1-060-id,100,1,direct,2,ok,1,147719.878,3,4549,4549
l1-062-my,100,1,direct,2,ok,1,220987.75,1,12785,12785
l1-065-my,100,1,direct,2,ok,1,243225.201,3,8238,8238
l1-068-ph,100,1,direct,2,ok,1,271410.346,1,17211,17211
l1-070-ph,100,1,direct,2,ok,1,150119.779,0,21636,21636
l1-075-in,100,1,direct,2,ok,1,136724.034,1,14522,14522
l1-078-br,100,1,direct,2,ok,1,160676.026,1,3690,3690
l1-081-es,100,1,direct,2,ok,1,151077.175,3,19919,19919
l1-082-es,100,1,direct,2,ok,1,269614.437,5,12552,12552
l1-085-es,100,1,direct,2,ok,1,155976.151,1,6458,6458
l1-091-nl,100,1,direct,2,ok,1,132152.467,0,,
l1-092-nl,100,1,direct,2,ok,1,145165.906,0,,
l1-094-nl,100,1,direct,2,ok,1,200845.783,0,,
l1-095-nl,100,1,direct,2,ok,1,132149.107,0,,
l1-097-nz,100,1,direct,2,ok,1,246736.749,3,11822,11822
l1-098-nz,100,1,direct,2,ok,1,272506.586,1,9519,9519
l2-001-jp-data-rights,100,1,direct,2,ok,1,92589.358,1,6424,6424
l2-002-jp-breach,100,1,direct,2,ok,1,224123.6,1,3885,3885
l2-003-jp-transfer,100,1,direct,2,ok,1,90239.954,2,13808,13808
l2-010-us-worker,100,1,direct,2,ok,1,116983.554,4,15612,15612
l2-013-cn-transfer,100,1,direct,2,ok,1,160880.937,1,12490,12490
l2-017-de-breach,100,1,direct,2,ok,1,233615.028,1,8722,8722
l2-022-fr-breach,100,1,direct,2,ok,1,106924.013,2,13589,13589
l2-024-fr-consumer,100,1,direct,2,ok,1,109161.328,3,18608,18608
l2-026-uk-data-rights,100,1,direct,2,ok,1,237340.964,3,3669,3669
l2-029-uk-consumer,100,1,direct,2,ok,1,108157.261,2,18523,18523
l2-034-ca-consumer,100,1,direct,2,ok,1,104900.58,1,4183,4183
l2-035-ca-worker,100,1,direct,2,ok,1,176910.758,2,12496,12496
l2-036-au-data-rights,100,1,direct,2,ok,1,164102.602,0,,
l2-038-au-transfer,100,1,direct,2,ok,1,241036.452,2,19625,19625
l2-039-au-consumer,100,1,direct,2,ok,1,216785.745,3,9500,9500
l2-040-au-worker,100,1,direct,2,ok,1,86998.001,2,4057,4057
l2-045-sg-worker,100,1,direct,2,ok,1,178775.755,1,11064,11064
l2-046-vn-data-rights,100,1,direct,2,ok,1,243471.337,2,11420,11420
l2-047-vn-breach,100,1,direct,2,ok,1,191481.416,5,11519,11519
l2-051-th-data-rights,100,1,direct,2,ok,1,295999.517,1,8705,8705
l2-052-th-breach,100,1,direct,2,ok,1,56570.788,2,7595,7595
l2-053-th-transfer,100,1,direct,2,ok,1,98317.031,1,10563,10563
l2-054-th-consumer,100,1,direct,2,ok,1,211879.489,2,5633,5633
l2-055-th-worker,100,1,direct,2,ok,1,171945.726,4,9356,9356
l2-056-id-data-rights,100,1,direct,2,ok,1,229498.117,3,7751,7751
l2-057-id-breach,100,1,direct,2,ok,1,110700.591,2,6847,6847
l2-060-id-worker,100,1,direct,2,ok,1,223650.221,1,11993,11993
l2-061-my-data-rights,100,1,direct,2,ok,1,223802.971,1,12630,12630
l2-064-my-consumer,100,1,direct,2,ok,1,212323.385,5,5533,5533
l2-066-ph-data-rights,100,1,direct,2,ok,1,223823.212,1,8395,8395
l2-067-ph-breach,100,1,direct,2,ok,1,201807.764,2,22463,22463
l2-068-ph-transfer,100,1,direct,2,ok,1,194399.351,1,17208,17208
l2-070-ph-worker,100,1,direct,2,ok,1,227314.853,1,15929,15929
l2-071-in-data-rights,100,1,direct,2,ok,1,164162.28,1,18462,18462
l2-072-in-breach,100,1,direct,2,ok,1,96717.066,2,14532,14532
l2-073-in-transfer,100,1,direct,2,ok,1,181456.862,2,13023,13023
l2-081-es-data-rights,100,1,direct,2,ok,1,64842.159,2,12890,12890
l2-082-es-breach,100,1,direct,2,ok,1,98863.715,3,13299,13299
l2-083-es-transfer,100,1,direct,2,ok,1,181913.634,0,,
l2-084-es-consumer,100,1,direct,2,ok,1,99221.61,4,19285,19285
l2-085-es-worker,100,1,direct,2,ok,1,105577.94,2,,
l2-086-it-data-rights,100,1,direct,2,ok,1,7792.731,0,,
l2-087-it-breach,100,1,direct,2,ok,1,7511.172,0,,
l2-088-it-transfer,100,1,direct,2,ok,1,114159.489,0,,
l2-089-it-consumer,100,1,direct,2,ok,1,3643.101,0,,
l2-090-it-worker,100,1,direct,2,ok,1,3918.324,0,,
l2-091-nl-data-rights,100,1,direct,2,ok,1,75473.026,0,,
l2-092-nl-breach,100,1,direct,2,ok,1,7292.946,0,,
l2-096-nz-data-rights,100,1,direct,2,ok,1,121302.666,3,10443,10443
l2-100-nz-worker,100,1,direct,2,ok,1,94032.874,3,7221,7221
l3-001-jp-transfer,100,1,direct,2,ok,1,178940.711,0,19783,19783
l3-002-jp-breach,100,1,direct,2,ok,1,149622.405,2,12907,12907
l3-005-jp-worker-ai,100,1,direct,2,ok,1,218488.843,3,4392,4392
l3-007-us-breach,100,1,direct,2,ok,1,156023.156,3,16649,16649
l3-008-us-consumer,100,1,direct,2,ok,1,115121.172,3,9843,9843
l3-010-us-worker-ai,100,1,direct,2,ok,1,141451.936,1,7175,7175
l3-011-cn-transfer,100,1,direct,2,ok,1,241936.586,0,12757,12757
l3-013-cn-consumer,100,1,direct,2,ok,1,194065.055,1,16079,16079
l3-014-cn-platform,100,1,direct,2,ok,1,196736.083,1,1482,1482
l3-015-cn-worker-ai,100,1,direct,2,ok,1,127624.831,0,8476,8476
l3-016-de-transfer,100,1,direct,2,ok,1,127874.791,0,12757,12757
l3-018-de-consumer,100,1,direct,2,ok,1,264081.299,6,10007,10007
l3-019-de-platform,100,1,direct,2,ok,1,140056.217,5,12938,12938
l3-020-de-worker-ai,100,1,direct,2,ok,1,128020.058,0,8368,8368
l3-023-fr-consumer,100,1,direct,2,ok,1,188968.18,2,18719,18719
l3-025-fr-worker-ai,100,1,direct,2,ok,1,174236.586,0,22180,22180
l3-026-uk-transfer,100,1,direct,2,ok,1,127789.019,0,13742,13742
l3-028-uk-consumer,100,1,direct,2,ok,1,125605.202,0,7451,7451
l3-030-uk-worker-ai,100,1,direct,2,ok,1,125263.77,0,14917,14917
l3-032-ca-breach,100,1,direct,2,ok,1,125562.636,0,10719,10719
l3-033-ca-consumer,100,1,direct,2,ok,1,107864.601,2,3365,3365
l3-037-au-breach,100,1,direct,2,ok,1,227455.377,2,15003,15003
l3-039-au-platform,100,1,direct,2,ok,1,128834.127,0,22450,22450
l3-041-sg-transfer,100,1,direct,2,ok,1,166089.441,0,27085,27085
l3-043-sg-consumer,100,1,direct,2,ok,1,166129.851,0,4226,4226
l3-045-sg-worker-ai,100,1,direct,2,ok,1,4304.301,0,,
l3-046-vn-transfer,100,1,direct,2,ok,1,127733.236,0,9992,9992
l3-047-vn-breach,100,1,direct,2,ok,1,121621.886,2,10727,10727
l3-053-th-consumer,100,1,direct,2,ok,1,246680.113,2,11856,11856
l3-054-th-platform,100,1,direct,2,ok,1,81959.261,0,,
l3-056-id-transfer,100,1,direct,2,ok,1,169456.192,0,12628,12628
l3-057-id-breach,100,1,direct,2,ok,1,128819.524,0,19466,19466
l3-058-id-consumer,100,1,direct,2,ok,1,144257.918,0,19316,19316
l3-059-id-platform,100,1,direct,2,ok,1,8170.084,0,,
l3-062-my-breach,100,1,direct,2,ok,1,125810.557,0,10558,10558
l3-063-my-consumer,100,1,direct,2,ok,1,121581.371,0,,
l3-065-my-worker-ai,100,1,direct,2,ok,1,172235.122,0,27006,27006
l3-066-ph-transfer,100,1,direct,2,ok,1,218975.445,0,14317,14317
l3-067-ph-breach,100,1,direct,2,ok,1,161150.216,1,25082,25082
l3-072-in-breach,100,1,direct,2,ok,1,21426.803,0,,
l3-073-in-consumer,100,1,direct,2,ok,1,126709.085,3,7923,7923
l3-075-in-worker-ai,100,1,direct,2,ok,1,127774.244,0,14917,14917
l3-078-br-consumer,100,1,direct,2,ok,1,160324.294,1,6798,6798
l3-079-br-platform,100,1,direct,2,ok,1,160892.471,1,1482,1482
l3-081-es-transfer,100,1,direct,2,ok,1,100414.115,0,,
l3-082-es-breach,100,1,direct,2,ok,1,220424.712,2,24257,24257
l3-088-it-consumer,100,1,direct,2,ok,1,7427.395,0,,
l3-092-nl-breach,100,1,direct,2,ok,1,8069.619,0,,
l3-098-nz-consumer,100,1,direct,2,ok,1,210471.892,3,7923,7923
l3-100-nz-worker-ai,100,1,direct,2,ok,1,127998.413,0,19028,19028
l4-001-jp-digital-platform,100,1,direct,2,ok,1,244545.073,0,14117,14117
l4-004-jp-fintech,100,1,direct,2,ok,1,103727.016,3,4126,4126
l4-008-us-online-sales,100,1,direct,2,ok,1,277910.228,2,9845,9845
l4-009-us-fintech,100,1,direct,2,ok,1,268570.454,6,12266,12266
l4-012-cn-automated-hiring,100,1,direct,2,ok,1,247098.584,0,8376,8376
l4-015-cn-manufacturer,100,1,direct,2,ok,1,274112.616,6,4731,4731
l4-016-de-digital-platform,100,1,direct,2,ok,1,189692.07,3,17609,17609
l4-020-de-manufacturer,100,1,direct,2,ok,1,222258.168,2,9282,9282
l4-021-fr-digital-platform,100,1,direct,2,ok,1,164562.328,2,,
l4-022-fr-automated-hiring,100,1,direct,2,ok,1,246340.284,0,27102,27102
l4-023-fr-online-sales,100,1,direct,2,ok,1,236368.888,5,19363,19363
l4-024-fr-fintech,100,1,direct,2,ok,1,218008.557,2,23838,23838
l4-027-uk-automated-hiring,100,1,direct,2,ok,1,247603.109,0,7731,7731
l4-029-uk-fintech,100,1,direct,2,ok,1,241535.778,3,6139,6139
l4-032-ca-automated-hiring,100,1,direct,2,ok,1,245949.278,4,15592,15592
l4-034-ca-fintech,100,1,direct,2,ok,1,237658.553,1,4181,4181
l4-036-au-digital-platform,100,1,direct,2,ok,1,273451.639,3,16258,16258
l4-038-au-online-sales,100,1,direct,2,ok,1,112902.73,1,9686,9686
l4-039-au-fintech,100,1,direct,2,ok,1,224300.686,2,15474,15474
l4-040-au-manufacturer,100,1,direct,2,ok,1,231914.252,1,8201,8201
l4-044-sg-fintech,100,1,direct,2,ok,1,246350.896,0,24359,24359
l4-045-sg-manufacturer,100,1,direct,2,ok,1,209505.973,3,2864,2864
l4-051-th-digital-platform,100,1,direct,2,ok,1,237336.618,1,11182,11182
l4-054-th-fintech,100,1,direct,2,ok,1,255666.584,3,3928,3928
l4-055-th-manufacturer,100,1,direct,2,ok,1,104609.395,3,2907,2907
l4-058-id-online-sales,100,1,direct,2,ok,1,204269.614,3,7197,7197
l4-059-id-fintech,100,1,direct,2,ok,1,228492.708,1,17321,17321
l4-063-my-online-sales,100,1,direct,2,ok,1,215472.921,1,5223,5223
l4-065-my-manufacturer,100,1,direct,2,ok,1,232732.351,3,3703,3703
l4-067-ph-automated-hiring,100,1,direct,2,ok,1,243769.128,3,5510,5510
l4-069-ph-fintech,100,1,direct,2,ok,1,208709.308,4,8266,8266
l4-070-ph-manufacturer,100,1,direct,2,ok,1,172561.837,8,8295,8295
l4-071-in-digital-platform,100,1,direct,2,ok,1,246424.144,2,22506,22506
l4-072-in-automated-hiring,100,1,direct,2,ok,1,248140.402,0,10554,10554
l4-075-in-manufacturer,100,1,direct,2,ok,1,211281.82,1,4668,4668
l4-080-br-manufacturer,100,1,direct,2,ok,1,223603.557,2,6429,6429
l4-081-es-digital-platform,100,1,direct,2,ok,1,228146.343,2,12843,12843
l4-082-es-automated-hiring,100,1,direct,2,ok,1,256383.554,1,15198,15198
l4-083-es-online-sales,100,1,direct,2,ok,1,301512.107,2,15176,15176
l4-088-it-online-sales,100,1,direct,2,ok,1,7326.645,0,,
l4-089-it-fintech,100,1,direct,2,ok,1,23141.476,0,,
l4-090-it-manufacturer,100,1,direct,2,ok,1,7430.589,0,,
l4-092-nl-automated-hiring,100,1,direct,2,ok,1,7386.313,0,,
l4-093-nl-online-sales,100,1,direct,2,ok,1,81927.47,0,,
l4-094-nl-fintech,100,1,direct,2,ok,1,7250.911,0,,
l4-095-nl-manufacturer,100,1,direct,2,ok,1,79287.06,0,,
l4-096-nz-digital-platform,100,1,direct,2,ok,1,194542.185,3,5786,5786
l4-097-nz-automated-hiring,100,1,direct,2,ok,1,247298.376,0,7518,7518
l4-099-nz-fintech,100,1,direct,2,ok,1,235919.441,1,18660,18660
l4-100-nz-manufacturer,100,1,direct,2,ok,1,238635.214,2,2821,2821
l1-001-jp,100,1,original,1,ok,1,164173.154,5,7288,7288
l1-002-jp,100,1,original,1,ok,1,199961.667,2,10180,10180
l1-003-jp,100,1,original,1,ok,1,166344.432,1,9238,9238
l1-005-jp,100,1,original,1,ok,1,163002.237,4,2426,2426
l1-010-us,100,1,original,1,ok,1,83673.63,2,14100,14100
l1-012-cn,100,1,original,1,ok,1,238277.706,2,6783,6783
l1-013-cn,100,1,original,1,ok,1,244688.366,1,6991,6991
l1-018-de,100,1,original,1,ok,1,238704.024,2,9933,9933
l1-019-de,100,1,original,1,ok,1,81769.501,1,23400,23400
l1-023-fr,100,1,original,1,ok,1,251198.199,1,26211,26211
l1-024-fr,100,1,original,1,ok,1,220454.837,3,17877,17877
l1-025-fr,100,1,original,1,ok,1,242211.101,4,13199,13199
l1-027-uk,100,1,original,1,ok,1,214405.847,2,6148,6148
l1-031-ca,100,1,original,1,ok,1,172302.274,4,9753,9753
l1-032-ca,100,1,original,1,ok,1,174758.064,1,2328,2328
l1-033-ca,100,1,original,1,ok,1,248520.184,3,7197,7197
l1-035-ca,100,1,original,1,ok,1,237769.428,1,9148,9148
l1-036-au,100,1,original,1,ok,1,168409.598,5,23747,23747
l1-037-au,100,1,original,1,ok,1,240547.429,2,6135,6135
l1-038-au,100,1,original,1,ok,1,207048.776,5,27052,27052
l1-039-au,100,1,original,1,ok,1,170002.846,1,10110,10110
l1-040-au,100,1,original,1,ok,1,212273.472,3,24374,24374
l1-041-sg,100,1,original,1,ok,1,132015.455,0,22558,22558
l1-042-sg,100,1,original,1,ok,1,218186.356,2,18165,18165
l1-044-sg,100,1,original,1,ok,1,178360.046,3,10069,10069
l1-046-vn,100,1,original,1,ok,1,146075.422,0,789,789
l1-049-vn,100,1,original,1,ok,1,164476.862,2,19841,19841
l1-050-vn,100,1,original,1,ok,1,179987.47,4,11069,11069
l1-051-th,100,1,original,1,ok,1,167306.794,1,7247,7247
l1-052-th,100,1,original,1,ok,1,170168.325,1,9447,9447
l1-053-th,100,1,original,1,ok,1,247347.411,1,12821,12821
l1-054-th,100,1,original,1,ok,1,200542.488,2,11230,11230
l1-055-th,100,1,original,1,ok,1,159203.473,2,8940,8940
l1-059-id,100,1,original,1,ok,1,129218.439,0,11312,11312
l1-060-id,100,1,original,1,ok,1,169225.75,3,4549,4549
l1-062-my,100,1,original,1,ok,1,160005.079,1,12785,12785
l1-065-my,100,1,original,1,ok,1,234973.834,3,8238,8238
l1-068-ph,100,1,original,1,ok,1,168255.17,0,,
l1-070-ph,100,1,original,1,ok,1,138785.557,0,21636,21636
l1-075-in,100,1,original,1,ok,1,160279.712,1,14522,14522
l1-078-br,100,1,original,1,ok,1,172852.518,1,3690,3690
l1-081-es,100,1,original,1,ok,1,131343.492,0,19919,19919
l1-082-es,100,1,original,1,ok,1,236905.025,5,12552,12552
l1-085-es,100,1,original,1,ok,1,171608.914,1,6458,6458
l1-091-nl,100,1,original,1,ok,1,29107.639,0,,
l1-092-nl,100,1,original,1,ok,1,146134.864,0,,
l1-094-nl,100,1,original,1,ok,1,112952.399,0,,
l1-095-nl,100,1,original,1,ok,1,34507.609,0,,
l1-097-nz,100,1,original,1,ok,1,238292.26,3,11822,11822
l1-098-nz,100,1,original,1,ok,1,235431.89,1,9519,9519
l2-001-jp-data-rights,100,1,original,1,ok,1,130745.891,1,6424,6424
l2-002-jp-breach,100,1,original,1,ok,1,243266.707,0,3106,3106
l2-003-jp-transfer,100,1,original,1,ok,1,119790.41,2,13808,13808
l2-010-us-worker,100,1,original,1,ok,1,111894.619,2,15612,15612
l2-013-cn-transfer,100,1,original,1,ok,1,141642.298,1,12490,12490
l2-017-de-breach,100,1,original,1,ok,1,237003.349,1,10433,10433
l2-022-fr-breach,100,1,original,1,ok,1,136835.291,2,14061,14061
l2-024-fr-consumer,100,1,original,1,ok,1,140338.308,3,18608,18608
l2-026-uk-data-rights,100,1,original,1,ok,1,165955.328,0,,
l2-029-uk-consumer,100,1,original,1,ok,1,144571.358,2,18523,18523
l2-034-ca-consumer,100,1,original,1,ok,1,135266.475,1,4183,4183
l2-035-ca-worker,100,1,original,1,ok,1,199785.146,2,12496,12496
l2-036-au-data-rights,100,1,original,1,ok,1,172374.722,0,,
l2-038-au-transfer,100,1,original,1,ok,1,239778.889,2,19625,19625
l2-039-au-consumer,100,1,original,1,ok,1,240572.788,3,9500,9500
l2-040-au-worker,100,1,original,1,ok,1,112309.495,2,4057,4057
l2-045-sg-worker,100,1,original,1,ok,1,200673.887,1,11064,11064
l2-046-vn-data-rights,100,1,original,1,ok,1,236557.395,2,11418,11418
l2-047-vn-breach,100,1,original,1,ok,1,224167.963,5,11515,11515
l2-051-th-data-rights,100,1,original,1,ok,1,274954.082,1,9181,9181
l2-052-th-breach,100,1,original,1,ok,1,76348.65,2,7597,7597
l2-053-th-transfer,100,1,original,1,ok,1,121164.525,1,10563,10563
l2-054-th-consumer,100,1,original,1,ok,1,215855.381,2,5633,5633
l2-055-th-worker,100,1,original,1,ok,1,200700.579,4,9356,9356
l2-056-id-data-rights,100,1,original,1,ok,1,180149.137,1,7438,7438
l2-057-id-breach,100,1,original,1,ok,1,166864.258,2,6847,6847
l2-060-id-worker,100,1,original,1,ok,1,219996.827,1,11993,11993
l2-061-my-data-rights,100,1,original,1,ok,1,264750.074,1,14020,14020
l2-064-my-consumer,100,1,original,1,ok,1,221427.946,4,5533,5533
l2-066-ph-data-rights,100,1,original,1,ok,1,232069.356,1,8395,8395
l2-067-ph-breach,100,1,original,1,ok,1,199664.911,2,22469,22469
l2-068-ph-transfer,100,1,original,1,ok,1,205817.28,1,17208,17208
l2-070-ph-worker,100,1,original,1,ok,1,208975.896,1,15929,15929
l2-071-in-data-rights,100,1,original,1,ok,1,138380.635,1,17128,17128
l2-072-in-breach,100,1,original,1,ok,1,123123.577,2,14524,14524
l2-073-in-transfer,100,1,original,1,ok,1,185154.255,2,13023,13023
l2-081-es-data-rights,100,1,original,1,ok,1,146289.727,2,12888,12888
l2-082-es-breach,100,1,original,1,ok,1,127158.433,3,13297,13297
l2-083-es-transfer,100,1,original,1,ok,1,242807.18,0,23525,23525
l2-084-es-consumer,100,1,original,1,ok,1,82221.702,4,19285,19285
l2-085-es-worker,100,1,original,1,ok,1,134097.021,2,15423,15423
l2-086-it-data-rights,100,1,original,1,ok,1,7196.565,0,,
l2-087-it-breach,100,1,original,1,ok,1,7338.622,0,,
l2-088-it-transfer,100,1,original,1,ok,1,119202.702,0,,
l2-089-it-consumer,100,1,original,1,ok,1,3573.048,0,,
l2-090-it-worker,100,1,original,1,ok,1,3556.377,0,,
l2-091-nl-data-rights,100,1,original,1,ok,1,83511.438,0,,
l2-092-nl-breach,100,1,original,1,ok,1,7104.471,0,,
l2-096-nz-data-rights,100,1,original,1,ok,1,139722.551,3,10443,10443
l2-100-nz-worker,100,1,original,1,ok,1,126922.788,3,7221,7221
l3-001-jp-transfer,100,1,original,1,ok,1,179233.275,0,7197,7197
l3-002-jp-breach,100,1,original,1,ok,1,228831.907,4,12716,12716
l3-005-jp-worker-ai,100,1,original,1,ok,1,205560.069,0,4392,4392
l3-007-us-breach,100,1,original,1,ok,1,173036.44,3,16649,16649
l3-008-us-consumer,100,1,original,1,ok,1,146972.051,3,9845,9845
l3-010-us-worker-ai,100,1,original,1,ok,1,127514.081,0,7175,7175
l3-011-cn-transfer,100,1,original,1,ok,1,122204.561,0,12755,12755
l3-013-cn-consumer,100,1,original,1,ok,1,177624.111,0,3970,3970
l3-014-cn-platform,100,1,original,1,ok,1,196842.351,1,1482,1482
l3-015-cn-worker-ai,100,1,original,1,ok,1,128238.568,0,8476,8476
l3-016-de-transfer,100,1,original,1,ok,1,127548.586,0,12755,12755
l3-018-de-consumer,100,1,original,1,ok,1,266265.317,6,10007,10007
l3-019-de-platform,100,1,original,1,ok,1,150750.569,2,15399,15399
l3-020-de-worker-ai,100,1,original,1,ok,1,127949.722,0,8368,8368
l3-023-fr-consumer,100,1,original,1,ok,1,190727.397,2,18723,18723
l3-025-fr-worker-ai,100,1,original,1,ok,1,176480.754,0,22180,22180
l3-026-uk-transfer,100,1,original,1,ok,1,128197.614,0,13411,13411
l3-028-uk-consumer,100,1,original,1,ok,1,124558.884,0,7451,7451
l3-030-uk-worker-ai,100,1,original,1,ok,1,124420.083,0,4292,4292
l3-032-ca-breach,100,1,original,1,ok,1,125037.542,0,10725,10725
l3-033-ca-consumer,100,1,original,1,ok,1,153377.642,1,3365,3365
l3-037-au-breach,100,1,original,1,ok,1,219451.493,1,5404,5404
l3-039-au-platform,100,1,original,1,ok,1,128639.04,0,14860,14860
l3-041-sg-transfer,100,1,original,1,ok,1,166808.321,0,20275,20275
l3-043-sg-consumer,100,1,original,1,ok,1,169442.518,0,4226,4226
l3-045-sg-worker-ai,100,1,original,1,ok,1,3999.972,0,,
l3-046-vn-transfer,100,1,original,1,ok,1,127573.34,0,9990,9990
l3-047-vn-breach,100,1,original,1,ok,1,127813.815,0,10723,10723
l3-053-th-consumer,100,1,original,1,ok,1,266512.544,2,11856,11856
l3-054-th-platform,100,1,original,1,ok,1,92496.16,0,,
l3-056-id-transfer,100,1,original,1,ok,1,171631.031,0,10146,10146
l3-057-id-breach,100,1,original,1,ok,1,128356.946,0,18915,18915
l3-058-id-consumer,100,1,original,1,ok,1,167450.696,0,19316,19316
l3-059-id-platform,100,1,original,1,ok,1,7366.362,0,,
l3-062-my-breach,100,1,original,1,ok,1,125487.749,0,10556,10556
l3-063-my-consumer,100,1,original,1,ok,1,20039.025,0,,
l3-065-my-worker-ai,100,1,original,1,ok,1,165482.609,0,27006,27006
l3-066-ph-transfer,100,1,original,1,ok,1,214827.662,0,15398,15398
l3-067-ph-breach,100,1,original,1,ok,1,127706.779,0,25080,25080
l3-072-in-breach,100,1,original,1,ok,1,45187.82,0,,
l3-073-in-consumer,100,1,original,1,ok,1,163950.742,3,4404,4404
l3-075-in-worker-ai,100,1,original,1,ok,1,127558.204,0,8368,8368
l3-078-br-consumer,100,1,original,1,ok,1,161610.957,1,6798,6798
l3-079-br-platform,100,1,original,1,ok,1,153128.23,1,1482,1482
l3-081-es-transfer,100,1,original,1,ok,1,95164.201,0,,
l3-082-es-breach,100,1,original,1,ok,1,213312.198,1,24152,24152
l3-088-it-consumer,100,1,original,1,ok,1,8003.409,0,,
l3-092-nl-breach,100,1,original,1,ok,1,8362.093,0,,
l3-098-nz-consumer,100,1,original,1,ok,1,199661.681,3,18723,18723
l3-100-nz-worker-ai,100,1,original,1,ok,1,128238.152,0,18432,18432
l4-001-jp-digital-platform,100,1,original,1,ok,1,243931.916,0,14117,14117
l4-004-jp-fintech,100,1,original,1,ok,1,150624.729,5,5371,5371
l4-008-us-online-sales,100,1,original,1,ok,1,288923.712,3,6816,6816
l4-009-us-fintech,100,1,original,1,ok,1,271770.722,6,12266,12266
l4-012-cn-automated-hiring,100,1,original,1,ok,1,247359.785,0,8376,8376
l4-015-cn-manufacturer,100,1,original,1,ok,1,273137.015,6,4731,4731
l4-016-de-digital-platform,100,1,original,1,ok,1,198878.726,3,17609,17609
l4-020-de-manufacturer,100,1,original,1,ok,1,185432.657,6,9282,9282
l4-021-fr-digital-platform,100,1,original,1,ok,1,185144.316,2,21543,21543
l4-022-fr-automated-hiring,100,1,original,1,ok,1,247715.468,0,26352,26352
l4-023-fr-online-sales,100,1,original,1,ok,1,110319.916,5,20824,20824
l4-024-fr-fintech,100,1,original,1,ok,1,241170.821,2,23838,23838
l4-027-uk-automated-hiring,100,1,original,1,ok,1,247281.557,0,7729,7729
l4-029-uk-fintech,100,1,original,1,ok,1,238068.036,3,6139,6139
l4-032-ca-automated-hiring,100,1,original,1,ok,1,249211.637,4,15592,15592
l4-034-ca-fintech,100,1,original,1,ok,1,229984.815,1,4169,4169
l4-036-au-digital-platform,100,1,original,1,ok,1,263317.618,3,16258,16258
l4-038-au-online-sales,100,1,original,1,ok,1,185506.668,1,9688,9688
l4-039-au-fintech,100,1,original,1,ok,1,243502.586,2,15464,15464
l4-040-au-manufacturer,100,1,original,1,ok,1,243919.986,0,6383,6383
l4-044-sg-fintech,100,1,original,1,ok,1,242127.796,2,18760,18760
l4-045-sg-manufacturer,100,1,original,1,ok,1,221032.298,3,2864,2864
l4-051-th-digital-platform,100,1,original,1,ok,1,246058.746,1,11182,11182
l4-054-th-fintech,100,1,original,1,ok,1,241130.964,3,3926,3926
l4-055-th-manufacturer,100,1,original,1,ok,1,181373.571,6,6617,6617
l4-058-id-online-sales,100,1,original,1,ok,1,206735.93,4,8239,8239
l4-059-id-fintech,100,1,original,1,ok,1,241081.413,1,17311,17311
l4-063-my-online-sales,100,1,original,1,ok,1,99426.742,3,5225,5225
l4-065-my-manufacturer,100,1,original,1,ok,1,232147.458,2,4845,4845
l4-067-ph-automated-hiring,100,1,original,1,ok,1,247042.567,0,5510,5510
l4-069-ph-fintech,100,1,original,1,ok,1,237522.502,4,8266,8266
l4-070-ph-manufacturer,100,1,original,1,ok,1,188078.296,9,7530,7530
l4-071-in-digital-platform,100,1,original,1,ok,1,214500.441,2,22506,22506
l4-072-in-automated-hiring,100,1,original,1,ok,1,247759.761,0,10554,10554
l4-075-in-manufacturer,100,1,original,1,ok,1,177484.992,2,4668,4668
l4-080-br-manufacturer,100,1,original,1,ok,1,235570.425,2,6510,6510
l4-081-es-digital-platform,100,1,original,1,ok,1,214509.358,2,12843,12843
l4-082-es-automated-hiring,100,1,original,1,ok,1,258559.987,1,15198,15198
l4-083-es-online-sales,100,1,original,1,ok,1,290309.095,3,16653,16653
l4-088-it-online-sales,100,1,original,1,ok,1,7021.193,0,,
l4-089-it-fintech,100,1,original,1,ok,1,27676.336,0,,
l4-090-it-manufacturer,100,1,original,1,ok,1,7174.468,0,,
l4-092-nl-automated-hiring,100,1,original,1,ok,1,7799.45,0,,
l4-093-nl-online-sales,100,1,original,1,ok,1,94219.563,0,,
l4-094-nl-fintech,100,1,original,1,ok,1,7672.113,0,,
l4-095-nl-manufacturer,100,1,original,1,ok,1,86894.265,0,,
l4-096-nz-digital-platform,100,1,original,1,ok,1,218493.37,3,5786,5786
l4-097-nz-automated-hiring,100,1,original,1,ok,1,247428.416,0,7518,7518
l4-099-nz-fintech,100,1,original,1,ok,1,244260.054,1,18660,18660
l4-100-nz-manufacturer,100,1,original,1,ok,1,236255.247,2,12098,12098
l1-001-jp,100,1,reduce,3,ok,1,116564.854,5,7288,4216
l1-002-jp,100,1,reduce,3,ok,1,127087.304,0,10180,5217
l1-003-jp,100,1,reduce,3,ok,1,175419.568,1,9238,6242
l1-005-jp,100,1,reduce,3,ok,1,166658.505,4,2426,1546
l1-010-us,100,1,reduce,3,ok,1,161325.376,2,14100,2578
l1-012-cn,100,1,reduce,3,ok,1,241876.342,2,6783,4146
l1-013-cn,100,1,reduce,3,ok,1,200754.841,1,6991,4371
l1-018-de,100,1,reduce,3,ok,1,232967.617,4,9933,4929
l1-019-de,100,1,reduce,3,ok,1,76584.272,3,23400,3735
l1-023-fr,100,1,reduce,3,ok,1,198861.411,0,26211,10039
l1-024-fr,100,1,reduce,3,ok,1,137390.75,0,17877,6432
l1-025-fr,100,1,reduce,3,ok,1,212641.278,2,13199,4235
l1-027-uk,100,1,reduce,3,ok,1,138181.336,0,6148,3677
l1-031-ca,100,1,reduce,3,ok,1,181703.936,4,9753,5724
l1-032-ca,100,1,reduce,3,ok,1,190533.49,1,2328,1327
l1-033-ca,100,1,reduce,3,ok,1,206158.88,3,7197,2079
l1-035-ca,100,1,reduce,3,ok,1,177611.839,0,9148,4466
l1-036-au,100,1,reduce,3,ok,1,171254.624,5,23747,3574
l1-037-au,100,1,reduce,3,ok,1,160146.266,2,6135,2823
l1-038-au,100,1,reduce,3,ok,1,133317.576,0,27052,5793
l1-039-au,100,1,reduce,3,ok,1,161917.598,1,10110,4894
l1-040-au,100,1,reduce,3,ok,1,197694.059,3,24374,4680
l1-041-sg,100,1,reduce,3,ok,1,195110.965,1,22558,8527
l1-042-sg,100,1,reduce,3,ok,1,135220.551,0,18165,6691
l1-044-sg,100,1,reduce,3,ok,1,192605.439,3,10069,3178
l1-046-vn,100,1,reduce,3,ok,1,184980.98,1,789,525
l1-049-vn,100,1,reduce,3,ok,1,128284.75,2,19841,7354
l1-050-vn,100,1,reduce,3,ok,1,184438.43,4,11069,5666
l1-051-th,100,1,reduce,3,ok,1,173194.826,1,7247,4600
l1-052-th,100,1,reduce,3,ok,1,171410.743,1,9447,5478
l1-053-th,100,1,reduce,3,ok,1,165395.691,0,12821,8136
l1-054-th,100,1,reduce,3,ok,1,131443.671,0,11230,6871
l1-055-th,100,1,reduce,3,ok,1,167625.2,2,8940,3102
l1-059-id,100,1,reduce,3,ok,1,184573.762,1,11312,6690
l1-060-id,100,1,reduce,3,ok,1,176206.805,3,4549,3081
l1-062-my,100,1,reduce,3,ok,1,130676.154,0,12785,8316
l1-065-my,100,1,reduce,3,ok,1,194467.667,3,8238,3940
l1-068-ph,100,1,reduce,3,ok,1,253597.332,1,17211,9658
l1-070-ph,100,1,reduce,3,ok,1,123389.526,0,21636,6843
l1-075-in,100,1,reduce,3,ok,1,141618.372,1,14522,11454
l1-078-br,100,1,reduce,3,ok,1,184172.156,1,3690,1546
l1-081-es,100,1,reduce,3,ok,1,178094.631,3,19919,10157
l1-082-es,100,1,reduce,3,ok,1,240233.15,5,12552,5945
l1-085-es,100,1,reduce,3,ok,1,179208.131,1,6458,2901
l1-091-nl,100,1,reduce,3,ok,1,24348.137,0,,
l1-092-nl,100,1,reduce,3,ok,1,123622.603,0,,
l1-094-nl,100,1,reduce,3,ok,1,95191.788,0,,
l1-095-nl,100,1,reduce,3,ok,1,28244.531,0,,
l1-097-nz,100,1,reduce,3,ok,1,200043.39,2,11822,4512
l1-098-nz,100,1,reduce,3,ok,1,231253.044,1,9519,2127
l2-001-jp-data-rights,100,1,reduce,3,ok,1,71731.523,1,6919,4331
l2-002-jp-breach,100,1,reduce,3,ok,1,187884.041,3,3108,2112
l2-003-jp-transfer,100,1,reduce,3,ok,1,80446.655,2,13808,5496
l2-010-us-worker,100,1,reduce,3,ok,1,77582.758,2,15612,5228
l2-013-cn-transfer,100,1,reduce,3,ok,1,68836.281,1,12490,6712
l2-017-de-breach,100,1,reduce,3,ok,1,183454.71,2,10431,5163
l2-022-fr-breach,100,1,reduce,3,ok,1,98537.021,3,14059,5192
l2-024-fr-consumer,100,1,reduce,3,ok,1,75208.533,2,18608,6010
l2-026-uk-data-rights,100,1,reduce,3,ok,1,195612.947,3,3669,2426
l2-029-uk-consumer,100,1,reduce,3,ok,1,126652.938,2,18523,8843
l2-034-ca-consumer,100,1,reduce,3,ok,1,68964.455,1,4183,2205
l2-035-ca-worker,100,1,reduce,3,ok,1,173513.112,2,12496,4322
l2-036-au-data-rights,100,1,reduce,3,ok,1,206354.529,2,12681,4100
l2-038-au-transfer,100,1,reduce,3,ok,1,141377.995,2,19625,5758
l2-039-au-consumer,100,1,reduce,3,ok,1,193140.675,3,9500,4326
l2-040-au-worker,100,1,reduce,3,ok,1,85616.786,2,4057,2770
l2-045-sg-worker,100,1,reduce,3,ok,1,173156.25,1,11064,4423
l2-046-vn-data-rights,100,1,reduce,3,ok,1,201781.395,2,11418,5942
l2-047-vn-breach,100,1,reduce,3,ok,1,189316.483,4,10566,4230
l2-051-th-data-rights,100,1,reduce,3,ok,1,198075.233,1,9181,6443
l2-052-th-breach,100,1,reduce,3,ok,1,90707.854,2,7597,4614
l2-053-th-transfer,100,1,reduce,3,ok,1,76979.374,1,10563,7155
l2-054-th-consumer,100,1,reduce,3,ok,1,190186.927,2,5633,2751
l2-055-th-worker,100,1,reduce,3,ok,1,168590.624,2,9356,3416
l2-056-id-data-rights,100,1,reduce,3,ok,1,151175.099,1,7438,4222
l2-057-id-breach,100,1,reduce,3,ok,1,103965.507,2,6847,2599
l2-060-id-worker,100,1,reduce,3,ok,1,206335.603,1,11993,6920
l2-061-my-data-rights,100,1,reduce,3,ok,1,207430.221,1,12630,5604
l2-064-my-consumer,100,1,reduce,3,ok,1,178857.512,4,5533,2939
l2-066-ph-data-rights,100,1,reduce,3,ok,1,133406.584,1,8395,5135
l2-067-ph-breach,100,1,reduce,3,ok,1,210276.105,2,22469,8201
l2-068-ph-transfer,100,1,reduce,3,ok,1,175554.957,1,17208,7814
l2-070-ph-worker,100,1,reduce,3,ok,1,204825.909,1,15929,7460
l2-071-in-data-rights,100,1,reduce,3,ok,1,128776.574,1,18470,5881
l2-072-in-breach,100,1,reduce,3,ok,1,98326.577,3,14524,4193
l2-073-in-transfer,100,1,reduce,3,ok,1,182661.172,2,13023,4151
l2-081-es-data-rights,100,1,reduce,3,ok,1,126819.987,2,12890,7471
l2-082-es-breach,100,1,reduce,3,ok,1,72281.885,3,13297,2708
l2-083-es-transfer,100,1,reduce,3,ok,1,189365.808,2,23525,9554
l2-084-es-consumer,100,1,reduce,3,ok,1,96323.253,4,19285,7712
l2-085-es-worker,100,1,reduce,3,ok,1,83700.531,2,15956,7871
l2-086-it-data-rights,100,1,reduce,3,ok,1,7067.213,0,,
l2-087-it-breach,100,1,reduce,3,ok,1,7853.915,0,,
l2-088-it-transfer,100,1,reduce,3,ok,1,64000.386,0,,
l2-089-it-consumer,100,1,reduce,3,ok,1,3395.424,0,,
l2-090-it-worker,100,1,reduce,3,ok,1,3827.722,0,,
l2-091-nl-data-rights,100,1,reduce,3,ok,1,18923.226,0,,
l2-092-nl-breach,100,1,reduce,3,ok,1,7445.435,0,,
l2-096-nz-data-rights,100,1,reduce,3,ok,1,119791.514,2,10443,3245
l2-100-nz-worker,100,1,reduce,3,ok,1,86991.216,3,7221,4778
l3-001-jp-transfer,100,1,reduce,3,ok,1,166867.139,1,19777,6022
l3-002-jp-breach,100,1,reduce,3,ok,1,175292.911,3,12720,6670
l3-005-jp-worker-ai,100,1,reduce,3,ok,1,151058.531,2,4400,2110
l3-007-us-breach,100,1,reduce,3,ok,1,131286.785,3,10073,4196
l3-008-us-consumer,100,1,reduce,3,ok,1,109834.301,4,9845,4022
l3-010-us-worker-ai,100,1,reduce,3,ok,1,140836.263,2,6194,3090
l3-011-cn-transfer,100,1,reduce,3,ok,1,122608.344,0,12757,5244
l3-013-cn-consumer,100,1,reduce,3,ok,1,129071.483,0,3970,2777
l3-014-cn-platform,100,1,reduce,3,ok,1,126932.509,0,1482,703
l3-015-cn-worker-ai,100,1,reduce,3,ok,1,147105.022,2,6476,4435
l3-016-de-transfer,100,1,reduce,3,ok,1,130934.068,2,12757,5244
l3-018-de-consumer,100,1,reduce,3,ok,1,189851.896,4,10007,4403
l3-019-de-platform,100,1,reduce,3,ok,1,140307.477,5,12938,5495
l3-020-de-worker-ai,100,1,reduce,3,ok,1,155230.351,2,8364,3044
l3-023-fr-consumer,100,1,reduce,3,ok,1,151305.436,3,18723,6787
l3-025-fr-worker-ai,100,1,reduce,3,ok,1,127345.217,0,22367,11530
l3-026-uk-transfer,100,1,reduce,3,ok,1,150107.796,2,13740,5163
l3-028-uk-consumer,100,1,reduce,3,ok,1,90319.109,3,9665,5729
l3-030-uk-worker-ai,100,1,reduce,3,ok,1,150428.181,3,14921,4575
l3-032-ca-breach,100,1,reduce,3,ok,1,196373.555,2,8945,4052
l3-033-ca-consumer,100,1,reduce,3,ok,1,127332.436,2,3365,1653
l3-037-au-breach,100,1,reduce,3,ok,1,156095.795,0,15005,3682
l3-039-au-platform,100,1,reduce,3,ok,1,158849.232,2,22450,9632
l3-041-sg-transfer,100,1,reduce,3,ok,1,125351.035,0,27089,7735
l3-043-sg-consumer,100,1,reduce,3,ok,1,125077.632,0,4226,2147
l3-045-sg-worker-ai,100,1,reduce,3,ok,1,4438.746,0,,
l3-046-vn-transfer,100,1,reduce,3,ok,1,128259.704,0,27089,7735
l3-047-vn-breach,100,1,reduce,3,ok,1,130687.323,4,8945,4052
l3-053-th-consumer,100,1,reduce,3,ok,1,205721.813,2,11856,4671
l3-054-th-platform,100,1,reduce,3,ok,1,27262.844,0,,
l3-056-id-transfer,100,1,reduce,3,ok,1,126659.393,0,12638,5802
l3-057-id-breach,100,1,reduce,3,ok,1,143513.761,3,18911,7827
l3-058-id-consumer,100,1,reduce,3,ok,1,122959.811,0,19316,6975
l3-059-id-platform,100,1,reduce,3,ok,1,3508.73,0,,
l3-062-my-breach,100,1,reduce,3,ok,1,125105.517,0,11753,6663
l3-063-my-consumer,100,1,reduce,3,ok,1,1968.357,0,,
l3-065-my-worker-ai,100,1,reduce,3,ok,1,126738.359,0,27014,5954
l3-066-ph-transfer,100,1,reduce,3,ok,1,213257.084,1,11631,3197
l3-067-ph-breach,100,1,reduce,3,ok,1,131237.466,2,13046,5349
l3-072-in-breach,100,1,reduce,3,ok,1,4127.94,0,,
l3-073-in-consumer,100,1,reduce,3,ok,1,119862.243,3,7923,2982
l3-075-in-worker-ai,100,1,reduce,3,ok,1,131662.416,2,8364,3044
l3-078-br-consumer,100,1,reduce,3,ok,1,109971.094,2,6798,3460
l3-079-br-platform,100,1,reduce,3,ok,1,112798.975,2,18698,6718
l3-081-es-transfer,100,1,reduce,3,ok,1,42704.933,0,,
l3-082-es-breach,100,1,reduce,3,ok,1,165470.26,2,23909,10371
l3-088-it-consumer,100,1,reduce,3,ok,1,7481.716,0,,
l3-092-nl-breach,100,1,reduce,3,ok,1,9539.352,0,,
l3-098-nz-consumer,100,1,reduce,3,ok,1,190568.672,1,7923,2982
l3-100-nz-worker-ai,100,1,reduce,3,ok,1,217217.251,1,19016,9083
l4-001-jp-digital-platform,100,1,reduce,3,ok,1,231178.11,3,15882,8234
l4-004-jp-fintech,100,1,reduce,3,ok,1,152194.653,4,4873,3085
l4-008-us-online-sales,100,1,reduce,3,ok,1,213247.192,4,6816,4576
l4-009-us-fintech,100,1,reduce,3,ok,1,215050.063,6,12266,4474
l4-012-cn-automated-hiring,100,1,reduce,3,ok,1,139357.662,5,7435,4966
l4-015-cn-manufacturer,100,1,reduce,3,ok,1,215986.105,6,4731,3238
l4-016-de-digital-platform,100,1,reduce,3,ok,1,185123.735,3,17611,3249
l4-020-de-manufacturer,100,1,reduce,3,ok,1,100145.985,5,9280,3598
l4-021-fr-digital-platform,100,1,reduce,3,ok,1,135067.785,2,21551,8921
l4-022-fr-automated-hiring,100,1,reduce,3,ok,1,137931.533,3,22817,6973
l4-023-fr-online-sales,100,1,reduce,3,ok,1,123288.234,5,19363,8204
l4-024-fr-fintech,100,1,reduce,3,ok,1,203215.765,1,24408,8153
l4-027-uk-automated-hiring,100,1,reduce,3,ok,1,214664.649,2,7727,4346
l4-029-uk-fintech,100,1,reduce,3,ok,1,191540.067,3,6141,2202
l4-032-ca-automated-hiring,100,1,reduce,3,ok,1,204732.998,5,15592,6459
l4-034-ca-fintech,100,1,reduce,3,ok,1,146342.202,2,4179,1468
l4-036-au-digital-platform,100,1,reduce,3,ok,1,191387.04,3,16254,4874
l4-038-au-online-sales,100,1,reduce,3,ok,1,157720.072,1,9684,4649
l4-039-au-fintech,100,1,reduce,3,ok,1,200677.133,3,15470,4977
l4-040-au-manufacturer,100,1,reduce,3,ok,1,203144.332,4,8199,4113
l4-044-sg-fintech,100,1,reduce,3,ok,1,200772.117,4,26459,9148
l4-045-sg-manufacturer,100,1,reduce,3,ok,1,181423.785,3,2864,1827
l4-051-th-digital-platform,100,1,reduce,3,ok,1,177732.156,1,11933,7804
l4-054-th-fintech,100,1,reduce,3,ok,1,202099.017,3,3922,2666
l4-055-th-manufacturer,100,1,reduce,3,ok,1,142195.427,6,6138,3446
l4-058-id-online-sales,100,1,reduce,3,ok,1,190059.122,3,7753,4418
l4-059-id-fintech,100,1,reduce,3,ok,1,214085.68,4,18231,7305
l4-063-my-online-sales,100,1,reduce,3,ok,1,146314.385,3,5223,3468
l4-065-my-manufacturer,100,1,reduce,3,ok,1,199273.541,2,4845,3022
l4-067-ph-automated-hiring,100,1,reduce,3,ok,1,210708.774,3,5942,3560
l4-069-ph-fintech,100,1,reduce,3,ok,1,193071.35,3,8264,4289
l4-070-ph-manufacturer,100,1,reduce,3,ok,1,159653.033,8,8293,5373
l4-071-in-digital-platform,100,1,reduce,3,ok,1,202034.055,2,21014,9442
l4-072-in-automated-hiring,100,1,reduce,3,ok,1,244540.546,5,10554,3888
l4-075-in-manufacturer,100,1,reduce,3,ok,1,110051.12,2,4670,2731
l4-080-br-manufacturer,100,1,reduce,3,ok,1,140386.908,4,6427,4302
l4-081-es-digital-platform,100,1,reduce,3,ok,1,204625.04,2,12843,6199
l4-082-es-automated-hiring,100,1,reduce,3,ok,1,212559.474,1,16101,8398
l4-083-es-online-sales,100,1,reduce,3,ok,1,249868.576,3,16710,8734
l4-088-it-online-sales,100,1,reduce,3,ok,1,7886.407,0,,
l4-089-it-fintech,100,1,reduce,3,ok,1,2017.106,0,,
l4-090-it-manufacturer,100,1,reduce,3,ok,1,7957.893,0,,
l4-092-nl-automated-hiring,100,1,reduce,3,ok,1,7690.284,0,,
l4-093-nl-online-sales,100,1,reduce,3,ok,1,28330.162,0,,
l4-094-nl-fintech,100,1,reduce,3,ok,1,3065.535,0,,
l4-095-nl-manufacturer,100,1,reduce,3,ok,1,19521.574,0,,
l4-096-nz-digital-platform,100,1,reduce,3,ok,1,192614.859,3,5784,3435
l4-097-nz-automated-hiring,100,1,reduce,3,ok,1,207245.358,4,7034,3836
l4-099-nz-fintech,100,1,reduce,3,ok,1,182716.962,2,18660,3462
l4-100-nz-manufacturer,100,1,reduce,3,ok,1,146488.833,3,10026,6893
l1-001-jp,100,2,combined,3,ok,1,100377.311,5,7288,4216
l1-002-jp,100,2,combined,3,ok,1,218181.261,2,10180,5217
l1-003-jp,100,2,combined,3,ok,1,180058.14,1,9238,6242
l1-005-jp,100,2,combined,3,ok,1,175179.908,4,2426,1546
l1-010-us,100,2,combined,3,ok,1,89936.353,2,14100,2578
l1-012-cn,100,2,combined,3,ok,1,240278.555,2,6783,4146
l1-013-cn,100,2,combined,3,ok,1,217540.771,1,6991,4371
l1-018-de,100,2,combined,3,ok,1,243519.309,4,9933,4929
l1-019-de,100,2,combined,3,ok,1,194386.091,3,23400,3735
l1-023-fr,100,2,combined,3,ok,1,279947.534,1,26211,10039
l1-024-fr,100,2,combined,3,ok,1,212212.997,2,17877,6432
l1-025-fr,100,2,combined,3,ok,1,220581.145,2,13199,4235
l1-027-uk,100,2,combined,3,ok,1,207696.83,2,6148,3677
l1-031-ca,100,2,combined,3,ok,1,189055.012,4,9753,5724
l1-032-ca,100,2,combined,3,ok,1,92671.524,1,2328,1327
l1-033-ca,100,2,combined,3,ok,1,222761.04,3,7197,2079
l1-035-ca,100,2,combined,3,ok,1,236090.513,1,9148,4466
l1-036-au,100,2,combined,3,ok,1,151950.668,5,23747,3574
l1-037-au,100,2,combined,3,ok,1,223407.631,2,6135,2823
l1-038-au,100,2,combined,3,ok,1,210670.093,5,27052,5793
l1-039-au,100,2,combined,3,ok,1,181355.322,1,10110,4894
l1-040-au,100,2,combined,3,ok,1,211131.09,3,24374,4680
l1-041-sg,100,2,combined,3,ok,1,163093.76,1,22558,8527
l1-042-sg,100,2,combined,3,ok,1,215656.416,3,18165,6691
l1-044-sg,100,2,combined,3,ok,1,197805.59,3,10069,3178
l1-046-vn,100,2,combined,3,ok,1,202238.378,1,789,525
l1-049-vn,100,2,combined,3,ok,1,177332.772,2,19841,7354
l1-050-vn,100,2,combined,3,ok,1,186342.138,4,11069,5666
l1-051-th,100,2,combined,3,ok,1,178963.79,1,7247,4600
l1-052-th,100,2,combined,3,ok,1,172599.132,1,9447,5478
l1-053-th,100,2,combined,3,ok,1,219254.584,1,12821,8136
l1-054-th,100,2,combined,3,ok,1,226704.418,2,11230,6871
l1-055-th,100,2,combined,3,ok,1,132222.923,2,8940,3102
l1-059-id,100,2,combined,3,ok,1,129840.24,0,11312,6690
l1-060-id,100,2,combined,3,ok,1,182937.206,3,4549,3081
l1-062-my,100,2,combined,3,ok,1,192647.943,1,12785,8316
l1-065-my,100,2,combined,3,ok,1,208135.139,3,8238,3940
l1-068-ph,100,2,combined,3,ok,1,264862.543,1,17211,9658
l1-070-ph,100,2,combined,3,ok,1,199419.12,3,21636,6843
l1-075-in,100,2,combined,3,ok,1,135014.926,1,14522,11454
l1-078-br,100,2,combined,3,ok,1,185797.25,1,3690,1546
l1-081-es,100,2,combined,3,ok,1,184698.083,3,19919,10157
l1-082-es,100,2,combined,3,ok,1,243400.684,5,12552,5945
l1-085-es,100,2,combined,3,ok,1,189335.003,1,6458,2901
l1-091-nl,100,2,combined,3,ok,1,132751.956,0,,
l1-092-nl,100,2,combined,3,ok,1,128452.645,0,,
l1-094-nl,100,2,combined,3,ok,1,115916.593,0,,
l1-095-nl,100,2,combined,3,ok,1,133393.109,0,,
l1-097-nz,100,2,combined,3,ok,1,207004.801,2,11822,4512
l1-098-nz,100,2,combined,3,ok,1,237542.248,1,9519,2127
l2-001-jp-data-rights,100,2,combined,3,ok,1,51506.648,1,6913,4331
l2-002-jp-breach,100,2,combined,3,ok,1,142815.32,3,3106,2112
l2-003-jp-transfer,100,2,combined,3,ok,1,56262.357,2,13808,5496
l2-010-us-worker,100,2,combined,3,ok,1,62478.618,2,15612,5228
l2-013-cn-transfer,100,2,combined,3,ok,1,89695.646,1,12490,6712
l2-017-de-breach,100,2,combined,3,ok,1,177666.689,2,10435,5163
l2-022-fr-breach,100,2,combined,3,ok,1,107557.984,3,14077,5192
l2-024-fr-consumer,100,2,combined,3,ok,1,91899.215,2,18610,6010
l2-026-uk-data-rights,100,2,combined,3,ok,1,163273.106,3,3671,2426
l2-029-uk-consumer,100,2,combined,3,ok,1,134968.638,2,18523,8843
l2-034-ca-consumer,100,2,combined,3,ok,1,88244.376,1,4183,2205
l2-035-ca-worker,100,2,combined,3,ok,1,123244.073,2,12496,4322
l2-036-au-data-rights,100,2,combined,3,ok,1,176218.876,2,14660,5074
l2-038-au-transfer,100,2,combined,3,ok,1,140400.06,2,19625,5758
l2-039-au-consumer,100,2,combined,3,ok,1,159519.847,3,9500,4326
l2-040-au-worker,100,2,combined,3,ok,1,68665.155,2,4057,2770
l2-045-sg-worker,100,2,combined,3,ok,1,122543.937,1,11064,4423
l2-046-vn-data-rights,100,2,combined,3,ok,1,176430.893,2,11420,5942
l2-047-vn-breach,100,2,combined,3,ok,1,127699.045,4,10564,4230
l2-051-th-data-rights,100,2,combined,3,ok,1,148113.727,1,8705,6118
l2-052-th-breach,100,2,combined,3,ok,1,81967.354,2,7599,4614
l2-053-th-transfer,100,2,combined,3,ok,1,84693.72,1,10563,7155
l2-054-th-consumer,100,2,combined,3,ok,1,155155.029,2,5633,2751
l2-055-th-worker,100,2,combined,3,ok,1,117027.617,2,9356,3416
l2-056-id-data-rights,100,2,combined,3,ok,1,138680.328,1,7751,4420
l2-057-id-breach,100,2,combined,3,ok,1,106745.349,2,6849,2599
l2-060-id-worker,100,2,combined,3,ok,1,172934.037,1,11993,6920
l2-061-my-data-rights,100,2,combined,3,ok,1,140998.76,1,12115,5226
l2-064-my-consumer,100,2,combined,3,ok,1,153402.712,4,5533,2939
l2-066-ph-data-rights,100,2,combined,3,ok,1,145025.397,1,8389,5135
l2-067-ph-breach,100,2,combined,3,ok,1,138668.043,2,22467,8201
l2-068-ph-transfer,100,2,combined,3,ok,1,120572.858,1,17208,7814
l2-070-ph-worker,100,2,combined,3,ok,1,212613.117,1,15929,7460
l2-071-in-data-rights,100,2,combined,3,ok,1,91353.066,1,18462,5881
l2-072-in-breach,100,2,combined,3,ok,1,85732.491,3,15304,4648
l2-073-in-transfer,100,2,combined,3,ok,1,184357.424,2,13023,4151
l2-081-es-data-rights,100,2,combined,3,ok,1,131315.886,2,12884,7471
l2-082-es-breach,100,2,combined,3,ok,1,95156.912,3,13299,2708
l2-083-es-transfer,100,2,combined,3,ok,1,192981.857,2,23525,9554
l2-084-es-consumer,100,2,combined,3,ok,1,116585.525,4,19285,7712
l2-085-es-worker,100,2,combined,3,ok,1,116123.039,2,15956,7871
l2-086-it-data-rights,100,2,combined,3,ok,1,8149.979,0,,
l2-087-it-breach,100,2,combined,3,ok,1,7547.026,0,,
l2-088-it-transfer,100,2,combined,3,ok,1,53402.408,0,,
l2-089-it-consumer,100,2,combined,3,ok,1,3729.064,0,,
l2-090-it-worker,100,2,combined,3,ok,1,3888.081,0,,
l2-091-nl-data-rights,100,2,combined,3,ok,1,8812.772,0,,
l2-092-nl-breach,100,2,combined,3,ok,1,8096.886,0,,
l2-096-nz-data-rights,100,2,combined,3,ok,1,159048.239,2,10443,3245
l2-100-nz-worker,100,2,combined,3,ok,1,85611.869,3,7221,4778
l3-001-jp-transfer,100,2,combined,3,ok,1,160486.044,2,7197,2993
l3-002-jp-breach,100,2,combined,3,ok,1,67618.572,2,12714,6670
l3-005-jp-worker-ai,100,2,combined,3,ok,1,102752.297,2,4404,2110
l3-007-us-breach,100,2,combined,3,ok,1,114061.545,2,16653,5387
l3-008-us-consumer,100,2,combined,3,ok,1,123465.189,4,9845,4022
l3-010-us-worker-ai,100,2,combined,3,ok,1,137421.459,2,20737,5521
l3-011-cn-transfer,100,2,combined,3,ok,1,162667.355,4,12753,5244
l3-013-cn-consumer,100,2,combined,3,ok,1,126280.06,2,3970,2777
l3-014-cn-platform,100,2,combined,3,ok,1,157469.328,3,1482,703
l3-015-cn-worker-ai,100,2,combined,3,ok,1,125439.686,2,8470,2983
l3-016-de-transfer,100,2,combined,3,ok,1,146086.116,3,16826,6015
l3-018-de-consumer,100,2,combined,3,ok,1,123273.356,4,10007,4403
l3-019-de-platform,100,2,combined,3,ok,1,141910.032,3,15399,8337
l3-020-de-worker-ai,100,2,combined,3,ok,1,145672.23,2,8364,3044
l3-023-fr-consumer,100,2,combined,3,ok,1,120108.695,3,18723,6787
l3-025-fr-worker-ai,100,2,combined,3,ok,1,136376.637,3,14308,7805
l3-026-uk-transfer,100,2,combined,3,ok,1,127701.21,3,13740,5163
l3-028-uk-consumer,100,2,combined,3,ok,1,147990.857,1,11856,4671
l3-030-uk-worker-ai,100,2,combined,3,ok,1,139717.043,3,4292,2138
l3-032-ca-breach,100,2,combined,3,ok,1,165920.527,6,13164,5990
l3-033-ca-consumer,100,2,combined,3,ok,1,94385.047,2,3365,1653
l3-037-au-breach,100,2,combined,3,ok,1,121758.921,2,4758,2226
l3-039-au-platform,100,2,combined,3,ok,1,163241.355,2,14860,4755
l3-041-sg-transfer,100,2,combined,3,ok,1,159418.532,3,27083,7735
l3-043-sg-consumer,100,2,combined,3,ok,1,130325.951,2,4226,2147
l3-045-sg-worker-ai,100,2,combined,3,ok,1,4714.532,0,,
l3-046-vn-transfer,100,2,combined,3,ok,1,163148.185,3,9590,6465
l3-047-vn-breach,100,2,combined,3,ok,1,118266.362,3,10197,4509
l3-053-th-consumer,100,2,combined,3,ok,1,133469.544,2,11856,4671
l3-054-th-platform,100,2,combined,3,ok,1,23297.371,0,,
l3-056-id-transfer,100,2,combined,3,ok,1,137806.806,2,12638,5802
l3-057-id-breach,100,2,combined,3,ok,1,98816.823,3,19468,8237
l3-058-id-consumer,100,2,combined,3,ok,1,123126.893,2,19316,6975
l3-059-id-platform,100,2,combined,3,ok,1,8027.842,0,,
l3-062-my-breach,100,2,combined,3,ok,1,153469.643,1,10552,5393
l3-063-my-consumer,100,2,combined,3,ok,1,61367.342,0,,
l3-065-my-worker-ai,100,2,combined,3,ok,1,141610.501,2,27014,5954
l3-066-ph-transfer,100,2,combined,3,ok,1,168032.928,2,13907,6955
l3-067-ph-breach,100,2,combined,3,ok,1,120128.468,2,25088,10350
l3-072-in-breach,100,2,combined,3,ok,1,14776.897,0,,
l3-073-in-consumer,100,2,combined,3,ok,1,117275.007,3,4404,2535
l3-075-in-worker-ai,100,2,combined,3,ok,1,112522.759,2,8364,3044
l3-078-br-consumer,100,2,combined,3,ok,1,102614.515,1,6798,3460
l3-079-br-platform,100,2,combined,3,ok,1,108816.929,1,1482,703
l3-081-es-transfer,100,2,combined,3,ok,1,38353.617,0,,
l3-082-es-breach,100,2,combined,3,ok,1,191669.714,2,24152,1913
l3-088-it-consumer,100,2,combined,3,ok,1,8002.619,0,,
l3-092-nl-breach,100,2,combined,3,ok,1,8610.892,0,,
l3-098-nz-consumer,100,2,combined,3,ok,1,133391.077,3,7923,2982
l3-100-nz-worker-ai,100,2,combined,3,ok,1,144431.573,2,18432,9322
l4-001-jp-digital-platform,100,2,combined,3,ok,1,201931.5,3,14119,7100
l4-004-jp-fintech,100,2,combined,3,ok,1,130885.549,5,5369,3439
l4-008-us-online-sales,100,2,combined,3,ok,1,173310.038,3,9843,4759
l4-009-us-fintech,100,2,combined,3,ok,1,145364.508,6,12266,4474
l4-012-cn-automated-hiring,100,2,combined,3,ok,1,223533.493,5,7839,5213
l4-015-cn-manufacturer,100,2,combined,3,ok,1,152329.21,6,4731,3238
l4-016-de-digital-platform,100,2,combined,3,ok,1,189549.956,3,17609,3249
l4-020-de-manufacturer,100,2,combined,3,ok,1,151051.615,5,9280,3598
l4-021-fr-digital-platform,100,2,combined,3,ok,1,153974.192,2,21547,8921
l4-022-fr-automated-hiring,100,2,combined,3,ok,1,199247.017,3,22819,6973
l4-023-fr-online-sales,100,2,combined,3,ok,1,158485.004,5,19367,8204
l4-024-fr-fintech,100,2,combined,3,ok,1,156892.088,1,20890,7223
l4-027-uk-automated-hiring,100,2,combined,3,ok,1,191311.612,2,9470,5783
l4-029-uk-fintech,100,2,combined,3,ok,1,150108.746,3,6141,2202
l4-032-ca-automated-hiring,100,2,combined,3,ok,1,158916.415,5,15596,6459
l4-034-ca-fintech,100,2,combined,3,ok,1,153016.969,2,4179,1468
l4-036-au-digital-platform,100,2,combined,3,ok,1,150688.291,3,16796,5267
l4-038-au-online-sales,100,2,combined,3,ok,1,151659.831,1,9684,4649
l4-039-au-fintech,100,2,combined,3,ok,1,157192.363,3,15470,4977
l4-040-au-manufacturer,100,2,combined,3,ok,1,191170.334,4,8199,4113
l4-044-sg-fintech,100,2,combined,3,ok,1,192561.857,4,24362,9085
l4-045-sg-manufacturer,100,2,combined,3,ok,1,197616.448,3,2864,1827
l4-051-th-digital-platform,100,2,combined,3,ok,1,147601.73,3,11176,7301
l4-054-th-fintech,100,2,combined,3,ok,1,126872.126,3,3924,2666
l4-055-th-manufacturer,100,2,combined,3,ok,1,145666.02,6,6138,3446
l4-058-id-online-sales,100,2,combined,3,ok,1,198473.095,3,8321,4835
l4-059-id-fintech,100,2,combined,3,ok,1,198711.031,4,18233,7305
l4-063-my-online-sales,100,2,combined,3,ok,1,140768.147,3,5223,3468
l4-065-my-manufacturer,100,2,combined,3,ok,1,142178.386,2,4845,3022
l4-067-ph-automated-hiring,100,2,combined,3,ok,1,236257.702,3,5508,3273
l4-069-ph-fintech,100,2,combined,3,ok,1,204346.399,3,8262,4289
l4-070-ph-manufacturer,100,2,combined,3,ok,1,139520.874,8,8293,5373
l4-071-in-digital-platform,100,2,combined,3,ok,1,214418.287,2,22516,10524
l4-072-in-automated-hiring,100,2,combined,3,ok,1,204000.479,5,10554,3888
l4-075-in-manufacturer,100,2,combined,3,ok,1,121633.097,2,4666,2731
l4-080-br-manufacturer,100,2,combined,3,ok,1,151280.417,4,6429,4302
l4-081-es-digital-platform,100,2,combined,3,ok,1,166381.12,2,12843,6199
l4-082-es-automated-hiring,100,2,combined,3,ok,1,147049.397,1,16103,8398
l4-083-es-online-sales,100,2,combined,3,ok,1,188445.287,3,14189,7133
l4-088-it-online-sales,100,2,combined,3,ok,1,7919.163,0,,
l4-089-it-fintech,100,2,combined,3,ok,1,59472.164,0,,
l4-090-it-manufacturer,100,2,combined,3,ok,1,7479.784,0,,
l4-092-nl-automated-hiring,100,2,combined,3,ok,1,8229.296,0,,
l4-093-nl-online-sales,100,2,combined,3,ok,1,24469.19,0,,
l4-094-nl-fintech,100,2,combined,3,ok,1,8297.26,0,,
l4-095-nl-manufacturer,100,2,combined,3,ok,1,10618.347,0,,
l4-096-nz-digital-platform,100,2,combined,3,ok,1,128549.932,3,5786,3435
l4-097-nz-automated-hiring,100,2,combined,3,ok,1,208376.436,4,7518,4178
l4-099-nz-fintech,100,2,combined,3,ok,1,179316.782,2,18660,3462
l4-100-nz-manufacturer,100,2,combined,3,ok,1,195119.247,3,11538,7956
l1-001-jp,100,2,direct,1,ok,1,131201.902,4,7288,7288
l1-002-jp,100,2,direct,1,ok,1,181279.957,0,10180,10180
l1-003-jp,100,2,direct,1,ok,1,152425.786,1,9238,9238
l1-005-jp,100,2,direct,1,ok,1,148662.016,4,2426,2426
l1-010-us,100,2,direct,1,ok,1,104046.72,2,14100,14100
l1-012-cn,100,2,direct,1,ok,1,148929.577,0,,
l1-013-cn,100,2,direct,1,ok,1,232271.675,1,7499,7499
l1-018-de,100,2,direct,1,ok,1,247491.385,2,9933,9933
l1-019-de,100,2,direct,1,ok,1,162284.404,1,23400,23400
l1-023-fr,100,2,direct,1,ok,1,152405.42,0,,
l1-024-fr,100,2,direct,1,ok,1,223715.67,3,17877,17877
l1-025-fr,100,2,direct,1,ok,1,228650.94,4,13199,13199
l1-027-uk,100,2,direct,1,ok,1,221548.972,2,6148,6148
l1-031-ca,100,2,direct,1,ok,1,133154.124,0,9753,9753
l1-032-ca,100,2,direct,1,ok,1,158788.717,1,2328,2328
l1-033-ca,100,2,direct,1,ok,1,239270.302,3,7197,7197
l1-035-ca,100,2,direct,1,ok,1,226589.536,0,9148,9148
l1-036-au,100,2,direct,1,ok,1,132043.047,0,23747,23747
l1-037-au,100,2,direct,1,ok,1,226121.665,2,6135,6135
l1-038-au,100,2,direct,1,ok,1,204941.301,5,27052,27052
l1-039-au,100,2,direct,1,ok,1,153788.746,1,10110,10110
l1-040-au,100,2,direct,1,ok,1,220136.108,3,24374,24374
l1-041-sg,100,2,direct,1,ok,1,133172.809,0,22558,22558
l1-042-sg,100,2,direct,1,ok,1,219768.574,2,16026,16026
l1-044-sg,100,2,direct,1,ok,1,166491.976,3,10067,10067
l1-046-vn,100,2,direct,1,ok,1,157471.769,1,789,789
l1-049-vn,100,2,direct,1,ok,1,149899.014,2,19841,19841
l1-050-vn,100,2,direct,1,ok,1,133065.571,0,11069,11069
l1-051-th,100,2,direct,1,ok,1,175263.543,1,7665,7665
l1-052-th,100,2,direct,1,ok,1,152093.602,1,9447,9447
l1-053-th,100,2,direct,1,ok,1,233618.764,1,11337,11337
l1-054-th,100,2,direct,1,ok,1,201851.21,2,11232,11232
l1-055-th,100,2,direct,1,ok,1,176332.328,2,8940,8940
l1-059-id,100,2,direct,1,ok,1,129187.343,0,11312,11312
l1-060-id,100,2,direct,1,ok,1,155097.52,3,4549,4549
l1-062-my,100,2,direct,1,ok,1,209078.505,1,12785,12785
l1-065-my,100,2,direct,1,ok,1,231474.621,4,7838,7838
l1-068-ph,100,2,direct,1,ok,1,162226.024,0,,
l1-070-ph,100,2,direct,1,ok,1,136630.198,0,21636,21636
l1-075-in,100,2,direct,1,ok,1,129665.765,0,14522,14522
l1-078-br,100,2,direct,1,ok,1,161955.193,1,3690,3690
l1-081-es,100,2,direct,1,ok,1,132763.598,0,19919,19919
l1-082-es,100,2,direct,1,ok,1,147091.864,0,,
l1-085-es,100,2,direct,1,ok,1,164940.148,1,6458,6458
l1-091-nl,100,2,direct,1,ok,1,133499.983,0,,
l1-092-nl,100,2,direct,1,ok,1,146500.307,0,,
l1-094-nl,100,2,direct,1,ok,1,214263.46,0,,
l1-095-nl,100,2,direct,1,ok,1,133521.349,0,,
l1-097-nz,100,2,direct,1,ok,1,232500.008,3,11822,11822
l1-098-nz,100,2,direct,1,ok,1,247052.465,1,8733,8733
l2-001-jp-data-rights,100,2,direct,1,ok,1,102894.539,1,6424,6424
l2-002-jp-breach,100,2,direct,1,ok,1,216599.103,1,3885,3885
l2-003-jp-transfer,100,2,direct,1,ok,1,85722.779,2,13808,13808
l2-010-us-worker,100,2,direct,1,ok,1,88605.615,2,15612,15612
l2-013-cn-transfer,100,2,direct,1,ok,1,97142.944,1,12490,12490
l2-017-de-breach,100,2,direct,1,ok,1,242699.8,0,8722,8722
l2-022-fr-breach,100,2,direct,1,ok,1,55988.303,2,13589,13589
l2-024-fr-consumer,100,2,direct,1,ok,1,76392.32,3,18610,18610
l2-026-uk-data-rights,100,2,direct,1,ok,1,158385.523,0,,
l2-029-uk-consumer,100,2,direct,1,ok,1,121459.533,2,18523,18523
l2-034-ca-consumer,100,2,direct,1,ok,1,61615.076,1,4183,4183
l2-035-ca-worker,100,2,direct,1,ok,1,163918.214,2,12496,12496
l2-036-au-data-rights,100,2,direct,1,ok,1,167983.364,0,,
l2-038-au-transfer,100,2,direct,1,ok,1,242425.46,0,19625,19625
l2-039-au-consumer,100,2,direct,1,ok,1,206938.826,3,9498,9498
l2-040-au-worker,100,2,direct,1,ok,1,78831.545,2,4057,4057
l2-045-sg-worker,100,2,direct,1,ok,1,152638.2,1,11064,11064
l2-046-vn-data-rights,100,2,direct,1,ok,1,210074.702,2,11420,11420
l2-047-vn-breach,100,2,direct,1,ok,1,181742.491,5,11937,11937
l2-051-th-data-rights,100,2,direct,1,ok,1,231707.606,1,8705,8705
l2-052-th-breach,100,2,direct,1,ok,1,73222.798,2,7601,7601
l2-053-th-transfer,100,2,direct,1,ok,1,96618.824,1,10563,10563
l2-054-th-consumer,100,2,direct,1,ok,1,151230.772,0,,
l2-055-th-worker,100,2,direct,1,ok,1,159212.684,2,10539,10539
l2-056-id-data-rights,100,2,direct,1,ok,1,175778.162,1,7751,7751
l2-057-id-breach,100,2,direct,1,ok,1,93743.293,2,6847,6847
l2-060-id-worker,100,2,direct,1,ok,1,180138.224,1,12817,12817
l2-061-my-data-rights,100,2,direct,1,ok,1,213952.352,1,12630,12630
l2-064-my-consumer,100,2,direct,1,ok,1,198135.045,4,5533,5533
l2-066-ph-data-rights,100,2,direct,1,ok,1,130546.104,1,8395,8395
l2-067-ph-breach,100,2,direct,1,ok,1,172423.711,2,22463,22463
l2-068-ph-transfer,100,2,direct,1,ok,1,159039.685,1,14659,14659
l2-070-ph-worker,100,2,direct,1,ok,1,199732.509,1,15929,15929
l2-071-in-data-rights,100,2,direct,1,ok,1,123327.548,1,18462,18462
l2-072-in-breach,100,2,direct,1,ok,1,123134.818,2,14522,14522
l2-073-in-transfer,100,2,direct,1,ok,1,157467.524,2,13023,13023
l2-081-es-data-rights,100,2,direct,1,ok,1,125810.306,2,12890,12890
l2-082-es-breach,100,2,direct,1,ok,1,95317.662,3,13299,13299
l2-083-es-transfer,100,2,direct,1,ok,1,185081.982,0,,
l2-084-es-consumer,100,2,direct,1,ok,1,100704.475,4,19285,19285
l2-085-es-worker,100,2,direct,1,ok,1,82295.736,2,15956,15956
l2-086-it-data-rights,100,2,direct,1,ok,1,7003.285,0,,
l2-087-it-breach,100,2,direct,1,ok,1,6096.744,0,,
l2-088-it-transfer,100,2,direct,1,ok,1,155526.163,0,,
l2-089-it-consumer,100,2,direct,1,ok,1,3814.05,0,,
l2-090-it-worker,100,2,direct,1,ok,1,3413.6,0,,
l2-091-nl-data-rights,100,2,direct,1,ok,1,81718.788,0,,
l2-092-nl-breach,100,2,direct,1,ok,1,6085.156,0,,
l2-096-nz-data-rights,100,2,direct,1,ok,1,94884.405,3,10443,10443
l2-100-nz-worker,100,2,direct,1,ok,1,89744.898,3,7221,7221
l3-001-jp-transfer,100,2,direct,1,ok,1,275546.717,2,19781,19781
l3-002-jp-breach,100,2,direct,1,ok,1,179555.164,4,12712,12712
l3-005-jp-worker-ai,100,2,direct,1,ok,1,221330.072,2,12057,12057
l3-007-us-breach,100,2,direct,1,ok,1,195456.19,3,11811,11811
l3-008-us-consumer,100,2,direct,1,ok,1,115712.077,3,3365,3365
l3-010-us-worker-ai,100,2,direct,1,ok,1,128126.677,0,27006,27006
l3-011-cn-transfer,100,2,direct,1,ok,1,241484.654,0,12755,12755
l3-013-cn-consumer,100,2,direct,1,ok,1,179684.825,2,15291,15291
l3-014-cn-platform,100,2,direct,1,ok,1,205990.167,1,12239,12239
l3-015-cn-worker-ai,100,2,direct,1,ok,1,127461.237,0,8476,8476
l3-016-de-transfer,100,2,direct,1,ok,1,127941.076,0,16242,16242
l3-018-de-consumer,100,2,direct,1,ok,1,233881.022,6,10009,10009
l3-019-de-platform,100,2,direct,1,ok,1,136260.817,7,17308,17308
l3-020-de-worker-ai,100,2,direct,1,ok,1,127654.186,0,8368,8368
l3-023-fr-consumer,100,2,direct,1,ok,1,156550.845,3,18723,18723
l3-025-fr-worker-ai,100,2,direct,1,ok,1,182560.763,0,14343,14343
l3-026-uk-transfer,100,2,direct,1,ok,1,128074.04,0,13411,13411
l3-028-uk-consumer,100,2,direct,1,ok,1,124771.139,0,9667,9667
l3-030-uk-worker-ai,100,2,direct,1,ok,1,124355.331,0,4292,4292
l3-032-ca-breach,100,2,direct,1,ok,1,124519.854,0,10719,10719
l3-033-ca-consumer,100,2,direct,1,ok,1,146494.0,2,3365,3365
l3-037-au-breach,100,2,direct,1,ok,1,203228.795,2,15003,15003
l3-039-au-platform,100,2,direct,1,ok,1,129343.665,0,14860,14860
l3-041-sg-transfer,100,2,direct,1,ok,1,174892.776,0,20275,20275
l3-043-sg-consumer,100,2,direct,1,ok,1,183944.649,1,4226,4226
l3-045-sg-worker-ai,100,2,direct,1,ok,1,3981.97,0,,
l3-046-vn-transfer,100,2,direct,1,ok,1,127520.692,0,20275,20275
l3-047-vn-breach,100,2,direct,1,ok,1,146881.177,1,11749,11749
l3-053-th-consumer,100,2,direct,1,ok,1,260422.086,1,11856,11856
l3-054-th-platform,100,2,direct,1,ok,1,86442.467,0,,
l3-056-id-transfer,100,2,direct,1,ok,1,176473.049,0,11586,11586
l3-057-id-breach,100,2,direct,1,ok,1,129694.426,0,19466,19466
l3-058-id-consumer,100,2,direct,1,ok,1,169422.871,0,19316,19316
l3-059-id-platform,100,2,direct,1,ok,1,7637.828,0,,
l3-062-my-breach,100,2,direct,1,ok,1,125187.134,0,10558,10558
l3-063-my-consumer,100,2,direct,1,ok,1,20678.807,0,,
l3-065-my-worker-ai,100,2,direct,1,ok,1,172558.23,0,27006,27006
l3-066-ph-transfer,100,2,direct,1,ok,1,265202.146,1,16050,16050
l3-067-ph-breach,100,2,direct,1,ok,1,128035.073,0,25082,25082
l3-072-in-breach,100,2,direct,1,ok,1,51577.907,0,,
l3-073-in-consumer,100,2,direct,1,ok,1,115755.885,3,4404,4404
l3-075-in-worker-ai,100,2,direct,1,ok,1,128006.186,0,8368,8368
l3-078-br-consumer,100,2,direct,1,ok,1,161008.792,1,6798,6798
l3-079-br-platform,100,2,direct,1,ok,1,126436.761,2,18702,18702
l3-081-es-transfer,100,2,direct,1,ok,1,96261.788,0,,
l3-082-es-breach,100,2,direct,1,ok,1,200268.462,1,24804,24804
l3-088-it-consumer,100,2,direct,1,ok,1,7391.966,0,,
l3-092-nl-breach,100,2,direct,1,ok,1,8661.338,0,,
l3-098-nz-consumer,100,2,direct,1,ok,1,206852.942,3,7923,7923
l3-100-nz-worker-ai,100,2,direct,1,ok,1,127546.989,0,18432,18432
l4-001-jp-digital-platform,100,2,direct,1,ok,1,243886.201,0,14117,14117
l4-004-jp-fintech,100,2,direct,1,ok,1,178435.352,5,5369,5369
l4-008-us-online-sales,100,2,direct,1,ok,1,231192.935,2,9845,9845
l4-009-us-fintech,100,2,direct,1,ok,1,240528.854,6,12266,12266
l4-012-cn-automated-hiring,100,2,direct,1,ok,1,246243.285,0,8376,8376
l4-015-cn-manufacturer,100,2,direct,1,ok,1,222203.819,6,,
l4-016-de-digital-platform,100,2,direct,1,ok,1,164140.48,3,17609,17609
l4-020-de-manufacturer,100,2,direct,1,ok,1,130222.933,5,5341,5341
l4-021-fr-digital-platform,100,2,direct,1,ok,1,167885.865,2,21543,21543
l4-022-fr-automated-hiring,100,2,direct,1,ok,1,246610.817,0,27102,27102
l4-023-fr-online-sales,100,2,direct,1,ok,1,166638.888,4,19363,19363
l4-024-fr-fintech,100,2,direct,1,ok,1,229807.572,2,23838,23838
l4-027-uk-automated-hiring,100,2,direct,1,ok,1,246317.55,0,7731,7731
l4-029-uk-fintech,100,2,direct,1,ok,1,207663.178,3,6139,6139
l4-032-ca-automated-hiring,100,2,direct,1,ok,1,221083.132,4,15592,15592
l4-034-ca-fintech,100,2,direct,1,ok,1,223581.901,1,4181,4181
l4-036-au-digital-platform,100,2,direct,1,ok,1,217293.056,3,16258,16258
l4-038-au-online-sales,100,2,direct,1,ok,1,176134.205,1,9686,9686
l4-039-au-fintech,100,2,direct,1,ok,1,231807.099,2,15474,15474
l4-040-au-manufacturer,100,2,direct,1,ok,1,242173.727,0,8201,8201
l4-044-sg-fintech,100,2,direct,1,ok,1,231791.602,2,24359,24359
l4-045-sg-manufacturer,100,2,direct,1,ok,1,201566.317,5,12254,12254
l4-051-th-digital-platform,100,2,direct,1,ok,1,196979.13,1,11182,11182
l4-054-th-fintech,100,2,direct,1,ok,1,234899.464,3,3928,3928
l4-055-th-manufacturer,100,2,direct,1,ok,1,144227.645,5,6617,6617
l4-058-id-online-sales,100,2,direct,1,ok,1,183059.178,3,7197,7197
l4-059-id-fintech,100,2,direct,1,ok,1,224444.144,1,17321,17321
l4-063-my-online-sales,100,2,direct,1,ok,1,171679.917,3,5223,5223
l4-065-my-manufacturer,100,2,direct,1,ok,1,186484.122,2,4845,4845
l4-067-ph-automated-hiring,100,2,direct,1,ok,1,246966.891,0,5510,5510
l4-069-ph-fintech,100,2,direct,1,ok,1,208303.257,4,8266,8266
l4-070-ph-manufacturer,100,2,direct,1,ok,1,229270.079,4,8295,8295
l4-071-in-digital-platform,100,2,direct,1,ok,1,209810.01,2,22506,22506
l4-072-in-automated-hiring,100,2,direct,1,ok,1,248201.65,0,10554,10554
l4-075-in-manufacturer,100,2,direct,1,ok,1,127666.983,2,4668,4668
l4-080-br-manufacturer,100,2,direct,1,ok,1,174116.631,4,6429,6429
l4-081-es-digital-platform,100,2,direct,1,ok,1,209075.352,2,12843,12843
l4-082-es-automated-hiring,100,2,direct,1,ok,1,239115.068,1,15198,15198
l4-083-es-online-sales,100,2,direct,1,ok,1,273179.172,2,15176,15176
l4-088-it-online-sales,100,2,direct,1,ok,1,7233.098,0,,
l4-089-it-fintech,100,2,direct,1,ok,1,32509.576,0,,
l4-090-it-manufacturer,100,2,direct,1,ok,1,7290.534,0,,
l4-092-nl-automated-hiring,100,2,direct,1,ok,1,7183.862,0,,
l4-093-nl-online-sales,100,2,direct,1,ok,1,85136.194,0,,
l4-094-nl-fintech,100,2,direct,1,ok,1,6925.367,0,,
l4-095-nl-manufacturer,100,2,direct,1,ok,1,83122.418,0,,
l4-096-nz-digital-platform,100,2,direct,1,ok,1,173494.24,3,5786,5786
l4-097-nz-automated-hiring,100,2,direct,1,ok,1,247062.677,0,7518,7518
l4-099-nz-fintech,100,2,direct,1,ok,1,227119.883,1,18660,18660
l4-100-nz-manufacturer,100,2,direct,1,ok,1,246646.352,0,12102,12102
l1-001-jp,100,2,original,4,ok,1,107081.518,5,7288,7288
l1-002-jp,100,2,original,4,ok,1,181912.766,0,10180,10180
l1-003-jp,100,2,original,4,ok,1,139791.66,1,9238,9238
l1-005-jp,100,2,original,4,ok,1,142309.425,4,2426,2426
l1-010-us,100,2,original,4,ok,1,85438.315,2,14100,14100
l1-012-cn,100,2,original,4,ok,1,161288.501,0,,
l1-013-cn,100,2,original,4,ok,1,226238.305,0,6991,6991
l1-018-de,100,2,original,4,ok,1,147968.182,0,,
l1-019-de,100,2,original,4,ok,1,120839.916,1,23400,23400
l1-023-fr,100,2,original,4,ok,1,167087.489,0,,
l1-024-fr,100,2,original,4,ok,1,229093.253,3,17877,17877
l1-025-fr,100,2,original,4,ok,1,246401.704,4,13199,13199
l1-027-uk,100,2,original,4,ok,1,218127.704,0,6148,6148
l1-031-ca,100,2,original,4,ok,1,133464.004,0,9753,9753
l1-032-ca,100,2,original,4,ok,1,133585.841,0,2328,2328
l1-033-ca,100,2,original,4,ok,1,232900.224,3,7197,7197
l1-035-ca,100,2,original,4,ok,1,147134.299,0,,
l1-036-au,100,2,original,4,ok,1,129632.396,0,23747,23747
l1-037-au,100,2,original,4,ok,1,242502.422,2,6135,6135
l1-038-au,100,2,original,4,ok,1,215235.921,0,27052,27052
l1-039-au,100,2,original,4,ok,1,131416.33,0,10110,10110
l1-040-au,100,2,original,4,ok,1,221563.24,3,24374,24374
l1-041-sg,100,2,original,4,ok,1,132821.696,0,22558,22558
l1-042-sg,100,2,original,4,ok,1,224677.512,2,18165,18165
l1-044-sg,100,2,original,4,ok,1,133284.068,0,10069,10069
l1-046-vn,100,2,original,4,ok,1,144100.818,0,789,789
l1-049-vn,100,2,original,4,ok,1,119123.655,2,3499,3499
l1-050-vn,100,2,original,4,ok,1,133059.954,0,11069,11069
l1-051-th,100,2,original,4,ok,1,137178.934,1,7247,7247
l1-052-th,100,2,original,4,ok,1,100038.82,1,,
l1-053-th,100,2,original,4,ok,1,240533.386,0,12821,12821
l1-054-th,100,2,original,4,ok,1,235354.206,0,11230,11230
l1-055-th,100,2,original,4,ok,1,104023.258,2,8940,8940
l1-059-id,100,2,original,4,ok,1,129804.314,0,11312,11312
l1-060-id,100,2,original,4,ok,1,133002.107,0,4549,4549
l1-062-my,100,2,original,4,ok,1,235658.752,0,12785,12785
l1-065-my,100,2,original,4,ok,1,227816.405,3,8238,8238
l1-068-ph,100,2,original,4,ok,1,170902.987,0,,
l1-070-ph,100,2,original,4,ok,1,142952.212,0,21636,21636
l1-075-in,100,2,original,4,ok,1,114204.893,1,14522,14522
l1-078-br,100,2,original,4,ok,1,132814.138,0,3690,3690
l1-081-es,100,2,original,4,ok,1,132988.733,0,19919,19919
l1-082-es,100,2,original,4,ok,1,155414.497,0,,
l1-085-es,100,2,original,4,ok,1,133180.039,0,6458,6458
l1-091-nl,100,2,original,4,ok,1,29418.998,0,,
l1-092-nl,100,2,original,4,ok,1,42818.218,0,,
l1-094-nl,100,2,original,4,ok,1,127627.531,0,,
l1-095-nl,100,2,original,4,ok,1,27102.817,0,,
l1-097-nz,100,2,original,4,ok,1,228437.143,3,11822,11822
l1-098-nz,100,2,original,4,ok,1,148206.585,0,,
l2-001-jp-data-rights,100,2,original,4,ok,1,88862.569,1,6424,6424
l2-002-jp-breach,100,2,original,4,ok,1,227570.249,1,3106,3106
l2-003-jp-transfer,100,2,original,4,ok,1,81167.521,2,13808,13808
l2-010-us-worker,100,2,original,4,ok,1,104841.773,4,15612,15612
l2-013-cn-transfer,100,2,original,4,ok,1,79677.389,1,12490,12490
l2-017-de-breach,100,2,original,4,ok,1,238792.249,1,10433,10433
l2-022-fr-breach,100,2,original,4,ok,1,74474.362,2,14061,14061
l2-024-fr-consumer,100,2,original,4,ok,1,103235.957,3,18610,18610
l2-026-uk-data-rights,100,2,original,4,ok,1,169289.477,0,,
l2-029-uk-consumer,100,2,original,4,ok,1,115777.58,2,18523,18523
l2-034-ca-consumer,100,2,original,4,ok,1,66922.228,1,4183,4183
l2-035-ca-worker,100,2,original,4,ok,1,180703.146,2,12496,12496
l2-036-au-data-rights,100,2,original,4,ok,1,178980.103,0,,
l2-038-au-transfer,100,2,original,4,ok,1,242125.73,2,19625,19625
l2-039-au-consumer,100,2,original,4,ok,1,166234.639,0,,
l2-040-au-worker,100,2,original,4,ok,1,81817.582,2,4057,4057
l2-045-sg-worker,100,2,original,4,ok,1,166934.629,1,11064,11064
l2-046-vn-data-rights,100,2,original,4,ok,1,226783.464,2,11418,11418
l2-047-vn-breach,100,2,original,4,ok,1,193177.155,5,11515,11515
l2-051-th-data-rights,100,2,original,4,ok,1,260336.126,1,9181,9181
l2-052-th-breach,100,2,original,4,ok,1,78591.462,2,7597,7597
l2-053-th-transfer,100,2,original,4,ok,1,95974.087,1,10563,10563
l2-054-th-consumer,100,2,original,4,ok,1,165576.085,0,,
l2-055-th-worker,100,2,original,4,ok,1,186337.2,4,9356,9356
l2-056-id-data-rights,100,2,original,4,ok,1,181355.02,1,7438,7438
l2-057-id-breach,100,2,original,4,ok,1,85574.147,2,6847,6847
l2-060-id-worker,100,2,original,4,ok,1,187418.45,1,11993,11993
l2-061-my-data-rights,100,2,original,4,ok,1,199655.966,1,12630,12630
l2-064-my-consumer,100,2,original,4,ok,1,151923.073,0,,
l2-066-ph-data-rights,100,2,original,4,ok,1,184923.315,1,8395,8395
l2-067-ph-breach,100,2,original,4,ok,1,173193.188,2,22469,22469
l2-068-ph-transfer,100,2,original,4,ok,1,173984.783,1,17208,17208
l2-070-ph-worker,100,2,original,4,ok,1,224946.91,1,15929,15929
l2-071-in-data-rights,100,2,original,4,ok,1,107001.366,1,18470,18470
l2-072-in-breach,100,2,original,4,ok,1,75736.447,2,14524,14524
l2-073-in-transfer,100,2,original,4,ok,1,161326.777,2,13023,13023
l2-081-es-data-rights,100,2,original,4,ok,1,111075.436,2,12888,12888
l2-082-es-breach,100,2,original,4,ok,1,110521.386,3,13297,13297
l2-083-es-transfer,100,2,original,4,ok,1,224857.975,2,23525,23525
l2-084-es-consumer,100,2,original,4,ok,1,94131.867,4,19285,19285
l2-085-es-worker,100,2,original,4,ok,1,77581.154,2,15956,15956
l2-086-it-data-rights,100,2,original,4,ok,1,6519.359,0,,
l2-087-it-breach,100,2,original,4,ok,1,6947.418,0,,
l2-088-it-transfer,100,2,original,4,ok,1,168895.95,0,,
l2-089-it-consumer,100,2,original,4,ok,1,3660.066,0,,
l2-090-it-worker,100,2,original,4,ok,1,4168.479,0,,
l2-091-nl-data-rights,100,2,original,4,ok,1,94671.649,0,,
l2-092-nl-breach,100,2,original,4,ok,1,6730.519,0,,
l2-096-nz-data-rights,100,2,original,4,ok,1,112032.406,3,10443,10443
l2-100-nz-worker,100,2,original,4,ok,1,104209.55,3,7221,7221
l3-001-jp-transfer,100,2,original,4,ok,1,248987.897,1,7197,7197
l3-002-jp-breach,100,2,original,4,ok,1,275082.742,3,7703,7703
l3-005-jp-worker-ai,100,2,original,4,ok,1,232036.596,3,4392,4392
l3-007-us-breach,100,2,original,4,ok,1,182993.441,3,11813,11813
l3-008-us-consumer,100,2,original,4,ok,1,114746.835,3,3365,3365
l3-010-us-worker-ai,100,2,original,4,ok,1,127493.09,0,7175,7175
l3-011-cn-transfer,100,2,original,4,ok,1,122343.281,0,12755,12755
l3-013-cn-consumer,100,2,original,4,ok,1,189420.677,2,3970,3970
l3-014-cn-platform,100,2,original,4,ok,1,208762.321,3,12239,12239
l3-015-cn-worker-ai,100,2,original,4,ok,1,127061.728,0,8476,8476
l3-016-de-transfer,100,2,original,4,ok,1,127623.073,0,12755,12755
l3-018-de-consumer,100,2,original,4,ok,1,259004.776,4,10007,10007
l3-019-de-platform,100,2,original,4,ok,1,142152.343,8,12938,12938
l3-020-de-worker-ai,100,2,original,4,ok,1,127469.846,0,8368,8368
l3-023-fr-consumer,100,2,original,4,ok,1,158339.62,2,18723,18723
l3-025-fr-worker-ai,100,2,original,4,ok,1,240959.637,2,22180,22180
l3-026-uk-transfer,100,2,original,4,ok,1,127295.337,0,13411,13411
l3-028-uk-consumer,100,2,original,4,ok,1,124409.142,0,9665,9665
l3-030-uk-worker-ai,100,2,original,4,ok,1,124204.515,0,4292,4292
l3-032-ca-breach,100,2,original,4,ok,1,125911.077,0,14843,14843
l3-033-ca-consumer,100,2,original,4,ok,1,140195.387,2,3365,3365
l3-037-au-breach,100,2,original,4,ok,1,231230.865,2,15001,15001
l3-039-au-platform,100,2,original,4,ok,1,128104.475,0,14860,14860
l3-041-sg-transfer,100,2,original,4,ok,1,193260.94,0,20275,20275
l3-043-sg-consumer,100,2,original,4,ok,1,197155.273,0,4226,4226
l3-045-sg-worker-ai,100,2,original,4,ok,1,4468.135,0,,
l3-046-vn-transfer,100,2,original,4,ok,1,127159.82,0,20275,20275
l3-047-vn-breach,100,2,original,4,ok,1,128891.062,0,10201,10201
l3-053-th-consumer,100,2,original,4,ok,1,237444.283,2,10576,10576
l3-054-th-platform,100,2,original,4,ok,1,103741.375,0,,
l3-056-id-transfer,100,2,original,4,ok,1,200433.664,0,10146,10146
l3-057-id-breach,100,2,original,4,ok,1,128561.355,0,19472,19472
l3-058-id-consumer,100,2,original,4,ok,1,186414.298,0,19316,19316
l3-059-id-platform,100,2,original,4,ok,1,7351.433,0,,
l3-062-my-breach,100,2,original,4,ok,1,125459.088,0,9785,9785
l3-063-my-consumer,100,2,original,4,ok,1,19681.635,0,,
l3-065-my-worker-ai,100,2,original,4,ok,1,193451.838,0,27006,27006
l3-066-ph-transfer,100,2,original,4,ok,1,241359.306,0,15398,15398
l3-067-ph-breach,100,2,original,4,ok,1,151660.151,1,13042,13042
l3-072-in-breach,100,2,original,4,ok,1,49523.373,0,,
l3-073-in-consumer,100,2,original,4,ok,1,131068.943,3,7923,7923
l3-075-in-worker-ai,100,2,original,4,ok,1,147387.24,2,14917,14917
l3-078-br-consumer,100,2,original,4,ok,1,142229.852,2,6798,6798
l3-079-br-platform,100,2,original,4,ok,1,152937.787,1,18698,18698
l3-081-es-transfer,100,2,original,4,ok,1,121437.218,0,,
l3-082-es-breach,100,2,original,4,ok,1,199527.465,1,24804,24804
l3-088-it-consumer,100,2,original,4,ok,1,7210.736,0,,
l3-092-nl-breach,100,2,original,4,ok,1,8434.718,0,,
l3-098-nz-consumer,100,2,original,4,ok,1,175399.486,3,18723,18723
l3-100-nz-worker-ai,100,2,original,4,ok,1,127778.192,0,19028,19028
l4-001-jp-digital-platform,100,2,original,4,ok,1,243767.338,0,14131,14131
l4-004-jp-fintech,100,2,original,4,ok,1,170601.215,5,5371,5371
l4-008-us-online-sales,100,2,original,4,ok,1,241519.089,3,6812,6812
l4-009-us-fintech,100,2,original,4,ok,1,248849.046,6,12266,12266
l4-012-cn-automated-hiring,100,2,original,4,ok,1,245719.763,0,8376,8376
l4-015-cn-manufacturer,100,2,original,4,ok,1,255602.025,6,4731,4731
l4-016-de-digital-platform,100,2,original,4,ok,1,166544.232,3,17609,17609
l4-020-de-manufacturer,100,2,original,4,ok,1,144558.248,6,9282,9282
l4-021-fr-digital-platform,100,2,original,4,ok,1,186264.425,2,21543,21543
l4-022-fr-automated-hiring,100,2,original,4,ok,1,247197.48,0,26352,26352
l4-023-fr-online-sales,100,2,original,4,ok,1,133328.224,5,20824,20824
l4-024-fr-fintech,100,2,original,4,ok,1,232832.232,2,23838,23838
l4-027-uk-automated-hiring,100,2,original,4,ok,1,246423.57,0,7729,7729
l4-029-uk-fintech,100,2,original,4,ok,1,233773.587,3,6139,6139
l4-032-ca-automated-hiring,100,2,original,4,ok,1,254576.402,4,15592,15592
l4-034-ca-fintech,100,2,original,4,ok,1,237356.688,1,4169,4169
l4-036-au-digital-platform,100,2,original,4,ok,1,240303.404,3,16258,16258
l4-038-au-online-sales,100,2,original,4,ok,1,157476.585,2,7923,7923
l4-039-au-fintech,100,2,original,4,ok,1,237054.493,2,15464,15464
l4-040-au-manufacturer,100,2,original,4,ok,1,238394.152,1,6383,6383
l4-044-sg-fintech,100,2,original,4,ok,1,246170.121,0,25258,25258
l4-045-sg-manufacturer,100,2,original,4,ok,1,211565.767,3,2864,2864
l4-051-th-digital-platform,100,2,original,4,ok,1,197172.209,1,11182,11182
l4-054-th-fintech,100,2,original,4,ok,1,235096.417,3,3926,3926
l4-055-th-manufacturer,100,2,original,4,ok,1,147994.727,6,6138,6138
l4-058-id-online-sales,100,2,original,4,ok,1,200033.578,4,8118,8118
l4-059-id-fintech,100,2,original,4,ok,1,233285.609,1,17311,17311
l4-063-my-online-sales,100,2,original,4,ok,1,127263.173,3,5223,5223
l4-065-my-manufacturer,100,2,original,4,ok,1,254968.445,2,4845,4845
l4-067-ph-automated-hiring,100,2,original,4,ok,1,244478.465,3,5510,5510
l4-069-ph-fintech,100,2,original,4,ok,1,208152.729,4,8266,8266
l4-070-ph-manufacturer,100,2,original,4,ok,1,235579.927,4,7530,7530
l4-071-in-digital-platform,100,2,original,4,ok,1,237715.231,2,22506,22506
l4-072-in-automated-hiring,100,2,original,4,ok,1,247839.3,0,10554,10554
l4-075-in-manufacturer,100,2,original,4,ok,1,133298.028,2,4668,4668
l4-080-br-manufacturer,100,2,original,4,ok,1,175370.252,4,6510,6510
l4-081-es-digital-platform,100,2,original,4,ok,1,231379.551,2,12843,12843
l4-082-es-automated-hiring,100,2,original,4,ok,1,249521.034,1,15198,15198
l4-083-es-online-sales,100,2,original,4,ok,1,159266.349,0,,
l4-088-it-online-sales,100,2,original,4,ok,1,6741.483,0,,
l4-089-it-fintech,100,2,original,4,ok,1,47995.802,0,,
l4-090-it-manufacturer,100,2,original,4,ok,1,7091.511,0,,
l4-092-nl-automated-hiring,100,2,original,4,ok,1,7093.629,0,,
l4-093-nl-online-sales,100,2,original,4,ok,1,107177.812,0,,
l4-094-nl-fintech,100,2,original,4,ok,1,6301.046,0,,
l4-095-nl-manufacturer,100,2,original,4,ok,1,94575.371,0,,
l4-096-nz-digital-platform,100,2,original,4,ok,1,191290.161,3,5786,5786
l4-097-nz-automated-hiring,100,2,original,4,ok,1,246743.14,0,7518,7518
l4-099-nz-fintech,100,2,original,4,ok,1,246120.684,0,18660,18660
l4-100-nz-manufacturer,100,2,original,4,ok,1,240480.033,2,12098,12098
l1-001-jp,100,2,reduce,2,ok,1,113986.259,5,7288,4216
l1-002-jp,100,2,reduce,2,ok,1,124338.719,0,10180,5217
l1-003-jp,100,2,reduce,2,ok,1,168455.753,1,9238,6242
l1-005-jp,100,2,reduce,2,ok,1,170343.207,4,2426,1546
l1-010-us,100,2,reduce,2,ok,1,77933.164,2,14100,2578
l1-012-cn,100,2,reduce,2,ok,1,212715.472,2,6783,4146
l1-013-cn,100,2,reduce,2,ok,1,144892.387,0,6991,4371
l1-018-de,100,2,reduce,2,ok,1,214697.506,4,9933,4929
l1-019-de,100,2,reduce,2,ok,1,89627.425,3,23400,3735
l1-023-fr,100,2,reduce,2,ok,1,188087.459,0,26211,10039
l1-024-fr,100,2,reduce,2,ok,1,175850.824,2,17877,6432
l1-025-fr,100,2,reduce,2,ok,1,194706.839,2,13199,4235
l1-027-uk,100,2,reduce,2,ok,1,137196.786,0,6148,3677
l1-031-ca,100,2,reduce,2,ok,1,186684.232,4,9753,5724
l1-032-ca,100,2,reduce,2,ok,1,93047.47,1,2328,1327
l1-033-ca,100,2,reduce,2,ok,1,185284.404,3,7197,2079
l1-035-ca,100,2,reduce,2,ok,1,171715.352,0,9148,4466
l1-036-au,100,2,reduce,2,ok,1,136102.684,5,23747,3574
l1-037-au,100,2,reduce,2,ok,1,191518.598,2,6135,2823
l1-038-au,100,2,reduce,2,ok,1,132085.939,0,27052,5793
l1-039-au,100,2,reduce,2,ok,1,174532.784,1,10110,4894
l1-040-au,100,2,reduce,2,ok,1,136124.623,0,24374,4680
l1-041-sg,100,2,reduce,2,ok,1,190634.697,1,22558,8527
l1-042-sg,100,2,reduce,2,ok,1,134166.594,0,18165,6691
l1-044-sg,100,2,reduce,2,ok,1,191578.455,3,10069,3178
l1-046-vn,100,2,reduce,2,ok,1,182206.769,1,789,525
l1-049-vn,100,2,reduce,2,ok,1,121481.648,2,3499,2125
l1-050-vn,100,2,reduce,2,ok,1,186934.244,4,11069,5666
l1-051-th,100,2,reduce,2,ok,1,184715.361,1,7247,4600
l1-052-th,100,2,reduce,2,ok,1,180585.087,1,9447,5478
l1-053-th,100,2,reduce,2,ok,1,161875.424,0,12821,8136
l1-054-th,100,2,reduce,2,ok,1,127611.881,0,11230,6871
l1-055-th,100,2,reduce,2,ok,1,174477.569,2,8940,3102
l1-059-id,100,2,reduce,2,ok,1,129857.057,0,11312,6690
l1-060-id,100,2,reduce,2,ok,1,160578.463,3,4549,3081
l1-062-my,100,2,reduce,2,ok,1,129364.618,0,12785,8316
l1-065-my,100,2,reduce,2,ok,1,177892.762,3,8238,3940
l1-068-ph,100,2,reduce,2,ok,1,198641.714,0,17211,9658
l1-070-ph,100,2,reduce,2,ok,1,178485.203,3,21636,6843
l1-075-in,100,2,reduce,2,ok,1,177089.12,1,14522,11454
l1-078-br,100,2,reduce,2,ok,1,190976.259,1,3690,1546
l1-081-es,100,2,reduce,2,ok,1,183471.76,3,19919,10157
l1-082-es,100,2,reduce,2,ok,1,203176.001,5,12552,5945
l1-085-es,100,2,reduce,2,ok,1,189539.59,1,6458,2901
l1-091-nl,100,2,reduce,2,ok,1,25555.588,0,,
l1-092-nl,100,2,reduce,2,ok,1,120712.94,0,,
l1-094-nl,100,2,reduce,2,ok,1,109973.314,0,,
l1-095-nl,100,2,reduce,2,ok,1,26448.655,0,,
l1-097-nz,100,2,reduce,2,ok,1,179932.698,2,11822,4512
l1-098-nz,100,2,reduce,2,ok,1,213987.259,1,9519,2127
l2-001-jp-data-rights,100,2,reduce,2,ok,1,92122.591,1,6919,4331
l2-002-jp-breach,100,2,reduce,2,ok,1,147134.723,3,3108,2112
l2-003-jp-transfer,100,2,reduce,2,ok,1,68507.049,2,13808,5496
l2-010-us-worker,100,2,reduce,2,ok,1,74842.998,2,15612,5228
l2-013-cn-transfer,100,2,reduce,2,ok,1,81991.641,1,12490,6712
l2-017-de-breach,100,2,reduce,2,ok,1,187372.493,2,10431,5163
l2-022-fr-breach,100,2,reduce,2,ok,1,126649.157,3,14059,5192
l2-024-fr-consumer,100,2,reduce,2,ok,1,122684.315,2,18608,6010
l2-026-uk-data-rights,100,2,reduce,2,ok,1,214314.812,3,3669,2426
l2-029-uk-consumer,100,2,reduce,2,ok,1,140626.135,2,18523,8843
l2-034-ca-consumer,100,2,reduce,2,ok,1,72342.12,1,4183,2205
l2-035-ca-worker,100,2,reduce,2,ok,1,167802.703,2,12496,4322
l2-036-au-data-rights,100,2,reduce,2,ok,1,219219.317,2,12681,4100
l2-038-au-transfer,100,2,reduce,2,ok,1,146326.747,2,19625,5758
l2-039-au-consumer,100,2,reduce,2,ok,1,204149.012,3,9500,4326
l2-040-au-worker,100,2,reduce,2,ok,1,114128.265,2,4057,2770
l2-045-sg-worker,100,2,reduce,2,ok,1,166103.493,1,11064,4423
l2-046-vn-data-rights,100,2,reduce,2,ok,1,185645.255,2,11418,5942
l2-047-vn-breach,100,2,reduce,2,ok,1,167821.339,4,10566,4230
l2-051-th-data-rights,100,2,reduce,2,ok,1,196826.312,1,9181,6443
l2-052-th-breach,100,2,reduce,2,ok,1,79490.079,2,7597,4614
l2-053-th-transfer,100,2,reduce,2,ok,1,93563.018,1,10563,7155
l2-054-th-consumer,100,2,reduce,2,ok,1,205112.533,2,5633,2751
l2-055-th-worker,100,2,reduce,2,ok,1,163775.37,2,9356,3416
l2-056-id-data-rights,100,2,reduce,2,ok,1,184294.587,1,7438,4222
l2-057-id-breach,100,2,reduce,2,ok,1,101014.086,2,6847,2599
l2-060-id-worker,100,2,reduce,2,ok,1,186386.726,1,11993,6920
l2-061-my-data-rights,100,2,reduce,2,ok,1,177257.968,1,12630,5604
l2-064-my-consumer,100,2,reduce,2,ok,1,197371.703,4,5533,2939
l2-066-ph-data-rights,100,2,reduce,2,ok,1,116312.089,1,8395,5135
l2-067-ph-breach,100,2,reduce,2,ok,1,193627.185,2,22469,8201
l2-068-ph-transfer,100,2,reduce,2,ok,1,162523.92,1,17208,7814
l2-070-ph-worker,100,2,reduce,2,ok,1,198462.294,1,15929,7460
l2-071-in-data-rights,100,2,reduce,2,ok,1,115893.184,1,18470,5881
l2-072-in-breach,100,2,reduce,2,ok,1,84626.224,3,14524,4193
l2-073-in-transfer,100,2,reduce,2,ok,1,170841.33,2,13023,4151
l2-081-es-data-rights,100,2,reduce,2,ok,1,110961.825,2,12890,7471
l2-082-es-breach,100,2,reduce,2,ok,1,96066.889,3,13297,2708
l2-083-es-transfer,100,2,reduce,2,ok,1,216411.87,2,23525,9554
l2-084-es-consumer,100,2,reduce,2,ok,1,97932.007,4,19285,7712
l2-085-es-worker,100,2,reduce,2,ok,1,104744.461,2,15956,7871
l2-086-it-data-rights,100,2,reduce,2,ok,1,7690.502,0,,
l2-087-it-breach,100,2,reduce,2,ok,1,7692.745,0,,
l2-088-it-transfer,100,2,reduce,2,ok,1,57981.699,0,,
l2-089-it-consumer,100,2,reduce,2,ok,1,4053.564,0,,
l2-090-it-worker,100,2,reduce,2,ok,1,3466.269,0,,
l2-091-nl-data-rights,100,2,reduce,2,ok,1,12650.821,0,,
l2-092-nl-breach,100,2,reduce,2,ok,1,7884.054,0,,
l2-096-nz-data-rights,100,2,reduce,2,ok,1,107464.85,2,10443,3245
l2-100-nz-worker,100,2,reduce,2,ok,1,105265.931,3,7221,4778
l3-001-jp-transfer,100,2,reduce,2,ok,1,127624.716,0,8091,3479
l3-002-jp-breach,100,2,reduce,2,ok,1,263615.717,3,12720,6670
l3-005-jp-worker-ai,100,2,reduce,2,ok,1,134287.226,0,4400,2110
l3-007-us-breach,100,2,reduce,2,ok,1,132126.569,3,16651,5387
l3-008-us-consumer,100,2,reduce,2,ok,1,132618.268,4,9845,4022
l3-010-us-worker-ai,100,2,reduce,2,ok,1,139718.937,2,6194,3090
l3-011-cn-transfer,100,2,reduce,2,ok,1,122647.767,0,12757,5244
l3-013-cn-consumer,100,2,reduce,2,ok,1,128042.972,0,3970,2777
l3-014-cn-platform,100,2,reduce,2,ok,1,125597.669,0,12239,5376
l3-015-cn-worker-ai,100,2,reduce,2,ok,1,140074.607,3,8086,2740
l3-016-de-transfer,100,2,reduce,2,ok,1,152578.824,2,12757,5244
l3-018-de-consumer,100,2,reduce,2,ok,1,168016.866,0,10007,4403
l3-019-de-platform,100,2,reduce,2,ok,1,147163.832,3,15399,8337
l3-020-de-worker-ai,100,2,reduce,2,ok,1,160812.642,2,8364,3044
l3-023-fr-consumer,100,2,reduce,2,ok,1,197379.45,2,18723,6787
l3-025-fr-worker-ai,100,2,reduce,2,ok,1,125941.341,0,22367,11530
l3-026-uk-transfer,100,2,reduce,2,ok,1,159325.498,4,13407,2976
l3-028-uk-consumer,100,2,reduce,2,ok,1,162160.343,1,9665,5729
l3-030-uk-worker-ai,100,2,reduce,2,ok,1,149001.226,1,14921,4575
l3-032-ca-breach,100,2,reduce,2,ok,1,193009.988,2,8945,4052
l3-033-ca-consumer,100,2,reduce,2,ok,1,145213.655,2,3365,1653
l3-037-au-breach,100,2,reduce,2,ok,1,143409.269,0,15005,3682
l3-039-au-platform,100,2,reduce,2,ok,1,157574.309,2,22450,9632
l3-041-sg-transfer,100,2,reduce,2,ok,1,123546.185,0,27089,7735
l3-043-sg-consumer,100,2,reduce,2,ok,1,124561.889,0,4226,2147
l3-045-sg-worker-ai,100,2,reduce,2,ok,1,4433.868,0,,
l3-046-vn-transfer,100,2,reduce,2,ok,1,128137.539,0,27089,7735
l3-047-vn-breach,100,2,reduce,2,ok,1,143822.319,4,11753,6663
l3-053-th-consumer,100,2,reduce,2,ok,1,186272.76,0,11856,4671
l3-054-th-platform,100,2,reduce,2,ok,1,23334.928,0,,
l3-056-id-transfer,100,2,reduce,2,ok,1,124258.268,0,12638,5802
l3-057-id-breach,100,2,reduce,2,ok,1,114246.454,3,18911,7827
l3-058-id-consumer,100,2,reduce,2,ok,1,122257.427,0,19316,6975
l3-059-id-platform,100,2,reduce,2,ok,1,8590.096,0,,
l3-062-my-breach,100,2,reduce,2,ok,1,125461.18,0,10556,5393
l3-063-my-consumer,100,2,reduce,2,ok,1,1910.458,0,,
l3-065-my-worker-ai,100,2,reduce,2,ok,1,123371.367,0,27016,5954
l3-066-ph-transfer,100,2,reduce,2,ok,1,157641.377,0,11631,3197
l3-067-ph-breach,100,2,reduce,2,ok,1,132388.131,2,23909,10371
l3-072-in-breach,100,2,reduce,2,ok,1,2320.53,0,,
l3-073-in-consumer,100,2,reduce,2,ok,1,137193.916,3,7923,2982
l3-075-in-worker-ai,100,2,reduce,2,ok,1,155558.788,1,8364,3044
l3-078-br-consumer,100,2,reduce,2,ok,1,115671.152,2,4633,3438
l3-079-br-platform,100,2,reduce,2,ok,1,124951.159,1,1482,703
l3-081-es-transfer,100,2,reduce,2,ok,1,40578.112,0,,
l3-082-es-breach,100,2,reduce,2,ok,1,157335.667,1,23909,10371
l3-088-it-consumer,100,2,reduce,2,ok,1,8402.636,0,,
l3-092-nl-breach,100,2,reduce,2,ok,1,8980.545,0,,
l3-098-nz-consumer,100,2,reduce,2,ok,1,130996.868,0,18723,6787
l3-100-nz-worker-ai,100,2,reduce,2,ok,1,212025.697,5,19016,9083
l4-001-jp-digital-platform,100,2,reduce,2,ok,1,244736.761,0,16492,8532
l4-004-jp-fintech,100,2,reduce,2,ok,1,148040.592,4,4873,3085
l4-008-us-online-sales,100,2,reduce,2,ok,1,190858.628,4,6816,4576
l4-009-us-fintech,100,2,reduce,2,ok,1,191416.481,6,12266,4474
l4-012-cn-automated-hiring,100,2,reduce,2,ok,1,216288.635,5,7435,4966
l4-015-cn-manufacturer,100,2,reduce,2,ok,1,201175.096,6,4731,3238
l4-016-de-digital-platform,100,2,reduce,2,ok,1,170599.457,3,17611,3249
l4-020-de-manufacturer,100,2,reduce,2,ok,1,138060.212,5,9280,3598
l4-021-fr-digital-platform,100,2,reduce,2,ok,1,145206.048,2,21551,8921
l4-022-fr-automated-hiring,100,2,reduce,2,ok,1,200031.122,3,22817,6973
l4-023-fr-online-sales,100,2,reduce,2,ok,1,159845.702,5,19363,8204
l4-024-fr-fintech,100,2,reduce,2,ok,1,185415.202,1,24408,8153
l4-027-uk-automated-hiring,100,2,reduce,2,ok,1,246406.639,0,9464,5783
l4-029-uk-fintech,100,2,reduce,2,ok,1,176350.068,3,6141,2202
l4-032-ca-automated-hiring,100,2,reduce,2,ok,1,187855.073,5,15592,6459
l4-034-ca-fintech,100,2,reduce,2,ok,1,150809.058,2,4179,1468
l4-036-au-digital-platform,100,2,reduce,2,ok,1,189879.751,3,16254,4874
l4-038-au-online-sales,100,2,reduce,2,ok,1,140278.318,1,9684,4649
l4-039-au-fintech,100,2,reduce,2,ok,1,98284.408,3,15470,4977
l4-040-au-manufacturer,100,2,reduce,2,ok,1,244360.076,0,8199,4113
l4-044-sg-fintech,100,2,reduce,2,ok,1,165840.031,4,24356,9085
l4-045-sg-manufacturer,100,2,reduce,2,ok,1,180877.628,3,2864,1827
l4-051-th-digital-platform,100,2,reduce,2,ok,1,180542.283,1,11933,7804
l4-054-th-fintech,100,2,reduce,2,ok,1,177623.108,3,3922,2666
l4-055-th-manufacturer,100,2,reduce,2,ok,1,136229.181,6,6617,3784
l4-058-id-online-sales,100,2,reduce,2,ok,1,182596.323,3,7753,4418
l4-059-id-fintech,100,2,reduce,2,ok,1,193935.014,4,18231,7305
l4-063-my-online-sales,100,2,reduce,2,ok,1,158776.866,3,5223,3468
l4-065-my-manufacturer,100,2,reduce,2,ok,1,196374.926,2,4845,3022
l4-067-ph-automated-hiring,100,2,reduce,2,ok,1,230372.182,4,5942,3560
l4-069-ph-fintech,100,2,reduce,2,ok,1,185287.853,3,8264,4289
l4-070-ph-manufacturer,100,2,reduce,2,ok,1,149114.594,8,8293,5373
l4-071-in-digital-platform,100,2,reduce,2,ok,1,198098.56,2,21014,9442
l4-072-in-automated-hiring,100,2,reduce,2,ok,1,248191.944,0,10554,3888
l4-075-in-manufacturer,100,2,reduce,2,ok,1,131217.029,2,4670,2731
l4-080-br-manufacturer,100,2,reduce,2,ok,1,164302.879,4,6427,4302
l4-081-es-digital-platform,100,2,reduce,2,ok,1,188261.429,2,12843,6199
l4-082-es-automated-hiring,100,2,reduce,2,ok,1,187750.974,1,16101,8398
l4-083-es-online-sales,100,2,reduce,2,ok,1,232535.862,3,25070,10342
l4-088-it-online-sales,100,2,reduce,2,ok,1,7848.747,0,,
l4-089-it-fintech,100,2,reduce,2,ok,1,1670.44,0,,
l4-090-it-manufacturer,100,2,reduce,2,ok,1,8087.534,0,,
l4-092-nl-automated-hiring,100,2,reduce,2,ok,1,7749.02,0,,
l4-093-nl-online-sales,100,2,reduce,2,ok,1,26507.243,0,,
l4-094-nl-fintech,100,2,reduce,2,ok,1,7988.473,0,,
l4-095-nl-manufacturer,100,2,reduce,2,ok,1,11563.104,0,,
l4-096-nz-digital-platform,100,2,reduce,2,ok,1,176629.649,3,5784,3435
l4-097-nz-automated-hiring,100,2,reduce,2,ok,1,210046.667,4,7034,3836
l4-099-nz-fintech,100,2,reduce,2,ok,1,151223.8,2,18660,3462
l4-100-nz-manufacturer,100,2,reduce,2,ok,1,192036.414,3,10026,6893
l1-001-jp,100,3,combined,2,ok,1,173503.517,5,7288,4216
l1-002-jp,100,3,combined,2,ok,1,199639.119,2,10180,5217
l1-003-jp,100,3,combined,2,ok,1,192180.158,1,9238,6242
l1-005-jp,100,3,combined,2,ok,1,198337.657,4,2426,1546
l1-010-us,100,3,combined,2,ok,1,185014.545,2,14100,2578
l1-012-cn,100,3,combined,2,ok,1,233937.681,2,6783,4146
l1-013-cn,100,3,combined,2,ok,1,207120.081,1,6991,4371
l1-018-de,100,3,combined,2,ok,1,238245.469,4,9933,4929
l1-019-de,100,3,combined,2,ok,1,205002.952,3,23400,3735
l1-023-fr,100,3,combined,2,ok,1,252153.402,1,26211,10039
l1-024-fr,100,3,combined,2,ok,1,209521.421,2,17877,6432
l1-025-fr,100,3,combined,2,ok,1,220920.412,2,13199,4235
l1-027-uk,100,3,combined,2,ok,1,198004.563,2,6148,3677
l1-031-ca,100,3,combined,2,ok,1,177090.452,4,9753,5724
l1-032-ca,100,3,combined,2,ok,1,211165.223,1,2328,1327
l1-033-ca,100,3,combined,2,ok,1,226010.078,3,7197,2079
l1-035-ca,100,3,combined,2,ok,1,233934.357,1,9148,4466
l1-036-au,100,3,combined,2,ok,1,71578.287,5,23747,3574
l1-037-au,100,3,combined,2,ok,1,218150.764,2,6135,2823
l1-038-au,100,3,combined,2,ok,1,209751.265,5,27052,5793
l1-039-au,100,3,combined,2,ok,1,174602.745,1,10110,4894
l1-040-au,100,3,combined,2,ok,1,206342.805,3,24374,4680
l1-041-sg,100,3,combined,2,ok,1,218479.282,1,17319,7595
l1-042-sg,100,3,combined,2,ok,1,221861.85,3,18165,6691
l1-044-sg,100,3,combined,2,ok,1,216202.274,3,10069,3178
l1-046-vn,100,3,combined,2,ok,1,191337.195,1,789,525
l1-049-vn,100,3,combined,2,ok,1,176212.325,2,19841,7354
l1-050-vn,100,3,combined,2,ok,1,189873.208,4,11069,5666
l1-051-th,100,3,combined,2,ok,1,170375.226,1,7247,4600
l1-052-th,100,3,combined,2,ok,1,196802.191,1,9447,5478
l1-053-th,100,3,combined,2,ok,1,221132.891,1,12821,8136
l1-054-th,100,3,combined,2,ok,1,207694.565,2,11230,6871
l1-055-th,100,3,combined,2,ok,1,138863.375,2,8940,3102
l1-059-id,100,3,combined,2,ok,1,127941.588,0,11312,6690
l1-060-id,100,3,combined,2,ok,1,179382.606,3,4549,3081
l1-062-my,100,3,combined,2,ok,1,189065.513,1,12785,8316
l1-065-my,100,3,combined,2,ok,1,202664.816,3,8238,3940
l1-068-ph,100,3,combined,2,ok,1,243662.577,1,17211,9658
l1-070-ph,100,3,combined,2,ok,1,182256.783,3,21636,6843
l1-075-in,100,3,combined,2,ok,1,122623.828,1,14522,11454
l1-078-br,100,3,combined,2,ok,1,180377.179,1,3690,1546
l1-081-es,100,3,combined,2,ok,1,164367.759,3,19919,10157
l1-082-es,100,3,combined,2,ok,1,235246.969,5,12552,5945
l1-085-es,100,3,combined,2,ok,1,202163.79,1,6458,2901
l1-091-nl,100,3,combined,2,ok,1,132152.799,0,,
l1-092-nl,100,3,combined,2,ok,1,125513.3,0,,
l1-094-nl,100,3,combined,2,ok,1,126698.128,0,,
l1-095-nl,100,3,combined,2,ok,1,132330.774,0,,
l1-097-nz,100,3,combined,2,ok,1,202104.257,2,11822,4512
l1-098-nz,100,3,combined,2,ok,1,234536.703,1,9519,2127
l2-001-jp-data-rights,100,3,combined,2,ok,1,68505.686,1,6913,4331
l2-002-jp-breach,100,3,combined,2,ok,1,156694.936,3,3106,2112
l2-003-jp-transfer,100,3,combined,2,ok,1,71287.039,2,13808,5496
l2-010-us-worker,100,3,combined,2,ok,1,89029.669,2,15612,5228
l2-013-cn-transfer,100,3,combined,2,ok,1,115737.061,1,12490,6712
l2-017-de-breach,100,3,combined,2,ok,1,167653.808,2,10435,5163
l2-022-fr-breach,100,3,combined,2,ok,1,51625.774,3,14077,5192
l2-024-fr-consumer,100,3,combined,2,ok,1,81722.468,2,18608,6010
l2-026-uk-data-rights,100,3,combined,2,ok,1,198448.941,3,3671,2426
l2-029-uk-consumer,100,3,combined,2,ok,1,136963.304,2,18523,8843
l2-034-ca-consumer,100,3,combined,2,ok,1,76530.529,1,4183,2205
l2-035-ca-worker,100,3,combined,2,ok,1,149209.612,2,12496,4322
l2-036-au-data-rights,100,3,combined,2,ok,1,205105.498,3,13397,4573
l2-038-au-transfer,100,3,combined,2,ok,1,155193.503,2,19625,5758
l2-039-au-consumer,100,3,combined,2,ok,1,179517.678,3,9500,4326
l2-040-au-worker,100,3,combined,2,ok,1,77924.148,2,4057,2770
l2-045-sg-worker,100,3,combined,2,ok,1,143995.936,1,11064,4423
l2-046-vn-data-rights,100,3,combined,2,ok,1,156704.661,2,11420,5942
l2-047-vn-breach,100,3,combined,2,ok,1,146822.969,4,10564,4230
l2-051-th-data-rights,100,3,combined,2,ok,1,170225.416,1,8705,6118
l2-052-th-breach,100,3,combined,2,ok,1,65633.614,2,7599,4614
l2-053-th-transfer,100,3,combined,2,ok,1,95318.244,1,10563,7155
l2-054-th-consumer,100,3,combined,2,ok,1,183053.252,2,5633,2751
l2-055-th-worker,100,3,combined,2,ok,1,143642.183,2,9356,3416
l2-056-id-data-rights,100,3,combined,2,ok,1,148432.83,1,7751,4420
l2-057-id-breach,100,3,combined,2,ok,1,92597.683,2,6849,2599
l2-060-id-worker,100,3,combined,2,ok,1,162632.328,1,11993,6920
l2-061-my-data-rights,100,3,combined,2,ok,1,164979.926,1,12115,5226
l2-064-my-consumer,100,3,combined,2,ok,1,176329.003,4,5533,2939
l2-066-ph-data-rights,100,3,combined,2,ok,1,151960.328,1,8389,5135
l2-067-ph-breach,100,3,combined,2,ok,1,158135.166,2,22467,8201
l2-068-ph-transfer,100,3,combined,2,ok,1,142668.828,1,17208,7814
l2-070-ph-worker,100,3,combined,2,ok,1,194081.334,1,15929,7460
l2-071-in-data-rights,100,3,combined,2,ok,1,142038.097,1,18462,5881
l2-072-in-breach,100,3,combined,2,ok,1,82236.768,3,15304,4648
l2-073-in-transfer,100,3,combined,2,ok,1,164568.489,2,13023,4151
l2-081-es-data-rights,100,3,combined,2,ok,1,116858.916,2,12886,7471
l2-082-es-breach,100,3,combined,2,ok,1,93684.354,3,13299,2708
l2-083-es-transfer,100,3,combined,2,ok,1,210645.809,2,23525,9554
l2-084-es-consumer,100,3,combined,2,ok,1,114014.363,4,19285,7712
l2-085-es-worker,100,3,combined,2,ok,1,104122.931,2,15423,7315
l2-086-it-data-rights,100,3,combined,2,ok,1,8995.416,0,,
l2-087-it-breach,100,3,combined,2,ok,1,8557.024,0,,
l2-088-it-transfer,100,3,combined,2,ok,1,49968.5,0,,
l2-089-it-consumer,100,3,combined,2,ok,1,3913.304,0,,
l2-090-it-worker,100,3,combined,2,ok,1,3643.774,0,,
l2-091-nl-data-rights,100,3,combined,2,ok,1,4443.126,0,,
l2-092-nl-breach,100,3,combined,2,ok,1,8603.202,0,,
l2-096-nz-data-rights,100,3,combined,2,ok,1,145818.766,2,10443,3245
l2-100-nz-worker,100,3,combined,2,ok,1,96598.337,3,7221,4778
l3-001-jp-transfer,100,3,combined,2,ok,1,129213.307,1,7197,2993
l3-002-jp-breach,100,3,combined,2,ok,1,159587.573,3,7703,3372
l3-005-jp-worker-ai,100,3,combined,2,ok,1,103701.043,2,4404,2110
l3-007-us-breach,100,3,combined,2,ok,1,114636.395,2,16651,5387
l3-008-us-consumer,100,3,combined,2,ok,1,111733.273,4,9845,4022
l3-010-us-worker-ai,100,3,combined,2,ok,1,127780.116,2,27014,5954
l3-011-cn-transfer,100,3,combined,2,ok,1,168183.782,4,8357,5035
l3-013-cn-consumer,100,3,combined,2,ok,1,116994.627,2,3970,2777
l3-014-cn-platform,100,3,combined,2,ok,1,123585.865,3,12239,5376
l3-015-cn-worker-ai,100,3,combined,2,ok,1,126227.338,2,8086,2740
l3-016-de-transfer,100,3,combined,2,ok,1,141302.919,3,14985,5053
l3-018-de-consumer,100,3,combined,2,ok,1,111867.499,5,10007,4403
l3-019-de-platform,100,3,combined,2,ok,1,137766.295,4,12938,5495
l3-020-de-worker-ai,100,3,combined,2,ok,1,148337.492,2,8364,3044
l3-023-fr-consumer,100,3,combined,2,ok,1,163651.006,2,18723,6787
l3-025-fr-worker-ai,100,3,combined,2,ok,1,132498.518,3,22178,11364
l3-026-uk-transfer,100,3,combined,2,ok,1,147625.641,4,9652,2499
l3-028-uk-consumer,100,3,combined,2,ok,1,132768.444,2,7451,4280
l3-030-uk-worker-ai,100,3,combined,2,ok,1,146496.938,3,14921,4575
l3-032-ca-breach,100,3,combined,2,ok,1,187294.094,6,13164,5990
l3-033-ca-consumer,100,3,combined,2,ok,1,145778.272,2,3365,1653
l3-037-au-breach,100,3,combined,2,ok,1,101957.36,2,4758,2226
l3-039-au-platform,100,3,combined,2,ok,1,134561.836,2,14860,4755
l3-041-sg-transfer,100,3,combined,2,ok,1,161680.21,2,27083,7735
l3-043-sg-consumer,100,3,combined,2,ok,1,129789.579,2,4226,2147
l3-045-sg-worker-ai,100,3,combined,2,ok,1,4441.916,0,,
l3-046-vn-transfer,100,3,combined,2,ok,1,146718.206,1,10573,7155
l3-047-vn-breach,100,3,combined,2,ok,1,100901.114,3,13195,7108
l3-053-th-consumer,100,3,combined,2,ok,1,153092.967,2,11856,4671
l3-054-th-platform,100,3,combined,2,ok,1,11419.41,0,,
l3-056-id-transfer,100,3,combined,2,ok,1,127962.773,2,10714,5022
l3-057-id-breach,100,3,combined,2,ok,1,96838.479,3,18913,7827
l3-058-id-consumer,100,3,combined,2,ok,1,129944.012,2,19316,6975
l3-059-id-platform,100,3,combined,2,ok,1,9186.025,0,,
l3-062-my-breach,100,3,combined,2,ok,1,150843.021,1,11753,6663
l3-063-my-consumer,100,3,combined,2,ok,1,48170.577,0,,
l3-065-my-worker-ai,100,3,combined,2,ok,1,147791.805,2,27014,5954
l3-066-ph-transfer,100,3,combined,2,ok,1,162493.838,2,11227,2936
l3-067-ph-breach,100,3,combined,2,ok,1,117372.137,2,25088,10350
l3-072-in-breach,100,3,combined,2,ok,1,45991.158,0,,
l3-073-in-consumer,100,3,combined,2,ok,1,152108.048,3,4404,2535
l3-075-in-worker-ai,100,3,combined,2,ok,1,111643.084,2,8368,3044
l3-078-br-consumer,100,3,combined,2,ok,1,150196.475,1,6798,3460
l3-079-br-platform,100,3,combined,2,ok,1,95561.218,2,1482,703
l3-081-es-transfer,100,3,combined,2,ok,1,27435.587,0,,
l3-082-es-breach,100,3,combined,2,ok,1,177651.787,2,24152,1913
l3-088-it-consumer,100,3,combined,2,ok,1,9560.19,0,,
l3-092-nl-breach,100,3,combined,2,ok,1,10051.85,0,,
l3-098-nz-consumer,100,3,combined,2,ok,1,161132.813,3,18723,6787
l3-100-nz-worker-ai,100,3,combined,2,ok,1,234757.758,4,18432,9322
l4-001-jp-digital-platform,100,3,combined,2,ok,1,243641.841,0,14133,7100
l4-004-jp-fintech,100,3,combined,2,ok,1,154402.036,5,5369,3439
l4-008-us-online-sales,100,3,combined,2,ok,1,170416.554,3,9843,4759
l4-009-us-fintech,100,3,combined,2,ok,1,157772.537,6,12266,4474
l4-012-cn-automated-hiring,100,3,combined,2,ok,1,248741.613,0,7839,5213
l4-015-cn-manufacturer,100,3,combined,2,ok,1,165327.204,6,4731,3238
l4-016-de-digital-platform,100,3,combined,2,ok,1,165599.089,3,17609,3249
l4-020-de-manufacturer,100,3,combined,2,ok,1,147196.894,5,5343,2579
l4-021-fr-digital-platform,100,3,combined,2,ok,1,91075.803,2,21547,8921
l4-022-fr-automated-hiring,100,3,combined,2,ok,1,233172.663,3,22819,6973
l4-023-fr-online-sales,100,3,combined,2,ok,1,89278.787,5,19367,8204
l4-024-fr-fintech,100,3,combined,2,ok,1,151528.454,1,20890,7223
l4-027-uk-automated-hiring,100,3,combined,2,ok,1,234201.557,2,7727,4346
l4-029-uk-fintech,100,3,combined,2,ok,1,196232.082,3,6141,2202
l4-032-ca-automated-hiring,100,3,combined,2,ok,1,178587.099,5,15596,6459
l4-034-ca-fintech,100,3,combined,2,ok,1,153738.746,2,4179,1468
l4-036-au-digital-platform,100,3,combined,2,ok,1,170646.533,3,16796,5267
l4-038-au-online-sales,100,3,combined,2,ok,1,156506.092,1,9684,4649
l4-039-au-fintech,100,3,combined,2,ok,1,171841.14,3,15470,4977
l4-040-au-manufacturer,100,3,combined,2,ok,1,221149.057,4,8199,4113
l4-044-sg-fintech,100,3,combined,2,ok,1,172362.977,4,24362,9085
l4-045-sg-manufacturer,100,3,combined,2,ok,1,173915.278,3,2864,1827
l4-051-th-digital-platform,100,3,combined,2,ok,1,151617.469,1,11176,7301
l4-054-th-fintech,100,3,combined,2,ok,1,147806.558,3,3924,2666
l4-055-th-manufacturer,100,3,combined,2,ok,1,133013.43,3,2907,1436
l4-058-id-online-sales,100,3,combined,2,ok,1,182487.801,3,8321,4835
l4-059-id-fintech,100,3,combined,2,ok,1,239532.577,4,18233,7305
l4-063-my-online-sales,100,3,combined,2,ok,1,162400.895,3,5223,3468
l4-065-my-manufacturer,100,3,combined,2,ok,1,153735.481,2,4845,3022
l4-067-ph-automated-hiring,100,3,combined,2,ok,1,225292.595,3,5508,3273
l4-069-ph-fintech,100,3,combined,2,ok,1,185938.154,3,8262,4289
l4-070-ph-manufacturer,100,3,combined,2,ok,1,161601.427,8,8293,5373
l4-071-in-digital-platform,100,3,combined,2,ok,1,193795.089,2,22516,10524
l4-072-in-automated-hiring,100,3,combined,2,ok,1,249836.197,0,10554,3888
l4-075-in-manufacturer,100,3,combined,2,ok,1,148773.621,2,4666,2731
l4-080-br-manufacturer,100,3,combined,2,ok,1,160479.535,4,6429,4302
l4-081-es-digital-platform,100,3,combined,2,ok,1,178534.699,2,12843,6199
l4-082-es-automated-hiring,100,3,combined,2,ok,1,161031.539,1,16103,8398
l4-083-es-online-sales,100,3,combined,2,ok,1,191882.626,3,19148,9584
l4-088-it-online-sales,100,3,combined,2,ok,1,8536.187,0,,
l4-089-it-fintech,100,3,combined,2,ok,1,43627.784,0,,
l4-090-it-manufacturer,100,3,combined,2,ok,1,8705.268,0,,
l4-092-nl-automated-hiring,100,3,combined,2,ok,1,8707.289,0,,
l4-093-nl-online-sales,100,3,combined,2,ok,1,16601.618,0,,
l4-094-nl-fintech,100,3,combined,2,ok,1,8982.138,0,,
l4-095-nl-manufacturer,100,3,combined,2,ok,1,4861.022,0,,
l4-096-nz-digital-platform,100,3,combined,2,ok,1,152424.967,3,5786,3435
l4-097-nz-automated-hiring,100,3,combined,2,ok,1,196916.595,4,7518,4178
l4-099-nz-fintech,100,3,combined,2,ok,1,248561.267,0,18660,3462
l4-100-nz-manufacturer,100,3,combined,2,ok,1,170128.491,3,11538,7956
l1-001-jp,100,3,direct,4,ok,1,120176.706,4,7288,7288
l1-002-jp,100,3,direct,4,ok,1,211731.29,2,10180,10180
l1-003-jp,100,3,direct,4,ok,1,148092.989,1,9238,9238
l1-005-jp,100,3,direct,4,ok,1,139389.244,4,2426,2426
l1-010-us,100,3,direct,4,ok,1,140424.124,2,14100,14100
l1-012-cn,100,3,direct,4,ok,1,269239.959,2,6783,6783
l1-013-cn,100,3,direct,4,ok,1,236328.786,1,6991,6991
l1-018-de,100,3,direct,4,ok,1,275858.122,2,9933,9933
l1-019-de,100,3,direct,4,ok,1,171197.271,1,23400,23400
l1-023-fr,100,3,direct,4,ok,1,148952.096,0,,
l1-024-fr,100,3,direct,4,ok,1,243911.835,3,17877,17877
l1-025-fr,100,3,direct,4,ok,1,240356.882,4,13199,13199
l1-027-uk,100,3,direct,4,ok,1,223323.803,2,6148,6148
l1-031-ca,100,3,direct,4,ok,1,148293.332,4,9753,9753
l1-032-ca,100,3,direct,4,ok,1,112010.34,1,2328,2328
l1-033-ca,100,3,direct,4,ok,1,245003.379,3,7197,7197
l1-035-ca,100,3,direct,4,ok,1,267785.498,1,9148,9148
l1-036-au,100,3,direct,4,ok,1,137319.293,5,23747,23747
l1-037-au,100,3,direct,4,ok,1,233542.064,2,6135,6135
l1-038-au,100,3,direct,4,ok,1,222765.557,5,27052,27052
l1-039-au,100,3,direct,4,ok,1,141769.692,1,10110,10110
l1-040-au,100,3,direct,4,ok,1,219293.885,3,24374,24374
l1-041-sg,100,3,direct,4,ok,1,153215.053,2,15131,15131
l1-042-sg,100,3,direct,4,ok,1,234329.301,2,18165,18165
l1-044-sg,100,3,direct,4,ok,1,155641.2,3,10069,10069
l1-046-vn,100,3,direct,4,ok,1,181115.433,1,789,789
l1-049-vn,100,3,direct,4,ok,1,61536.491,2,19841,19841
l1-050-vn,100,3,direct,4,ok,1,146380.599,4,11069,11069
l1-051-th,100,3,direct,4,ok,1,135101.435,1,7247,7247
l1-052-th,100,3,direct,4,ok,1,139455.691,1,9447,9447
l1-053-th,100,3,direct,4,ok,1,246654.969,1,12821,12821
l1-054-th,100,3,direct,4,ok,1,213370.111,2,11230,11230
l1-055-th,100,3,direct,4,ok,1,171819.958,2,8940,8940
l1-059-id,100,3,direct,4,ok,1,129616.716,0,11312,11312
l1-060-id,100,3,direct,4,ok,1,144048.19,3,4549,4549
l1-062-my,100,3,direct,4,ok,1,228038.083,1,12785,12785
l1-065-my,100,3,direct,4,ok,1,232044.111,3,8238,8238
l1-068-ph,100,3,direct,4,ok,1,156122.333,0,,
l1-070-ph,100,3,direct,4,ok,1,132582.35,0,21636,21636
l1-075-in,100,3,direct,4,ok,1,123108.294,1,14522,14522
l1-078-br,100,3,direct,4,ok,1,151878.144,1,3688,3688
l1-081-es,100,3,direct,4,ok,1,143073.893,3,18594,18594
l1-082-es,100,3,direct,4,ok,1,266755.49,5,12552,12552
l1-085-es,100,3,direct,4,ok,1,150083.039,1,6458,6458
l1-091-nl,100,3,direct,4,ok,1,132880.161,0,,
l1-092-nl,100,3,direct,4,ok,1,140987.296,0,,
l1-094-nl,100,3,direct,4,ok,1,219609.012,0,,
l1-095-nl,100,3,direct,4,ok,1,132980.506,0,,
l1-097-nz,100,3,direct,4,ok,1,237889.546,3,11822,11822
l1-098-nz,100,3,direct,4,ok,1,269987.828,1,9519,9519
l2-001-jp-data-rights,100,3,direct,4,ok,1,60696.578,1,6424,6424
l2-002-jp-breach,100,3,direct,4,ok,1,213360.212,1,3885,3885
l2-003-jp-transfer,100,3,direct,4,ok,1,77379.934,2,13808,13808
l2-010-us-worker,100,3,direct,4,ok,1,120288.105,2,15612,15612
l2-013-cn-transfer,100,3,direct,4,ok,1,90816.273,1,12490,12490
l2-017-de-breach,100,3,direct,4,ok,1,243671.512,0,8722,8722
l2-022-fr-breach,100,3,direct,4,ok,1,97019.866,2,13589,13589
l2-024-fr-consumer,100,3,direct,4,ok,1,96314.265,3,18610,18610
l2-026-uk-data-rights,100,3,direct,4,ok,1,156479.216,0,,
l2-029-uk-consumer,100,3,direct,4,ok,1,123354.321,2,18523,18523
l2-034-ca-consumer,100,3,direct,4,ok,1,83816.43,1,4183,4183
l2-035-ca-worker,100,3,direct,4,ok,1,189092.613,1,12500,12500
l2-036-au-data-rights,100,3,direct,4,ok,1,169582.453,0,,
l2-038-au-transfer,100,3,direct,4,ok,1,223339.035,2,19625,19625
l2-039-au-consumer,100,3,direct,4,ok,1,239923.074,3,9500,9500
l2-040-au-worker,100,3,direct,4,ok,1,84657.769,2,4057,4057
l2-045-sg-worker,100,3,direct,4,ok,1,192445.578,1,11064,11064
l2-046-vn-data-rights,100,3,direct,4,ok,1,247703.159,2,11420,11420
l2-047-vn-breach,100,3,direct,4,ok,1,212386.333,5,11519,11519
l2-051-th-data-rights,100,3,direct,4,ok,1,277352.204,1,8705,8705
l2-052-th-breach,100,3,direct,4,ok,1,100389.128,2,7595,7595
l2-053-th-transfer,100,3,direct,4,ok,1,75105.467,1,9982,9982
l2-054-th-consumer,100,3,direct,4,ok,1,203491.797,2,5633,5633
l2-055-th-worker,100,3,direct,4,ok,1,277014.035,4,9356,9356
l2-056-id-data-rights,100,3,direct,4,ok,1,68617.714,1,7751,7751
l2-057-id-breach,100,3,direct,4,ok,1,89918.821,2,6847,6847
l2-060-id-worker,100,3,direct,4,ok,1,234387.912,1,11993,11993
l2-061-my-data-rights,100,3,direct,4,ok,1,209839.705,1,12630,12630
l2-064-my-consumer,100,3,direct,4,ok,1,237968.657,4,5533,5533
l2-066-ph-data-rights,100,3,direct,4,ok,1,209612.692,1,8395,8395
l2-067-ph-breach,100,3,direct,4,ok,1,195998.021,2,22463,22463
l2-068-ph-transfer,100,3,direct,4,ok,1,154643.526,1,17208,17208
l2-070-ph-worker,100,3,direct,4,ok,1,245949.02,1,15929,15929
l2-071-in-data-rights,100,3,direct,4,ok,1,215369.416,1,18462,18462
l2-072-in-breach,100,3,direct,4,ok,1,113280.836,2,14522,14522
l2-073-in-transfer,100,3,direct,4,ok,1,188928.518,2,13023,13023
l2-081-es-data-rights,100,3,direct,4,ok,1,126562.907,2,12890,12890
l2-082-es-breach,100,3,direct,4,ok,1,104262.186,3,13299,13299
l2-083-es-transfer,100,3,direct,4,ok,1,169356.619,0,,
l2-084-es-consumer,100,3,direct,4,ok,1,106150.52,4,19285,19285
l2-085-es-worker,100,3,direct,4,ok,1,98973.757,2,15956,15956
l2-086-it-data-rights,100,3,direct,4,ok,1,7990.22,0,,
l2-087-it-breach,100,3,direct,4,ok,1,7883.617,0,,
l2-088-it-transfer,100,3,direct,4,ok,1,154159.066,0,,
l2-089-it-consumer,100,3,direct,4,ok,1,4129.741,0,,
l2-090-it-worker,100,3,direct,4,ok,1,3519.51,0,,
l2-091-nl-data-rights,100,3,direct,4,ok,1,76041.504,0,,
l2-092-nl-breach,100,3,direct,4,ok,1,7292.83,0,,
l2-096-nz-data-rights,100,3,direct,4,ok,1,61365.792,3,10443,10443
l2-100-nz-worker,100,3,direct,4,ok,1,90593.604,3,7221,7221
l3-001-jp-transfer,100,3,direct,4,ok,1,220408.061,1,7997,7997
l3-002-jp-breach,100,3,direct,4,ok,1,146094.939,3,12712,12712
l3-005-jp-worker-ai,100,3,direct,4,ok,1,218137.406,3,4392,4392
l3-007-us-breach,100,3,direct,4,ok,1,124911.492,3,11809,11809
l3-008-us-consumer,100,3,direct,4,ok,1,119042.636,3,9845,9845
l3-010-us-worker-ai,100,3,direct,4,ok,1,127937.883,0,7175,7175
l3-011-cn-transfer,100,3,direct,4,ok,1,260235.585,1,10210,10210
l3-013-cn-consumer,100,3,direct,4,ok,1,186531.68,2,15291,15291
l3-014-cn-platform,100,3,direct,4,ok,1,183726.431,3,1482,1482
l3-015-cn-worker-ai,100,3,direct,4,ok,1,127585.606,0,7754,7754
l3-016-de-transfer,100,3,direct,4,ok,1,128322.145,0,12757,12757
l3-018-de-consumer,100,3,direct,4,ok,1,240254.137,6,10009,10009
l3-019-de-platform,100,3,direct,4,ok,1,159652.922,2,15399,15399
l3-020-de-worker-ai,100,3,direct,4,ok,1,128327.426,0,8368,8368
l3-023-fr-consumer,100,3,direct,4,ok,1,184815.127,2,18723,18723
l3-025-fr-worker-ai,100,3,direct,4,ok,1,177051.707,0,14343,14343
l3-026-uk-transfer,100,3,direct,4,ok,1,127477.963,0,13740,13740
l3-028-uk-consumer,100,3,direct,4,ok,1,124229.998,0,7451,7451
l3-030-uk-worker-ai,100,3,direct,4,ok,1,124253.209,0,14917,14917
l3-032-ca-breach,100,3,direct,4,ok,1,124573.865,0,13164,13164
l3-033-ca-consumer,100,3,direct,4,ok,1,137191.663,2,3365,3365
l3-037-au-breach,100,3,direct,4,ok,1,228518.63,2,5398,5398
l3-039-au-platform,100,3,direct,4,ok,1,128543.85,0,22450,22450
l3-041-sg-transfer,100,3,direct,4,ok,1,165567.515,0,27085,27085
l3-043-sg-consumer,100,3,direct,4,ok,1,147517.182,2,4226,4226
l3-045-sg-worker-ai,100,3,direct,4,ok,1,4558.698,0,,
l3-046-vn-transfer,100,3,direct,4,ok,1,128239.421,0,20275,20275
l3-047-vn-breach,100,3,direct,4,ok,1,127912.758,0,10719,10719
l3-053-th-consumer,100,3,direct,4,ok,1,261303.857,1,11856,11856
l3-054-th-platform,100,3,direct,4,ok,1,79871.068,0,,
l3-056-id-transfer,100,3,direct,4,ok,1,169990.728,0,2900,2900
l3-057-id-breach,100,3,direct,4,ok,1,129044.594,0,19466,19466
l3-058-id-consumer,100,3,direct,4,ok,1,140699.649,0,19316,19316
l3-059-id-platform,100,3,direct,4,ok,1,7463.01,0,,
l3-062-my-breach,100,3,direct,4,ok,1,125574.616,0,11749,11749
l3-063-my-consumer,100,3,direct,4,ok,1,12305.008,0,,
l3-065-my-worker-ai,100,3,direct,4,ok,1,186018.129,0,27008,27008
l3-066-ph-transfer,100,3,direct,4,ok,1,212844.856,0,16050,16050
l3-067-ph-breach,100,3,direct,4,ok,1,159561.914,1,13046,13046
l3-072-in-breach,100,3,direct,4,ok,1,35637.361,0,,
l3-073-in-consumer,100,3,direct,4,ok,1,124464.905,3,7923,7923
l3-075-in-worker-ai,100,3,direct,4,ok,1,149013.235,2,14917,14917
l3-078-br-consumer,100,3,direct,4,ok,1,161356.514,1,6798,6798
l3-079-br-platform,100,3,direct,4,ok,1,153266.62,1,18698,18698
l3-081-es-transfer,100,3,direct,4,ok,1,98977.572,0,,
l3-082-es-breach,100,3,direct,4,ok,1,127745.677,0,25082,25082
l3-088-it-consumer,100,3,direct,4,ok,1,7682.728,0,,
l3-092-nl-breach,100,3,direct,4,ok,1,9041.632,0,,
l3-098-nz-consumer,100,3,direct,4,ok,1,173723.156,3,7925,7925
l3-100-nz-worker-ai,100,3,direct,4,ok,1,128282.122,0,18432,18432
l4-001-jp-digital-platform,100,3,direct,4,ok,1,243143.576,0,14117,14117
l4-004-jp-fintech,100,3,direct,4,ok,1,209234.36,2,5369,5369
l4-008-us-online-sales,100,3,direct,4,ok,1,267068.838,2,9845,9845
l4-009-us-fintech,100,3,direct,4,ok,1,270272.971,6,12266,12266
l4-012-cn-automated-hiring,100,3,direct,4,ok,1,247165.398,0,8376,8376
l4-015-cn-manufacturer,100,3,direct,4,ok,1,278588.022,6,4731,4731
l4-016-de-digital-platform,100,3,direct,4,ok,1,193151.859,3,17609,17609
l4-020-de-manufacturer,100,3,direct,4,ok,1,211619.466,2,5341,5341
l4-021-fr-digital-platform,100,3,direct,4,ok,1,75331.442,2,21543,21543
l4-022-fr-automated-hiring,100,3,direct,4,ok,1,233196.238,2,27102,27102
l4-023-fr-online-sales,100,3,direct,4,ok,1,224514.88,5,19363,19363
l4-024-fr-fintech,100,3,direct,4,ok,1,218016.056,2,23838,23838
l4-027-uk-automated-hiring,100,3,direct,4,ok,1,243867.612,1,7731,7731
l4-029-uk-fintech,100,3,direct,4,ok,1,252126.855,3,6139,6139
l4-032-ca-automated-hiring,100,3,direct,4,ok,1,272451.72,4,15592,15592
l4-034-ca-fintech,100,3,direct,4,ok,1,223598.533,1,4181,4181
l4-036-au-digital-platform,100,3,direct,4,ok,1,264673.909,3,16258,16258
l4-038-au-online-sales,100,3,direct,4,ok,1,121964.574,1,9686,9686
l4-039-au-fintech,100,3,direct,4,ok,1,235097.804,2,15474,15474
l4-040-au-manufacturer,100,3,direct,4,ok,1,243896.233,0,8201,8201
l4-044-sg-fintech,100,3,direct,4,ok,1,238563.87,2,24359,24359
l4-045-sg-manufacturer,100,3,direct,4,ok,1,208593.994,5,12254,12254
l4-051-th-digital-platform,100,3,direct,4,ok,1,221767.303,1,11182,11182
l4-054-th-fintech,100,3,direct,4,ok,1,249224.531,3,3928,3928
l4-055-th-manufacturer,100,3,direct,4,ok,1,161687.842,3,2907,2907
l4-058-id-online-sales,100,3,direct,4,ok,1,212736.663,3,7197,7197
l4-059-id-fintech,100,3,direct,4,ok,1,156179.459,4,17321,17321
l4-063-my-online-sales,100,3,direct,4,ok,1,217698.942,1,5223,5223
l4-065-my-manufacturer,100,3,direct,4,ok,1,255588.83,2,4845,4845
l4-067-ph-automated-hiring,100,3,direct,4,ok,1,239914.137,3,5510,5510
l4-069-ph-fintech,100,3,direct,4,ok,1,211095.993,4,8266,8266
l4-070-ph-manufacturer,100,3,direct,4,ok,1,82317.528,8,8295,8295
l4-071-in-digital-platform,100,3,direct,4,ok,1,256506.304,2,22506,22506
l4-072-in-automated-hiring,100,3,direct,4,ok,1,248344.925,0,10554,10554
l4-075-in-manufacturer,100,3,direct,4,ok,1,162120.637,2,4668,4668
l4-080-br-manufacturer,100,3,direct,4,ok,1,227498.633,2,6429,6429
l4-081-es-digital-platform,100,3,direct,4,ok,1,249276.664,2,12843,12843
l4-082-es-automated-hiring,100,3,direct,4,ok,1,253859.786,1,15198,15198
l4-083-es-online-sales,100,3,direct,4,ok,1,312326.75,2,15176,15176
l4-088-it-online-sales,100,3,direct,4,ok,1,7877.827,0,,
l4-089-it-fintech,100,3,direct,4,ok,1,18497.867,0,,
l4-090-it-manufacturer,100,3,direct,4,ok,1,7441.209,0,,
l4-092-nl-automated-hiring,100,3,direct,4,ok,1,7686.552,0,,
l4-093-nl-online-sales,100,3,direct,4,ok,1,81464.254,0,,
l4-094-nl-fintech,100,3,direct,4,ok,1,7472.158,0,,
l4-095-nl-manufacturer,100,3,direct,4,ok,1,76229.895,0,,
l4-096-nz-digital-platform,100,3,direct,4,ok,1,210039.826,3,5786,5786
l4-097-nz-automated-hiring,100,3,direct,4,ok,1,247670.114,0,7518,7518
l4-099-nz-fintech,100,3,direct,4,ok,1,226966.485,1,18660,18660
l4-100-nz-manufacturer,100,3,direct,4,ok,1,236147.761,2,12102,12102
l1-001-jp,100,3,original,3,ok,1,193833.515,4,7288,7288
l1-002-jp,100,3,original,3,ok,1,146443.29,0,10180,10180
l1-003-jp,100,3,original,3,ok,1,194620.951,1,9238,9238
l1-005-jp,100,3,original,3,ok,1,190649.978,4,2426,2426
l1-010-us,100,3,original,3,ok,1,190079.155,2,14100,14100
l1-012-cn,100,3,original,3,ok,1,267117.936,2,6783,6783
l1-013-cn,100,3,original,3,ok,1,234780.843,1,6991,6991
l1-018-de,100,3,original,3,ok,1,276918.332,2,9933,9933
l1-019-de,100,3,original,3,ok,1,203640.754,1,23400,23400
l1-023-fr,100,3,original,3,ok,1,277501.677,1,26211,26211
l1-024-fr,100,3,original,3,ok,1,220717.264,3,17877,17877
l1-025-fr,100,3,original,3,ok,1,265083.722,4,13199,13199
l1-027-uk,100,3,original,3,ok,1,223786.903,2,6148,6148
l1-031-ca,100,3,original,3,ok,1,106242.686,4,9753,9753
l1-032-ca,100,3,original,3,ok,1,212819.697,1,2328,2328
l1-033-ca,100,3,original,3,ok,1,257020.855,3,7197,7197
l1-035-ca,100,3,original,3,ok,1,275212.423,1,9148,9148
l1-036-au,100,3,original,3,ok,1,197409.188,5,23747,23747
l1-037-au,100,3,original,3,ok,1,258395.141,2,6135,6135
l1-038-au,100,3,original,3,ok,1,164227.17,0,27052,27052
l1-039-au,100,3,original,3,ok,1,196798.095,1,10110,10110
l1-040-au,100,3,original,3,ok,1,219421.966,3,24374,24374
l1-041-sg,100,3,original,3,ok,1,206872.355,1,22558,22558
l1-042-sg,100,3,original,3,ok,1,220407.16,2,18165,18165
l1-044-sg,100,3,original,3,ok,1,213510.889,3,10069,10069
l1-046-vn,100,3,original,3,ok,1,139473.272,0,789,789
l1-049-vn,100,3,original,3,ok,1,192349.16,2,19841,19841
l1-050-vn,100,3,original,3,ok,1,205952.715,4,11069,11069
l1-051-th,100,3,original,3,ok,1,187225.54,1,7247,7247
l1-052-th,100,3,original,3,ok,1,197562.93,1,9447,9447
l1-053-th,100,3,original,3,ok,1,264072.137,1,12821,12821
l1-054-th,100,3,original,3,ok,1,154508.409,0,11230,11230
l1-055-th,100,3,original,3,ok,1,185271.07,2,8940,8940
l1-059-id,100,3,original,3,ok,1,207562.976,1,11312,11312
l1-060-id,100,3,original,3,ok,1,200332.7,3,4549,4549
l1-062-my,100,3,original,3,ok,1,157787.104,0,12785,12785
l1-065-my,100,3,original,3,ok,1,239908.716,3,8238,8238
l1-068-ph,100,3,original,3,ok,1,280670.576,1,17211,17211
l1-070-ph,100,3,original,3,ok,1,131677.711,0,21636,21636
l1-075-in,100,3,original,3,ok,1,182779.356,1,14522,14522
l1-078-br,100,3,original,3,ok,1,207339.145,1,3690,3690
l1-081-es,100,3,original,3,ok,1,200057.371,3,19919,19919
l1-082-es,100,3,original,3,ok,1,273096.7,5,12552,12552
l1-085-es,100,3,original,3,ok,1,202431.078,1,6458,6458
l1-091-nl,100,3,original,3,ok,1,27928.458,0,,
l1-092-nl,100,3,original,3,ok,1,142478.261,0,,
l1-094-nl,100,3,original,3,ok,1,103647.035,0,,
l1-095-nl,100,3,original,3,ok,1,34433.508,0,,
l1-097-nz,100,3,original,3,ok,1,244544.864,3,11822,11822
l1-098-nz,100,3,original,3,ok,1,274705.281,1,9519,9519
l2-001-jp-data-rights,100,3,original,3,ok,1,115285.493,1,6424,6424
l2-002-jp-breach,100,3,original,3,ok,1,242549.557,0,3106,3106
l2-003-jp-transfer,100,3,original,3,ok,1,135599.802,2,13808,13808
l2-010-us-worker,100,3,original,3,ok,1,167858.725,2,15612,15612
l2-013-cn-transfer,100,3,original,3,ok,1,132296.292,1,12490,12490
l2-017-de-breach,100,3,original,3,ok,1,243213.362,0,10433,10433
l2-022-fr-breach,100,3,original,3,ok,1,152620.268,2,14079,14079
l2-024-fr-consumer,100,3,original,3,ok,1,142035.431,3,18608,18608
l2-026-uk-data-rights,100,3,original,3,ok,1,277054.864,3,3669,3669
l2-029-uk-consumer,100,3,original,3,ok,1,127589.778,2,18523,18523
l2-034-ca-consumer,100,3,original,3,ok,1,119203.499,1,4183,4183
l2-035-ca-worker,100,3,original,3,ok,1,288876.374,2,12496,12496
l2-036-au-data-rights,100,3,original,3,ok,1,290256.404,2,12681,12681
l2-038-au-transfer,100,3,original,3,ok,1,242760.508,0,19625,19625
l2-039-au-consumer,100,3,original,3,ok,1,219121.534,3,9500,9500
l2-040-au-worker,100,3,original,3,ok,1,160582.346,2,4057,4057
l2-045-sg-worker,100,3,original,3,ok,1,163413.334,1,11064,11064
l2-046-vn-data-rights,100,3,original,3,ok,1,221619.341,2,11418,11418
l2-047-vn-breach,100,3,original,3,ok,1,215151.579,5,11515,11515
l2-051-th-data-rights,100,3,original,3,ok,1,280012.447,1,9181,9181
l2-052-th-breach,100,3,original,3,ok,1,173477.715,2,7597,7597
l2-053-th-transfer,100,3,original,3,ok,1,139137.336,1,10563,10563
l2-054-th-consumer,100,3,original,3,ok,1,208969.425,2,5633,5633
l2-055-th-worker,100,3,original,3,ok,1,283250.354,4,9356,9356
l2-056-id-data-rights,100,3,original,3,ok,1,222562.837,1,7438,7438
l2-057-id-breach,100,3,original,3,ok,1,180007.567,2,6847,6847
l2-060-id-worker,100,3,original,3,ok,1,225864.539,1,11993,11993
l2-061-my-data-rights,100,3,original,3,ok,1,262668.047,1,12630,12630
l2-064-my-consumer,100,3,original,3,ok,1,250001.635,4,5533,5533
l2-066-ph-data-rights,100,3,original,3,ok,1,226481.024,1,8395,8395
l2-067-ph-breach,100,3,original,3,ok,1,181323.666,2,22469,22469
l2-068-ph-transfer,100,3,original,3,ok,1,183764.322,1,17208,17208
l2-070-ph-worker,100,3,original,3,ok,1,209824.204,1,15929,15929
l2-071-in-data-rights,100,3,original,3,ok,1,224681.764,1,18470,18470
l2-072-in-breach,100,3,original,3,ok,1,100331.03,2,14524,14524
l2-073-in-transfer,100,3,original,3,ok,1,231572.846,2,13023,13023
l2-081-es-data-rights,100,3,original,3,ok,1,217013.416,2,12890,12890
l2-082-es-breach,100,3,original,3,ok,1,137439.775,3,13297,13297
l2-083-es-transfer,100,3,original,3,ok,1,242516.432,0,23525,23525
l2-084-es-consumer,100,3,original,3,ok,1,124611.235,4,,
l2-085-es-worker,100,3,original,3,ok,1,155610.493,2,15956,15956
l2-086-it-data-rights,100,3,original,3,ok,1,7199.04,0,,
l2-087-it-breach,100,3,original,3,ok,1,7934.746,0,,
l2-088-it-transfer,100,3,original,3,ok,1,96652.916,0,,
l2-089-it-consumer,100,3,original,3,ok,1,3575.969,0,,
l2-090-it-worker,100,3,original,3,ok,1,3861.079,0,,
l2-091-nl-data-rights,100,3,original,3,ok,1,60225.377,0,,
l2-092-nl-breach,100,3,original,3,ok,1,7890.837,0,,
l2-096-nz-data-rights,100,3,original,3,ok,1,146824.205,3,10443,10443
l2-100-nz-worker,100,3,original,3,ok,1,145569.251,3,7221,7221
l3-001-jp-transfer,100,3,original,3,ok,1,158133.199,0,7197,7197
l3-002-jp-breach,100,3,original,3,ok,1,127995.909,0,12716,12716
l3-005-jp-worker-ai,100,3,original,3,ok,1,181516.864,0,4392,4392
l3-007-us-breach,100,3,original,3,ok,1,165224.831,2,14881,14881
l3-008-us-consumer,100,3,original,3,ok,1,106533.669,3,9845,9845
l3-010-us-worker-ai,100,3,original,3,ok,1,138484.045,1,27006,27006
l3-011-cn-transfer,100,3,original,3,ok,1,122552.121,0,12755,12755
l3-013-cn-consumer,100,3,original,3,ok,1,157044.532,0,16079,16079
l3-014-cn-platform,100,3,original,3,ok,1,154272.567,0,12239,12239
l3-015-cn-worker-ai,100,3,original,3,ok,1,127970.171,0,7754,7754
l3-016-de-transfer,100,3,original,3,ok,1,128080.329,0,17981,17981
l3-018-de-consumer,100,3,original,3,ok,1,264738.465,6,10007,10007
l3-019-de-platform,100,3,original,3,ok,1,154827.312,2,12624,12624
l3-020-de-worker-ai,100,3,original,3,ok,1,146784.212,1,8368,8368
l3-023-fr-consumer,100,3,original,3,ok,1,155434.848,3,6451,6451
l3-025-fr-worker-ai,100,3,original,3,ok,1,157193.182,0,22180,22180
l3-026-uk-transfer,100,3,original,3,ok,1,128361.951,0,13740,13740
l3-028-uk-consumer,100,3,original,3,ok,1,125506.749,0,9665,9665
l3-030-uk-worker-ai,100,3,original,3,ok,1,124421.981,0,4292,4292
l3-032-ca-breach,100,3,original,3,ok,1,124541.847,0,10201,10201
l3-033-ca-consumer,100,3,original,3,ok,1,178507.453,1,3365,3365
l3-037-au-breach,100,3,original,3,ok,1,216209.302,1,15011,15011
l3-039-au-platform,100,3,original,3,ok,1,129063.416,0,22450,22450
l3-041-sg-transfer,100,3,original,3,ok,1,143208.046,0,20275,20275
l3-043-sg-consumer,100,3,original,3,ok,1,144774.582,0,4226,4226
l3-045-sg-worker-ai,100,3,original,3,ok,1,4266.816,0,,
l3-046-vn-transfer,100,3,original,3,ok,1,128134.075,0,9990,9990
l3-047-vn-breach,100,3,original,3,ok,1,161617.196,2,10723,10723
l3-053-th-consumer,100,3,original,3,ok,1,240505.337,2,11856,11856
l3-054-th-platform,100,3,original,3,ok,1,75036.026,0,,
l3-056-id-transfer,100,3,original,3,ok,1,148840.904,0,10146,10146
l3-057-id-breach,100,3,original,3,ok,1,129457.281,0,19544,19544
l3-058-id-consumer,100,3,original,3,ok,1,139159.395,0,19316,19316
l3-059-id-platform,100,3,original,3,ok,1,3519.548,0,,
l3-062-my-breach,100,3,original,3,ok,1,125318.862,0,10548,10548
l3-063-my-consumer,100,3,original,3,ok,1,12017.77,0,,
l3-065-my-worker-ai,100,3,original,3,ok,1,142105.974,0,27006,27006
l3-066-ph-transfer,100,3,original,3,ok,1,204740.339,0,15398,15398
l3-067-ph-breach,100,3,original,3,ok,1,128008.822,0,25086,25086
l3-072-in-breach,100,3,original,3,ok,1,19913.929,0,,
l3-073-in-consumer,100,3,original,3,ok,1,175378.159,3,4404,4404
l3-075-in-worker-ai,100,3,original,3,ok,1,147401.518,2,14917,14917
l3-078-br-consumer,100,3,original,3,ok,1,157406.87,1,4633,4633
l3-079-br-platform,100,3,original,3,ok,1,153666.587,1,1482,1482
l3-081-es-transfer,100,3,original,3,ok,1,87743.553,0,,
l3-082-es-breach,100,3,original,3,ok,1,208897.414,1,24804,24804
l3-088-it-consumer,100,3,original,3,ok,1,8041.485,0,,
l3-092-nl-breach,100,3,original,3,ok,1,9187.549,0,,
l3-098-nz-consumer,100,3,original,3,ok,1,156564.802,0,18723,18723
l3-100-nz-worker-ai,100,3,original,3,ok,1,128505.501,0,19028,19028
l4-001-jp-digital-platform,100,3,original,3,ok,1,243402.345,0,14117,14117
l4-004-jp-fintech,100,3,original,3,ok,1,241191.203,2,5371,5371
l4-008-us-online-sales,100,3,original,3,ok,1,269735.225,3,6812,6812
l4-009-us-fintech,100,3,original,3,ok,1,265022.334,6,12266,12266
l4-012-cn-automated-hiring,100,3,original,3,ok,1,247707.537,0,8376,8376
l4-015-cn-manufacturer,100,3,original,3,ok,1,278507.324,6,4731,4731
l4-016-de-digital-platform,100,3,original,3,ok,1,212301.613,3,17609,17609
l4-020-de-manufacturer,100,3,original,3,ok,1,234095.219,6,9282,9282
l4-021-fr-digital-platform,100,3,original,3,ok,1,227966.601,2,21543,21543
l4-022-fr-automated-hiring,100,3,original,3,ok,1,247551.637,0,26352,26352
l4-023-fr-online-sales,100,3,original,3,ok,1,248042.426,0,19359,19359
l4-024-fr-fintech,100,3,original,3,ok,1,246351.507,2,23838,23838
l4-027-uk-automated-hiring,100,3,original,3,ok,1,248115.233,0,7729,7729
l4-029-uk-fintech,100,3,original,3,ok,1,225679.474,3,6139,6139
l4-032-ca-automated-hiring,100,3,original,3,ok,1,250314.779,4,15592,15592
l4-034-ca-fintech,100,3,original,3,ok,1,247599.879,0,4169,4169
l4-036-au-digital-platform,100,3,original,3,ok,1,276601.745,3,16258,16258
l4-038-au-online-sales,100,3,original,3,ok,1,247928.556,0,9688,9688
l4-039-au-fintech,100,3,original,3,ok,1,247945.299,0,15464,15464
l4-040-au-manufacturer,100,3,original,3,ok,1,243799.058,0,6383,6383
l4-044-sg-fintech,100,3,original,3,ok,1,247685.522,0,25649,25649
l4-045-sg-manufacturer,100,3,original,3,ok,1,217693.557,3,2864,2864
l4-051-th-digital-platform,100,3,original,3,ok,1,247587.364,1,11182,11182
l4-054-th-fintech,100,3,original,3,ok,1,238434.255,3,3926,3926
l4-055-th-manufacturer,100,3,original,3,ok,1,213403.869,4,3390,3390
l4-058-id-online-sales,100,3,original,3,ok,1,233647.277,4,8118,8118
l4-059-id-fintech,100,3,original,3,ok,1,137620.417,4,17311,17311
l4-063-my-online-sales,100,3,original,3,ok,1,222142.261,3,5225,5225
l4-065-my-manufacturer,100,3,original,3,ok,1,243139.775,2,4845,4845
l4-067-ph-automated-hiring,100,3,original,3,ok,1,247863.729,0,5510,5510
l4-069-ph-fintech,100,3,original,3,ok,1,239792.653,4,8266,8266
l4-070-ph-manufacturer,100,3,original,3,ok,1,247648.669,0,7530,7530
l4-071-in-digital-platform,100,3,original,3,ok,1,226544.693,2,22506,22506
l4-072-in-automated-hiring,100,3,original,3,ok,1,248287.432,0,10554,10554
l4-075-in-manufacturer,100,3,original,3,ok,1,247822.879,0,4668,4668
l4-080-br-manufacturer,100,3,original,3,ok,1,218267.679,4,6510,6510
l4-081-es-digital-platform,100,3,original,3,ok,1,215729.478,2,12843,12843
l4-082-es-automated-hiring,100,3,original,3,ok,1,267286.948,1,15198,15198
l4-083-es-online-sales,100,3,original,3,ok,1,288695.091,3,19111,19111
l4-088-it-online-sales,100,3,original,3,ok,1,8095.471,0,,
l4-089-it-fintech,100,3,original,3,ok,1,19725.088,0,,
l4-090-it-manufacturer,100,3,original,3,ok,1,8089.987,0,,
l4-092-nl-automated-hiring,100,3,original,3,ok,1,7966.795,0,,
l4-093-nl-online-sales,100,3,original,3,ok,1,77413.457,0,,
l4-094-nl-fintech,100,3,original,3,ok,1,8343.95,0,,
l4-095-nl-manufacturer,100,3,original,3,ok,1,61753.664,0,,
l4-096-nz-digital-platform,100,3,original,3,ok,1,229315.643,3,5786,5786
l4-097-nz-automated-hiring,100,3,original,3,ok,1,247696.807,0,7518,7518
l4-099-nz-fintech,100,3,original,3,ok,1,236732.35,2,18660,18660
l4-100-nz-manufacturer,100,3,original,3,ok,1,125890.25,3,12098,12098
l1-001-jp,100,3,reduce,1,ok,1,132641.547,5,7288,4216
l1-002-jp,100,3,reduce,1,ok,1,175988.318,2,10180,5217
l1-003-jp,100,3,reduce,1,ok,1,200496.72,1,9238,6242
l1-005-jp,100,3,reduce,1,ok,1,198027.638,4,2426,1546
l1-010-us,100,3,reduce,1,ok,1,124831.835,2,14100,2578
l1-012-cn,100,3,reduce,1,ok,1,210882.133,2,6783,4146
l1-013-cn,100,3,reduce,1,ok,1,142336.038,0,6991,4371
l1-018-de,100,3,reduce,1,ok,1,204241.508,4,9933,4929
l1-019-de,100,3,reduce,1,ok,1,140051.993,3,23400,3735
l1-023-fr,100,3,reduce,1,ok,1,192113.81,0,26211,10039
l1-024-fr,100,3,reduce,1,ok,1,126155.356,0,17877,6432
l1-025-fr,100,3,reduce,1,ok,1,187322.713,2,13199,4235
l1-027-uk,100,3,reduce,1,ok,1,129279.613,0,6148,3677
l1-031-ca,100,3,reduce,1,ok,1,203021.416,4,9753,5724
l1-032-ca,100,3,reduce,1,ok,1,131839.739,1,2328,1327
l1-033-ca,100,3,reduce,1,ok,1,182504.609,3,7197,2079
l1-035-ca,100,3,reduce,1,ok,1,169269.959,0,9148,4466
l1-036-au,100,3,reduce,1,ok,1,173081.693,5,23747,3574
l1-037-au,100,3,reduce,1,ok,1,184287.298,2,6135,2823
l1-038-au,100,3,reduce,1,ok,1,123137.796,0,27052,5793
l1-039-au,100,3,reduce,1,ok,1,173286.167,1,10110,4894
l1-040-au,100,3,reduce,1,ok,1,128580.193,0,24374,4680
l1-041-sg,100,3,reduce,1,ok,1,206436.908,1,17319,7595
l1-042-sg,100,3,reduce,1,ok,1,124506.567,0,18165,6691
l1-044-sg,100,3,reduce,1,ok,1,206998.397,3,10069,3178
l1-046-vn,100,3,reduce,1,ok,1,166014.922,1,789,525
l1-049-vn,100,3,reduce,1,ok,1,135469.386,2,3499,2125
l1-050-vn,100,3,reduce,1,ok,1,203600.578,4,11069,5666
l1-051-th,100,3,reduce,1,ok,1,225491.703,1,7247,4600
l1-052-th,100,3,reduce,1,ok,1,199529.782,1,9447,5478
l1-053-th,100,3,reduce,1,ok,1,150851.085,0,12821,8136
l1-054-th,100,3,reduce,1,ok,1,123836.567,0,11230,6871
l1-055-th,100,3,reduce,1,ok,1,193503.145,2,8940,3102
l1-059-id,100,3,reduce,1,ok,1,129663.809,0,11312,6690
l1-060-id,100,3,reduce,1,ok,1,200263.531,3,4549,3081
l1-062-my,100,3,reduce,1,ok,1,123613.573,0,12785,8316
l1-065-my,100,3,reduce,1,ok,1,132429.777,0,8238,3940
l1-068-ph,100,3,reduce,1,ok,1,202437.12,0,17211,9658
l1-070-ph,100,3,reduce,1,ok,1,161626.193,3,21636,6843
l1-075-in,100,3,reduce,1,ok,1,137207.748,1,14522,11454
l1-078-br,100,3,reduce,1,ok,1,202608.543,1,3690,1546
l1-081-es,100,3,reduce,1,ok,1,185061.115,3,19919,10157
l1-082-es,100,3,reduce,1,ok,1,205512.902,5,12552,5945
l1-085-es,100,3,reduce,1,ok,1,205333.892,1,6458,2901
l1-091-nl,100,3,reduce,1,ok,1,23340.517,0,,
l1-092-nl,100,3,reduce,1,ok,1,107830.453,0,,
l1-094-nl,100,3,reduce,1,ok,1,100060.861,0,,
l1-095-nl,100,3,reduce,1,ok,1,27021.651,0,,
l1-097-nz,100,3,reduce,1,ok,1,171050.637,2,11822,4512
l1-098-nz,100,3,reduce,1,ok,1,201812.196,1,9519,2127
l2-001-jp-data-rights,100,3,reduce,1,ok,1,78735.434,1,6919,4331
l2-002-jp-breach,100,3,reduce,1,ok,1,174679.546,3,3108,2112
l2-003-jp-transfer,100,3,reduce,1,ok,1,82350.317,2,13808,5496
l2-010-us-worker,100,3,reduce,1,ok,1,88298.198,2,15612,5228
l2-013-cn-transfer,100,3,reduce,1,ok,1,147433.254,1,12490,6712
l2-017-de-breach,100,3,reduce,1,ok,1,203179.342,2,10431,5163
l2-022-fr-breach,100,3,reduce,1,ok,1,106075.605,3,14059,5192
l2-024-fr-consumer,100,3,reduce,1,ok,1,86685.315,2,18608,6010
l2-026-uk-data-rights,100,3,reduce,1,ok,1,211281.998,3,3669,2426
l2-029-uk-consumer,100,3,reduce,1,ok,1,109071.716,2,18523,8843
l2-034-ca-consumer,100,3,reduce,1,ok,1,65498.728,1,4183,2205
l2-035-ca-worker,100,3,reduce,1,ok,1,162942.923,2,12496,4322
l2-036-au-data-rights,100,3,reduce,1,ok,1,218129.017,2,12681,4100
l2-038-au-transfer,100,3,reduce,1,ok,1,169950.487,2,19625,5758
l2-039-au-consumer,100,3,reduce,1,ok,1,201391.316,3,9500,4326
l2-040-au-worker,100,3,reduce,1,ok,1,132751.359,2,4057,2770
l2-045-sg-worker,100,3,reduce,1,ok,1,172081.636,1,11064,4423
l2-046-vn-data-rights,100,3,reduce,1,ok,1,182185.109,2,11418,5942
l2-047-vn-breach,100,3,reduce,1,ok,1,178756.741,4,10566,4230
l2-051-th-data-rights,100,3,reduce,1,ok,1,182674.247,1,9181,6443
l2-052-th-breach,100,3,reduce,1,ok,1,72192.758,2,7597,4614
l2-053-th-transfer,100,3,reduce,1,ok,1,83733.799,1,10563,7155
l2-054-th-consumer,100,3,reduce,1,ok,1,199448.407,2,5633,2751
l2-055-th-worker,100,3,reduce,1,ok,1,150488.441,2,9356,3416
l2-056-id-data-rights,100,3,reduce,1,ok,1,182552.492,1,7438,4222
l2-057-id-breach,100,3,reduce,1,ok,1,93802.957,2,6847,2599
l2-060-id-worker,100,3,reduce,1,ok,1,178999.867,1,11993,6920
l2-061-my-data-rights,100,3,reduce,1,ok,1,199337.172,1,12630,5604
l2-064-my-consumer,100,3,reduce,1,ok,1,187717.531,4,5533,2939
l2-066-ph-data-rights,100,3,reduce,1,ok,1,168589.143,1,8395,5135
l2-067-ph-breach,100,3,reduce,1,ok,1,181417.942,2,22469,8201
l2-068-ph-transfer,100,3,reduce,1,ok,1,171887.379,1,17208,7814
l2-070-ph-worker,100,3,reduce,1,ok,1,179357.598,1,15929,7460
l2-071-in-data-rights,100,3,reduce,1,ok,1,149644.629,1,18470,5881
l2-072-in-breach,100,3,reduce,1,ok,1,105461.004,3,14524,4193
l2-073-in-transfer,100,3,reduce,1,ok,1,149670.746,2,13023,4151
l2-081-es-data-rights,100,3,reduce,1,ok,1,157805.258,2,12888,7471
l2-082-es-breach,100,3,reduce,1,ok,1,103623.347,3,13297,2708
l2-083-es-transfer,100,3,reduce,1,ok,1,211713.533,2,23525,9554
l2-084-es-consumer,100,3,reduce,1,ok,1,98899.712,4,19285,7712
l2-085-es-worker,100,3,reduce,1,ok,1,112764.941,2,15423,7315
l2-086-it-data-rights,100,3,reduce,1,ok,1,6608.819,0,,
l2-087-it-breach,100,3,reduce,1,ok,1,6425.644,0,,
l2-088-it-transfer,100,3,reduce,1,ok,1,66448.313,0,,
l2-089-it-consumer,100,3,reduce,1,ok,1,4112.071,0,,
l2-090-it-worker,100,3,reduce,1,ok,1,3828.903,0,,
l2-091-nl-data-rights,100,3,reduce,1,ok,1,6462.222,0,,
l2-092-nl-breach,100,3,reduce,1,ok,1,6446.532,0,,
l2-096-nz-data-rights,100,3,reduce,1,ok,1,74238.22,2,10443,3245
l2-100-nz-worker,100,3,reduce,1,ok,1,65735.149,3,7221,4778
l3-001-jp-transfer,100,3,reduce,1,ok,1,122582.641,0,19777,6022
l3-002-jp-breach,100,3,reduce,1,ok,1,92476.117,2,12720,6670
l3-005-jp-worker-ai,100,3,reduce,1,ok,1,127912.658,0,4400,2110
l3-007-us-breach,100,3,reduce,1,ok,1,116364.685,2,10073,4196
l3-008-us-consumer,100,3,reduce,1,ok,1,156933.897,4,9845,4022
l3-010-us-worker-ai,100,3,reduce,1,ok,1,132544.358,2,27014,5954
l3-011-cn-transfer,100,3,reduce,1,ok,1,124874.007,0,12757,5244
l3-013-cn-consumer,100,3,reduce,1,ok,1,122217.576,0,3970,2777
l3-014-cn-platform,100,3,reduce,1,ok,1,122679.736,0,1482,703
l3-015-cn-worker-ai,100,3,reduce,1,ok,1,125681.975,2,8086,2740
l3-016-de-transfer,100,3,reduce,1,ok,1,149753.914,3,14985,5053
l3-018-de-consumer,100,3,reduce,1,ok,1,180677.153,0,10007,4403
l3-019-de-platform,100,3,reduce,1,ok,1,146104.6,5,15399,8337
l3-020-de-worker-ai,100,3,reduce,1,ok,1,136631.161,2,8364,3044
l3-023-fr-consumer,100,3,reduce,1,ok,1,194145.055,2,18723,6787
l3-025-fr-worker-ai,100,3,reduce,1,ok,1,122620.826,0,22367,11530
l3-026-uk-transfer,100,3,reduce,1,ok,1,146725.293,3,13407,2976
l3-028-uk-consumer,100,3,reduce,1,ok,1,162868.502,1,9665,5729
l3-030-uk-worker-ai,100,3,reduce,1,ok,1,157391.404,3,4292,2138
l3-032-ca-breach,100,3,reduce,1,ok,1,192610.597,2,8945,4052
l3-033-ca-consumer,100,3,reduce,1,ok,1,169166.761,2,3365,1653
l3-037-au-breach,100,3,reduce,1,ok,1,164078.691,2,4758,2226
l3-039-au-platform,100,3,reduce,1,ok,1,177137.563,2,22450,9632
l3-041-sg-transfer,100,3,reduce,1,ok,1,123102.693,0,27089,7735
l3-043-sg-consumer,100,3,reduce,1,ok,1,123138.276,0,4226,2147
l3-045-sg-worker-ai,100,3,reduce,1,ok,1,4796.657,0,,
l3-046-vn-transfer,100,3,reduce,1,ok,1,145671.816,1,10573,7155
l3-047-vn-breach,100,3,reduce,1,ok,1,129882.835,4,11753,6663
l3-053-th-consumer,100,3,reduce,1,ok,1,191183.979,0,11856,4671
l3-054-th-platform,100,3,reduce,1,ok,1,19141.371,0,,
l3-056-id-transfer,100,3,reduce,1,ok,1,122521.264,0,12638,5802
l3-057-id-breach,100,3,reduce,1,ok,1,146996.619,3,18911,7827
l3-058-id-consumer,100,3,reduce,1,ok,1,130524.258,2,19316,6975
l3-059-id-platform,100,3,reduce,1,ok,1,7525.07,0,,
l3-062-my-breach,100,3,reduce,1,ok,1,125350.842,0,10556,5393
l3-063-my-consumer,100,3,reduce,1,ok,1,1894.461,0,,
l3-065-my-worker-ai,100,3,reduce,1,ok,1,123096.812,0,27016,5954
l3-066-ph-transfer,100,3,reduce,1,ok,1,208207.156,1,11631,3197
l3-067-ph-breach,100,3,reduce,1,ok,1,127302.811,2,13046,5349
l3-072-in-breach,100,3,reduce,1,ok,1,2153.945,0,,
l3-073-in-consumer,100,3,reduce,1,ok,1,148532.854,3,4404,2535
l3-075-in-worker-ai,100,3,reduce,1,ok,1,101987.973,2,8364,3044
l3-078-br-consumer,100,3,reduce,1,ok,1,172192.893,1,6798,3460
l3-079-br-platform,100,3,reduce,1,ok,1,117846.9,2,1482,703
l3-081-es-transfer,100,3,reduce,1,ok,1,37840.717,0,,
l3-082-es-breach,100,3,reduce,1,ok,1,183818.73,2,23909,10371
l3-088-it-consumer,100,3,reduce,1,ok,1,7294.714,0,,
l3-092-nl-breach,100,3,reduce,1,ok,1,8922.376,0,,
l3-098-nz-consumer,100,3,reduce,1,ok,1,123555.987,0,7923,2982
l3-100-nz-worker-ai,100,3,reduce,1,ok,1,162419.626,4,18432,9322
l4-001-jp-digital-platform,100,3,reduce,1,ok,1,234887.874,3,15882,8234
l4-004-jp-fintech,100,3,reduce,1,ok,1,175767.365,4,4873,3085
l4-008-us-online-sales,100,3,reduce,1,ok,1,188857.707,4,6816,4576
l4-009-us-fintech,100,3,reduce,1,ok,1,192813.416,6,12266,4474
l4-012-cn-automated-hiring,100,3,reduce,1,ok,1,236044.793,5,7435,4966
l4-015-cn-manufacturer,100,3,reduce,1,ok,1,192970.669,6,4731,3238
l4-016-de-digital-platform,100,3,reduce,1,ok,1,155757.779,3,17611,3249
l4-020-de-manufacturer,100,3,reduce,1,ok,1,159362.389,5,9280,3598
l4-021-fr-digital-platform,100,3,reduce,1,ok,1,165531.386,2,21551,8921
l4-022-fr-automated-hiring,100,3,reduce,1,ok,1,210031.224,3,22817,6973
l4-023-fr-online-sales,100,3,reduce,1,ok,1,210495.914,5,19363,8204
l4-024-fr-fintech,100,3,reduce,1,ok,1,193694.67,1,24408,8153
l4-027-uk-automated-hiring,100,3,reduce,1,ok,1,227644.428,2,7727,4346
l4-029-uk-fintech,100,3,reduce,1,ok,1,166550.308,3,6141,2202
l4-032-ca-automated-hiring,100,3,reduce,1,ok,1,172876.595,5,15592,6459
l4-034-ca-fintech,100,3,reduce,1,ok,1,170847.837,2,4179,1468
l4-036-au-digital-platform,100,3,reduce,1,ok,1,179865.505,3,16254,4874
l4-038-au-online-sales,100,3,reduce,1,ok,1,179439.068,1,9684,4649
l4-039-au-fintech,100,3,reduce,1,ok,1,212784.833,3,15470,4977
l4-040-au-manufacturer,100,3,reduce,1,ok,1,219917.464,4,8199,4113
l4-044-sg-fintech,100,3,reduce,1,ok,1,209447.19,4,24356,9085
l4-045-sg-manufacturer,100,3,reduce,1,ok,1,193280.36,3,2864,1827
l4-051-th-digital-platform,100,3,reduce,1,ok,1,183207.865,1,11933,7804
l4-054-th-fintech,100,3,reduce,1,ok,1,179308.87,3,3922,2666
l4-055-th-manufacturer,100,3,reduce,1,ok,1,147239.515,3,2907,1436
l4-058-id-online-sales,100,3,reduce,1,ok,1,159001.896,3,7753,4418
l4-059-id-fintech,100,3,reduce,1,ok,1,228037.682,4,18231,7305
l4-063-my-online-sales,100,3,reduce,1,ok,1,169895.899,3,5223,3468
l4-065-my-manufacturer,100,3,reduce,1,ok,1,171787.998,2,4845,3022
l4-067-ph-automated-hiring,100,3,reduce,1,ok,1,220396.568,3,5942,3560
l4-069-ph-fintech,100,3,reduce,1,ok,1,168019.583,3,8264,4289
l4-070-ph-manufacturer,100,3,reduce,1,ok,1,192277.741,8,8293,5373
l4-071-in-digital-platform,100,3,reduce,1,ok,1,176841.153,2,21014,9442
l4-072-in-automated-hiring,100,3,reduce,1,ok,1,234199.623,5,10554,3888
l4-075-in-manufacturer,100,3,reduce,1,ok,1,168339.838,2,4670,2731
l4-080-br-manufacturer,100,3,reduce,1,ok,1,163882.399,4,6427,4302
l4-081-es-digital-platform,100,3,reduce,1,ok,1,175182.217,2,12843,6199
l4-082-es-automated-hiring,100,3,reduce,1,ok,1,186595.317,1,16101,8398
l4-083-es-online-sales,100,3,reduce,1,ok,1,219976.927,2,12257,6648
l4-088-it-online-sales,100,3,reduce,1,ok,1,6626.575,0,,
l4-089-it-fintech,100,3,reduce,1,ok,1,1820.958,0,,
l4-090-it-manufacturer,100,3,reduce,1,ok,1,6796.16,0,,
l4-092-nl-automated-hiring,100,3,reduce,1,ok,1,6457.284,0,,
l4-093-nl-online-sales,100,3,reduce,1,ok,1,19256.671,0,,
l4-094-nl-fintech,100,3,reduce,1,ok,1,6364.695,0,,
l4-095-nl-manufacturer,100,3,reduce,1,ok,1,9862.802,0,,
l4-096-nz-digital-platform,100,3,reduce,1,ok,1,176859.65,3,5784,3435
l4-097-nz-automated-hiring,100,3,reduce,1,ok,1,222939.991,4,7034,3836
l4-099-nz-fintech,100,3,reduce,1,ok,1,175063.92,2,18660,3462
l4-100-nz-manufacturer,100,3,reduce,1,ok,1,211161.434,3,10026,6893
l1-001-jp,100,4,combined,1,ok,1,72125.183,5,7288,4216
l1-002-jp,100,4,combined,1,ok,1,179395.429,2,10180,5217
l1-003-jp,100,4,combined,1,ok,1,130347.373,0,9238,6242
l1-005-jp,100,4,combined,1,ok,1,173081.517,4,2426,1546
l1-010-us,100,4,combined,1,ok,1,179672.677,2,14100,2578
l1-012-cn,100,4,combined,1,ok,1,210262.741,2,6783,4146
l1-013-cn,100,4,combined,1,ok,1,192780.845,1,6991,4371
l1-018-de,100,4,combined,1,ok,1,221289.443,4,9933,4929
l1-019-de,100,4,combined,1,ok,1,192907.597,3,23400,3735
l1-023-fr,100,4,combined,1,ok,1,237201.915,1,26211,10039
l1-024-fr,100,4,combined,1,ok,1,185224.723,2,17877,6432
l1-025-fr,100,4,combined,1,ok,1,205703.043,2,13199,4235
l1-027-uk,100,4,combined,1,ok,1,187134.02,2,6148,3677
l1-031-ca,100,4,combined,1,ok,1,152680.232,4,9753,5724
l1-032-ca,100,4,combined,1,ok,1,198670.824,1,2328,1327
l1-033-ca,100,4,combined,1,ok,1,197622.587,3,7197,2079
l1-035-ca,100,4,combined,1,ok,1,218471.242,1,9148,4466
l1-036-au,100,4,combined,1,ok,1,122638.357,5,23747,3574
l1-037-au,100,4,combined,1,ok,1,198969.843,2,6135,2823
l1-038-au,100,4,combined,1,ok,1,136979.512,0,27052,5793
l1-039-au,100,4,combined,1,ok,1,145497.661,1,10110,4894
l1-040-au,100,4,combined,1,ok,1,183709.548,3,24374,4680
l1-041-sg,100,4,combined,1,ok,1,201124.432,1,22558,8527
l1-042-sg,100,4,combined,1,ok,1,138461.29,0,18165,6691
l1-044-sg,100,4,combined,1,ok,1,161279.253,3,10069,3178
l1-046-vn,100,4,combined,1,ok,1,176884.562,1,789,525
l1-049-vn,100,4,combined,1,ok,1,80344.975,2,19841,7354
l1-050-vn,100,4,combined,1,ok,1,195771.196,4,11069,5666
l1-051-th,100,4,combined,1,ok,1,191305.317,1,7247,4600
l1-052-th,100,4,combined,1,ok,1,174381.678,1,9447,5478
l1-053-th,100,4,combined,1,ok,1,208107.439,1,12821,8136
l1-054-th,100,4,combined,1,ok,1,132482.45,0,11230,6871
l1-055-th,100,4,combined,1,ok,1,99738.163,2,8940,3102
l1-059-id,100,4,combined,1,ok,1,128953.527,0,11312,6690
l1-060-id,100,4,combined,1,ok,1,178973.945,3,4549,3081
l1-062-my,100,4,combined,1,ok,1,133061.412,0,12785,8316
l1-065-my,100,4,combined,1,ok,1,190298.316,3,8238,3940
l1-068-ph,100,4,combined,1,ok,1,234351.542,1,17211,9658
l1-070-ph,100,4,combined,1,ok,1,170832.906,3,21636,6843
l1-075-in,100,4,combined,1,ok,1,99228.415,1,14522,11454
l1-078-br,100,4,combined,1,ok,1,153793.79,1,3690,1546
l1-081-es,100,4,combined,1,ok,1,128772.605,3,19919,10157
l1-082-es,100,4,combined,1,ok,1,220725.859,5,12552,5945
l1-085-es,100,4,combined,1,ok,1,184383.14,1,6458,2901
l1-091-nl,100,4,combined,1,ok,1,132483.138,0,,
l1-092-nl,100,4,combined,1,ok,1,126336.466,0,,
l1-094-nl,100,4,combined,1,ok,1,143883.151,0,,
l1-095-nl,100,4,combined,1,ok,1,132502.539,0,,
l1-097-nz,100,4,combined,1,ok,1,190828.336,2,11822,4512
l1-098-nz,100,4,combined,1,ok,1,218397.344,1,9519,2127
l2-001-jp-data-rights,100,4,combined,1,ok,1,69331.581,1,6913,4331
l2-002-jp-breach,100,4,combined,1,ok,1,161157.873,3,3106,2112
l2-003-jp-transfer,100,4,combined,1,ok,1,95496.249,2,13808,5496
l2-010-us-worker,100,4,combined,1,ok,1,54246.322,2,15612,5228
l2-013-cn-transfer,100,4,combined,1,ok,1,102831.809,1,12490,6712
l2-017-de-breach,100,4,combined,1,ok,1,186841.926,2,10435,5163
l2-022-fr-breach,100,4,combined,1,ok,1,94104.346,3,14077,5192
l2-024-fr-consumer,100,4,combined,1,ok,1,89745.755,2,18608,6010
l2-026-uk-data-rights,100,4,combined,1,ok,1,158061.199,3,3671,2426
l2-029-uk-consumer,100,4,combined,1,ok,1,125021.907,2,18523,8843
l2-034-ca-consumer,100,4,combined,1,ok,1,76145.382,1,4183,2205
l2-035-ca-worker,100,4,combined,1,ok,1,107944.055,2,12496,4322
l2-036-au-data-rights,100,4,combined,1,ok,1,169602.857,3,13397,4573
l2-038-au-transfer,100,4,combined,1,ok,1,131408.733,2,19625,5758
l2-039-au-consumer,100,4,combined,1,ok,1,143672.26,3,9500,4326
l2-040-au-worker,100,4,combined,1,ok,1,66035.621,2,4057,2770
l2-045-sg-worker,100,4,combined,1,ok,1,109054.025,1,11064,4423
l2-046-vn-data-rights,100,4,combined,1,ok,1,135411.417,2,11420,5942
l2-047-vn-breach,100,4,combined,1,ok,1,109978.631,4,10564,4230
l2-051-th-data-rights,100,4,combined,1,ok,1,136726.491,1,8705,6118
l2-052-th-breach,100,4,combined,1,ok,1,47979.828,2,7599,4614
l2-053-th-transfer,100,4,combined,1,ok,1,101144.334,1,10563,7155
l2-054-th-consumer,100,4,combined,1,ok,1,146378.582,2,5633,2751
l2-055-th-worker,100,4,combined,1,ok,1,100403.387,2,9356,3416
l2-056-id-data-rights,100,4,combined,1,ok,1,141786.712,1,7751,4420
l2-057-id-breach,100,4,combined,1,ok,1,106025.55,2,6849,2599
l2-060-id-worker,100,4,combined,1,ok,1,153576.083,1,11993,6920
l2-061-my-data-rights,100,4,combined,1,ok,1,122365.04,1,12115,5226
l2-064-my-consumer,100,4,combined,1,ok,1,154020.938,4,5533,2939
l2-066-ph-data-rights,100,4,combined,1,ok,1,146396.261,1,8389,5135
l2-067-ph-breach,100,4,combined,1,ok,1,123903.478,2,22467,8201
l2-068-ph-transfer,100,4,combined,1,ok,1,107164.415,1,17208,7814
l2-070-ph-worker,100,4,combined,1,ok,1,170379.186,1,15929,7460
l2-071-in-data-rights,100,4,combined,1,ok,1,119440.65,1,18462,5881
l2-072-in-breach,100,4,combined,1,ok,1,61548.965,3,15304,4648
l2-073-in-transfer,100,4,combined,1,ok,1,156791.881,2,13023,4151
l2-081-es-data-rights,100,4,combined,1,ok,1,130445.623,2,12884,7471
l2-082-es-breach,100,4,combined,1,ok,1,107911.798,3,13299,2708
l2-083-es-transfer,100,4,combined,1,ok,1,181797.522,2,23525,9554
l2-084-es-consumer,100,4,combined,1,ok,1,92758.89,4,19285,7712
l2-085-es-worker,100,4,combined,1,ok,1,216316.029,2,15956,7871
l2-086-it-data-rights,100,4,combined,1,ok,1,8131.011,0,,
l2-087-it-breach,100,4,combined,1,ok,1,8128.327,0,,
l2-088-it-transfer,100,4,combined,1,ok,1,58261.126,0,,
l2-089-it-consumer,100,4,combined,1,ok,1,3975.234,0,,
l2-090-it-worker,100,4,combined,1,ok,1,4264.593,0,,
l2-091-nl-data-rights,100,4,combined,1,ok,1,12830.638,0,,
l2-092-nl-breach,100,4,combined,1,ok,1,7623.3,0,,
l2-096-nz-data-rights,100,4,combined,1,ok,1,160521.95,2,10443,3245
l2-100-nz-worker,100,4,combined,1,ok,1,97988.785,3,7221,4778
l3-001-jp-transfer,100,4,combined,1,ok,1,245563.682,2,8091,3479
l3-002-jp-breach,100,4,combined,1,ok,1,136631.162,1,7703,3372
l3-005-jp-worker-ai,100,4,combined,1,ok,1,115492.075,2,4400,2110
l3-007-us-breach,100,4,combined,1,ok,1,122991.098,4,10071,4196
l3-008-us-consumer,100,4,combined,1,ok,1,121464.007,4,9845,4022
l3-010-us-worker-ai,100,4,combined,1,ok,1,112305.11,2,27016,5954
l3-011-cn-transfer,100,4,combined,1,ok,1,193390.001,3,12755,5244
l3-013-cn-consumer,100,4,combined,1,ok,1,128876.703,2,3970,2777
l3-014-cn-platform,100,4,combined,1,ok,1,155133.867,1,1482,703
l3-015-cn-worker-ai,100,4,combined,1,ok,1,126491.819,2,8470,2983
l3-016-de-transfer,100,4,combined,1,ok,1,138630.45,2,17979,6479
l3-018-de-consumer,100,4,combined,1,ok,1,120004.999,4,14609,6916
l3-019-de-platform,100,4,combined,1,ok,1,112026.997,4,12938,5495
l3-020-de-worker-ai,100,4,combined,1,ok,1,134732.126,2,8364,3044
l3-023-fr-consumer,100,4,combined,1,ok,1,153127.872,1,18723,6787
l3-025-fr-worker-ai,100,4,combined,1,ok,1,147284.633,3,14308,7805
l3-026-uk-transfer,100,4,combined,1,ok,1,127943.284,2,13742,5163
l3-028-uk-consumer,100,4,combined,1,ok,1,152229.88,1,9665,5729
l3-030-uk-worker-ai,100,4,combined,1,ok,1,145821.368,3,4290,2138
l3-032-ca-breach,100,4,combined,1,ok,1,196840.907,6,8210,3522
l3-033-ca-consumer,100,4,combined,1,ok,1,84487.045,2,6006,2671
l3-037-au-breach,100,4,combined,1,ok,1,119633.232,2,15011,3682
l3-039-au-platform,100,4,combined,1,ok,1,158218.862,1,14860,4755
l3-041-sg-transfer,100,4,combined,1,ok,1,127871.374,0,27085,7735
l3-043-sg-consumer,100,4,combined,1,ok,1,143811.053,2,4226,2147
l3-045-sg-worker-ai,100,4,combined,1,ok,1,4848.103,0,,
l3-046-vn-transfer,100,4,combined,1,ok,1,144871.869,1,9590,6465
l3-047-vn-breach,100,4,combined,1,ok,1,68103.724,3,13195,7108
l3-053-th-consumer,100,4,combined,1,ok,1,151901.507,2,11856,4671
l3-054-th-platform,100,4,combined,1,ok,1,25387.87,0,,
l3-056-id-transfer,100,4,combined,1,ok,1,147127.504,2,8617,4116
l3-057-id-breach,100,4,combined,1,ok,1,98490.901,2,18913,7827
l3-058-id-consumer,100,4,combined,1,ok,1,145010.396,2,19316,6975
l3-059-id-platform,100,4,combined,1,ok,1,8077.28,0,,
l3-062-my-breach,100,4,combined,1,ok,1,129381.697,0,10558,5393
l3-063-my-consumer,100,4,combined,1,ok,1,52534.186,0,,
l3-065-my-worker-ai,100,4,combined,1,ok,1,148940.487,1,13154,4873
l3-066-ph-transfer,100,4,combined,1,ok,1,189508.249,2,10169,2382
l3-067-ph-breach,100,4,combined,1,ok,1,117165.536,2,25088,10350
l3-072-in-breach,100,4,combined,1,ok,1,13170.849,0,,
l3-073-in-consumer,100,4,combined,1,ok,1,117066.067,3,4404,2535
l3-075-in-worker-ai,100,4,combined,1,ok,1,115723.964,2,8364,3044
l3-078-br-consumer,100,4,combined,1,ok,1,145665.984,1,6798,3460
l3-079-br-platform,100,4,combined,1,ok,1,96535.859,2,18698,6718
l3-081-es-transfer,100,4,combined,1,ok,1,42543.27,0,,
l3-082-es-breach,100,4,combined,1,ok,1,181447.501,2,25088,10350
l3-088-it-consumer,100,4,combined,1,ok,1,8252.415,0,,
l3-092-nl-breach,100,4,combined,1,ok,1,9026.082,0,,
l3-098-nz-consumer,100,4,combined,1,ok,1,138416.443,3,7923,2982
l3-100-nz-worker-ai,100,4,combined,1,ok,1,209949.55,5,18428,9322
l4-001-jp-digital-platform,100,4,combined,1,ok,1,212974.916,3,14119,7100
l4-004-jp-fintech,100,4,combined,1,ok,1,136751.495,5,5369,3439
l4-008-us-online-sales,100,4,combined,1,ok,1,134600.535,3,9843,4759
l4-009-us-fintech,100,4,combined,1,ok,1,149531.939,6,12266,4474
l4-012-cn-automated-hiring,100,4,combined,1,ok,1,212336.579,5,7839,5213
l4-015-cn-manufacturer,100,4,combined,1,ok,1,139285.57,6,4731,3238
l4-016-de-digital-platform,100,4,combined,1,ok,1,155394.177,3,17609,3249
l4-020-de-manufacturer,100,4,combined,1,ok,1,127941.457,5,5343,2579
l4-021-fr-digital-platform,100,4,combined,1,ok,1,150743.068,2,21547,8921
l4-022-fr-automated-hiring,100,4,combined,1,ok,1,176473.931,3,22819,6973
l4-023-fr-online-sales,100,4,combined,1,ok,1,159829.859,5,19367,8204
l4-024-fr-fintech,100,4,combined,1,ok,1,155857.339,1,20890,7223
l4-027-uk-automated-hiring,100,4,combined,1,ok,1,164776.334,2,9470,5783
l4-029-uk-fintech,100,4,combined,1,ok,1,152018.769,3,6141,2202
l4-032-ca-automated-hiring,100,4,combined,1,ok,1,159529.481,5,15596,6459
l4-034-ca-fintech,100,4,combined,1,ok,1,136699.644,2,4179,1468
l4-036-au-digital-platform,100,4,combined,1,ok,1,144891.139,3,16796,5267
l4-038-au-online-sales,100,4,combined,1,ok,1,100370.825,1,9684,4649
l4-039-au-fintech,100,4,combined,1,ok,1,157142.913,3,15470,4977
l4-040-au-manufacturer,100,4,combined,1,ok,1,198855.947,4,8199,4113
l4-044-sg-fintech,100,4,combined,1,ok,1,205634.357,4,26457,9148
l4-045-sg-manufacturer,100,4,combined,1,ok,1,163393.347,3,2864,1827
l4-051-th-digital-platform,100,4,combined,1,ok,1,132563.764,1,11176,7301
l4-054-th-fintech,100,4,combined,1,ok,1,134854.529,3,3924,2666
l4-055-th-manufacturer,100,4,combined,1,ok,1,120282.02,6,6138,3446
l4-058-id-online-sales,100,4,combined,1,ok,1,166482.744,3,8321,4835
l4-059-id-fintech,100,4,combined,1,ok,1,195807.788,4,18233,7305
l4-063-my-online-sales,100,4,combined,1,ok,1,150671.429,3,5223,3468
l4-065-my-manufacturer,100,4,combined,1,ok,1,142986.905,2,4845,3022
l4-067-ph-automated-hiring,100,4,combined,1,ok,1,201634.547,3,5508,3273
l4-069-ph-fintech,100,4,combined,1,ok,1,168122.259,3,8262,4289
l4-070-ph-manufacturer,100,4,combined,1,ok,1,163476.087,8,8293,5373
l4-071-in-digital-platform,100,4,combined,1,ok,1,177182.188,2,22516,10524
l4-072-in-automated-hiring,100,4,combined,1,ok,1,195406.843,5,10554,3888
l4-075-in-manufacturer,100,4,combined,1,ok,1,136615.13,2,4666,2731
l4-080-br-manufacturer,100,4,combined,1,ok,1,146998.15,4,6429,4302
l4-081-es-digital-platform,100,4,combined,1,ok,1,174104.942,2,12843,6199
l4-082-es-automated-hiring,100,4,combined,1,ok,1,157313.023,1,16787,8585
l4-083-es-online-sales,100,4,combined,1,ok,1,164894.199,3,14189,7133
l4-088-it-online-sales,100,4,combined,1,ok,1,7968.059,0,,
l4-089-it-fintech,100,4,combined,1,ok,1,15993.492,0,,
l4-090-it-manufacturer,100,4,combined,1,ok,1,8105.703,0,,
l4-092-nl-automated-hiring,100,4,combined,1,ok,1,7701.683,0,,
l4-093-nl-online-sales,100,4,combined,1,ok,1,24410.389,0,,
l4-094-nl-fintech,100,4,combined,1,ok,1,7681.862,0,,
l4-095-nl-manufacturer,100,4,combined,1,ok,1,15397.911,0,,
l4-096-nz-digital-platform,100,4,combined,1,ok,1,135899.811,3,5786,3435
l4-097-nz-automated-hiring,100,4,combined,1,ok,1,206022.648,4,7518,4178
l4-099-nz-fintech,100,4,combined,1,ok,1,143205.996,2,18660,3462
l4-100-nz-manufacturer,100,4,combined,1,ok,1,134778.952,3,11538,7956
l1-001-jp,100,4,direct,3,ok,1,119700.827,4,7288,7288
l1-002-jp,100,4,direct,3,ok,1,148137.115,0,10180,10180
l1-003-jp,100,4,direct,3,ok,1,172204.729,1,9238,9238
l1-005-jp,100,4,direct,3,ok,1,170600.431,4,2426,2426
l1-010-us,100,4,direct,3,ok,1,72559.158,2,14100,14100
l1-012-cn,100,4,direct,3,ok,1,282862.172,2,6783,6783
l1-013-cn,100,4,direct,3,ok,1,264554.151,1,6991,6991
l1-018-de,100,4,direct,3,ok,1,281820.731,2,9933,9933
l1-019-de,100,4,direct,3,ok,1,179162.798,1,23400,23400
l1-023-fr,100,4,direct,3,ok,1,154291.689,0,,
l1-024-fr,100,4,direct,3,ok,1,176190.702,0,,
l1-025-fr,100,4,direct,3,ok,1,261124.466,4,13199,13199
l1-027-uk,100,4,direct,3,ok,1,216929.521,2,6148,6148
l1-031-ca,100,4,direct,3,ok,1,182283.521,3,6074,6074
l1-032-ca,100,4,direct,3,ok,1,223584.95,1,2328,2328
l1-033-ca,100,4,direct,3,ok,1,264568.02,3,7197,7197
l1-035-ca,100,4,direct,3,ok,1,153383.532,0,,
l1-036-au,100,4,direct,3,ok,1,177090.14,5,23747,23747
l1-037-au,100,4,direct,3,ok,1,254269.383,2,6135,6135
l1-038-au,100,4,direct,3,ok,1,222488.762,5,27052,27052
l1-039-au,100,4,direct,3,ok,1,175454.537,1,10110,10110
l1-040-au,100,4,direct,3,ok,1,230770.975,3,24374,24374
l1-041-sg,100,4,direct,3,ok,1,131965.281,0,22558,22558
l1-042-sg,100,4,direct,3,ok,1,174467.279,0,18165,18165
l1-044-sg,100,4,direct,3,ok,1,194260.259,3,10069,10069
l1-046-vn,100,4,direct,3,ok,1,132633.062,0,789,789
l1-049-vn,100,4,direct,3,ok,1,155856.612,2,19841,19841
l1-050-vn,100,4,direct,3,ok,1,188054.624,4,11069,11069
l1-051-th,100,4,direct,3,ok,1,173397.536,1,7247,7247
l1-052-th,100,4,direct,3,ok,1,170128.977,1,9447,9447
l1-053-th,100,4,direct,3,ok,1,262049.134,1,12821,12821
l1-054-th,100,4,direct,3,ok,1,159967.52,0,11230,11230
l1-055-th,100,4,direct,3,ok,1,147770.773,2,8940,8940
l1-059-id,100,4,direct,3,ok,1,129440.496,0,11312,11312
l1-060-id,100,4,direct,3,ok,1,178373.624,3,4549,4549
l1-062-my,100,4,direct,3,ok,1,163965.849,0,12785,12785
l1-065-my,100,4,direct,3,ok,1,254192.408,3,8238,8238
l1-068-ph,100,4,direct,3,ok,1,161150.117,0,,
l1-070-ph,100,4,direct,3,ok,1,138739.689,0,21636,21636
l1-075-in,100,4,direct,3,ok,1,162361.487,1,14522,14522
l1-078-br,100,4,direct,3,ok,1,190756.853,1,3690,3690
l1-081-es,100,4,direct,3,ok,1,182158.223,3,18594,18594
l1-082-es,100,4,direct,3,ok,1,272025.333,5,12552,12552
l1-085-es,100,4,direct,3,ok,1,185472.367,1,6458,6458
l1-091-nl,100,4,direct,3,ok,1,132071.105,0,,
l1-092-nl,100,4,direct,3,ok,1,132193.227,0,,
l1-094-nl,100,4,direct,3,ok,1,189705.82,0,,
l1-095-nl,100,4,direct,3,ok,1,132682.767,0,,
l1-097-nz,100,4,direct,3,ok,1,259675.612,3,11822,11822
l1-098-nz,100,4,direct,3,ok,1,279160.99,1,9519,9519
l2-001-jp-data-rights,100,4,direct,3,ok,1,116179.98,1,6424,6424
l2-002-jp-breach,100,4,direct,3,ok,1,242315.357,1,3885,3885
l2-003-jp-transfer,100,4,direct,3,ok,1,68225.148,2,13808,13808
l2-010-us-worker,100,4,direct,3,ok,1,66899.558,2,15612,15612
l2-013-cn-transfer,100,4,direct,3,ok,1,193327.65,1,12490,12490
l2-017-de-breach,100,4,direct,3,ok,1,244020.381,0,8722,8722
l2-022-fr-breach,100,4,direct,3,ok,1,105673.226,2,13589,13589
l2-024-fr-consumer,100,4,direct,3,ok,1,89739.713,3,18610,18610
l2-026-uk-data-rights,100,4,direct,3,ok,1,157964.864,0,,
l2-029-uk-consumer,100,4,direct,3,ok,1,91350.997,2,18523,18523
l2-034-ca-consumer,100,4,direct,3,ok,1,97673.158,1,4183,4183
l2-035-ca-worker,100,4,direct,3,ok,1,188714.341,2,12496,12496
l2-036-au-data-rights,100,4,direct,3,ok,1,166538.202,0,,
l2-038-au-transfer,100,4,direct,3,ok,1,242871.85,0,19625,19625
l2-039-au-consumer,100,4,direct,3,ok,1,253291.512,3,9500,9500
l2-040-au-worker,100,4,direct,3,ok,1,62075.038,2,4057,4057
l2-045-sg-worker,100,4,direct,3,ok,1,191528.792,1,11064,11064
l2-046-vn-data-rights,100,4,direct,3,ok,1,223533.105,2,11420,11420
l2-047-vn-breach,100,4,direct,3,ok,1,216591.981,5,11519,11519
l2-051-th-data-rights,100,4,direct,3,ok,1,255812.443,1,8705,8705
l2-052-th-breach,100,4,direct,3,ok,1,125086.485,2,7595,7595
l2-053-th-transfer,100,4,direct,3,ok,1,74346.79,1,10563,10563
l2-054-th-consumer,100,4,direct,3,ok,1,245765.251,2,5633,5633
l2-055-th-worker,100,4,direct,3,ok,1,188383.207,4,9356,9356
l2-056-id-data-rights,100,4,direct,3,ok,1,245183.805,0,7751,7751
l2-057-id-breach,100,4,direct,3,ok,1,85124.272,2,6847,6847
l2-060-id-worker,100,4,direct,3,ok,1,224235.596,1,11993,11993
l2-061-my-data-rights,100,4,direct,3,ok,1,227421.578,1,12630,12630
l2-064-my-consumer,100,4,direct,3,ok,1,227072.504,4,5533,5533
l2-066-ph-data-rights,100,4,direct,3,ok,1,197353.487,1,8395,8395
l2-067-ph-breach,100,4,direct,3,ok,1,200764.269,2,22463,22463
l2-068-ph-transfer,100,4,direct,3,ok,1,195016.061,1,17208,17208
l2-070-ph-worker,100,4,direct,3,ok,1,200203.501,1,15929,15929
l2-071-in-data-rights,100,4,direct,3,ok,1,195552.213,1,18462,18462
l2-072-in-breach,100,4,direct,3,ok,1,77354.315,2,14532,14532
l2-073-in-transfer,100,4,direct,3,ok,1,183584.983,2,13023,13023
l2-081-es-data-rights,100,4,direct,3,ok,1,137748.251,2,12888,12888
l2-082-es-breach,100,4,direct,3,ok,1,112328.065,3,13299,13299
l2-083-es-transfer,100,4,direct,3,ok,1,171299.948,0,,
l2-084-es-consumer,100,4,direct,3,ok,1,88713.44,4,19285,19285
l2-085-es-worker,100,4,direct,3,ok,1,77829.551,2,17712,17712
l2-086-it-data-rights,100,4,direct,3,ok,1,6265.851,0,,
l2-087-it-breach,100,4,direct,3,ok,1,6698.629,0,,
l2-088-it-transfer,100,4,direct,3,ok,1,158077.212,0,,
l2-089-it-consumer,100,4,direct,3,ok,1,3437.536,0,,
l2-090-it-worker,100,4,direct,3,ok,1,3660.368,0,,
l2-091-nl-data-rights,100,4,direct,3,ok,1,69794.284,0,,
l2-092-nl-breach,100,4,direct,3,ok,1,6542.006,0,,
l2-096-nz-data-rights,100,4,direct,3,ok,1,117321.781,3,10443,10443
l2-100-nz-worker,100,4,direct,3,ok,1,81146.928,3,7221,7221
l3-001-jp-transfer,100,4,direct,3,ok,1,162365.666,0,7995,7995
l3-002-jp-breach,100,4,direct,3,ok,1,111168.29,3,12712,12712
l3-005-jp-worker-ai,100,4,direct,3,ok,1,208336.292,4,4392,4392
l3-007-us-breach,100,4,direct,3,ok,1,192011.651,1,11809,11809
l3-008-us-consumer,100,4,direct,3,ok,1,134600.812,3,3365,3365
l3-010-us-worker-ai,100,4,direct,3,ok,1,126821.925,0,7175,7175
l3-011-cn-transfer,100,4,direct,3,ok,1,256535.078,1,10377,10377
l3-013-cn-consumer,100,4,direct,3,ok,1,178927.065,1,16079,16079
l3-014-cn-platform,100,4,direct,3,ok,1,182153.901,1,1482,1482
l3-015-cn-worker-ai,100,4,direct,3,ok,1,127650.791,0,7754,7754
l3-016-de-transfer,100,4,direct,3,ok,1,127502.5,0,17981,17981
l3-018-de-consumer,100,4,direct,3,ok,1,266063.088,6,10007,10007
l3-019-de-platform,100,4,direct,3,ok,1,166281.968,7,12938,12938
l3-020-de-worker-ai,100,4,direct,3,ok,1,127211.493,0,13017,13017
l3-023-fr-consumer,100,4,direct,3,ok,1,179929.865,2,18723,18723
l3-025-fr-worker-ai,100,4,direct,3,ok,1,159675.988,0,22180,22180
l3-026-uk-transfer,100,4,direct,3,ok,1,127167.938,0,13740,13740
l3-028-uk-consumer,100,4,direct,3,ok,1,124810.815,0,9665,9665
l3-030-uk-worker-ai,100,4,direct,3,ok,1,124118.11,0,4292,4292
l3-032-ca-breach,100,4,direct,3,ok,1,124326.152,0,10719,10719
l3-033-ca-consumer,100,4,direct,3,ok,1,221935.517,2,6006,6006
l3-037-au-breach,100,4,direct,3,ok,1,207331.409,2,5400,5400
l3-039-au-platform,100,4,direct,3,ok,1,128818.563,0,22450,22450
l3-041-sg-transfer,100,4,direct,3,ok,1,146316.811,0,20275,20275
l3-043-sg-consumer,100,4,direct,3,ok,1,168904.544,2,4226,4226
l3-045-sg-worker-ai,100,4,direct,3,ok,1,4441.875,0,,
l3-046-vn-transfer,100,4,direct,3,ok,1,127584.841,0,20275,20275
l3-047-vn-breach,100,4,direct,3,ok,1,144702.652,1,11749,11749
l3-053-th-consumer,100,4,direct,3,ok,1,227211.849,1,11856,11856
l3-054-th-platform,100,4,direct,3,ok,1,75681.338,0,,
l3-056-id-transfer,100,4,direct,3,ok,1,149462.207,0,11586,11586
l3-057-id-breach,100,4,direct,3,ok,1,129249.781,0,19466,19466
l3-058-id-consumer,100,4,direct,3,ok,1,180100.231,2,19316,19316
l3-059-id-platform,100,4,direct,3,ok,1,6796.814,0,,
l3-062-my-breach,100,4,direct,3,ok,1,126608.772,0,11749,11749
l3-063-my-consumer,100,4,direct,3,ok,1,6133.833,0,,
l3-065-my-worker-ai,100,4,direct,3,ok,1,139485.285,0,27008,27008
l3-066-ph-transfer,100,4,direct,3,ok,1,250612.08,1,11223,11223
l3-067-ph-breach,100,4,direct,3,ok,1,151076.095,2,25082,25082
l3-072-in-breach,100,4,direct,3,ok,1,22868.984,0,,
l3-073-in-consumer,100,4,direct,3,ok,1,132526.32,3,4404,4404
l3-075-in-worker-ai,100,4,direct,3,ok,1,127261.649,0,14917,14917
l3-078-br-consumer,100,4,direct,3,ok,1,160977.712,1,6798,6798
l3-079-br-platform,100,4,direct,3,ok,1,134391.108,2,1482,1482
l3-081-es-transfer,100,4,direct,3,ok,1,84374.842,0,,
l3-082-es-breach,100,4,direct,3,ok,1,208551.05,1,24804,24804
l3-088-it-consumer,100,4,direct,3,ok,1,7446.079,0,,
l3-092-nl-breach,100,4,direct,3,ok,1,8803.314,0,,
l3-098-nz-consumer,100,4,direct,3,ok,1,199182.842,3,7923,7923
l3-100-nz-worker-ai,100,4,direct,3,ok,1,127506.155,0,18432,18432
l4-001-jp-digital-platform,100,4,direct,3,ok,1,243604.563,0,14117,14117
l4-004-jp-fintech,100,4,direct,3,ok,1,222499.774,5,5369,5369
l4-008-us-online-sales,100,4,direct,3,ok,1,227840.115,2,9845,9845
l4-009-us-fintech,100,4,direct,3,ok,1,231878.513,6,12266,12266
l4-012-cn-automated-hiring,100,4,direct,3,ok,1,246264.025,0,8376,8376
l4-015-cn-manufacturer,100,4,direct,3,ok,1,253252.411,6,4731,4731
l4-016-de-digital-platform,100,4,direct,3,ok,1,194416.835,3,17609,17609
l4-020-de-manufacturer,100,4,direct,3,ok,1,217387.167,5,5341,5341
l4-021-fr-digital-platform,100,4,direct,3,ok,1,135037.954,2,21543,21543
l4-022-fr-automated-hiring,100,4,direct,3,ok,1,246260.687,0,27102,27102
l4-023-fr-online-sales,100,4,direct,3,ok,1,245920.796,0,19363,19363
l4-024-fr-fintech,100,4,direct,3,ok,1,245896.196,0,23838,23838
l4-027-uk-automated-hiring,100,4,direct,3,ok,1,245878.537,0,7731,7731
l4-029-uk-fintech,100,4,direct,3,ok,1,171929.018,0,,
l4-032-ca-automated-hiring,100,4,direct,3,ok,1,270540.334,0,15592,15592
l4-034-ca-fintech,100,4,direct,3,ok,1,225319.216,2,4181,4181
l4-036-au-digital-platform,100,4,direct,3,ok,1,234319.83,3,16258,16258
l4-038-au-online-sales,100,4,direct,3,ok,1,203554.534,1,9686,9686
l4-039-au-fintech,100,4,direct,3,ok,1,247733.317,0,15474,15474
l4-040-au-manufacturer,100,4,direct,3,ok,1,243861.122,0,8201,8201
l4-044-sg-fintech,100,4,direct,3,ok,1,246315.584,0,24359,24359
l4-045-sg-manufacturer,100,4,direct,3,ok,1,222028.035,3,2864,2864
l4-051-th-digital-platform,100,4,direct,3,ok,1,216961.079,1,11182,11182
l4-054-th-fintech,100,4,direct,3,ok,1,201030.179,3,3928,3928
l4-055-th-manufacturer,100,4,direct,3,ok,1,211461.974,6,6617,6617
l4-058-id-online-sales,100,4,direct,3,ok,1,203747.921,3,7197,7197
l4-059-id-fintech,100,4,direct,3,ok,1,241373.748,1,17321,17321
l4-063-my-online-sales,100,4,direct,3,ok,1,227898.625,1,5223,5223
l4-065-my-manufacturer,100,4,direct,3,ok,1,253566.861,2,4845,4845
l4-067-ph-automated-hiring,100,4,direct,3,ok,1,246490.932,0,5510,5510
l4-069-ph-fintech,100,4,direct,3,ok,1,210350.835,4,8266,8266
l4-070-ph-manufacturer,100,4,direct,3,ok,1,230356.945,4,8295,8295
l4-071-in-digital-platform,100,4,direct,3,ok,1,209880.626,2,22506,22506
l4-072-in-automated-hiring,100,4,direct,3,ok,1,247551.275,0,10554,10554
l4-075-in-manufacturer,100,4,direct,3,ok,1,148952.382,2,4668,4668
l4-080-br-manufacturer,100,4,direct,3,ok,1,227286.83,4,6429,6429
l4-081-es-digital-platform,100,4,direct,3,ok,1,213680.78,2,12843,12843
l4-082-es-automated-hiring,100,4,direct,3,ok,1,246329.41,1,15198,15198
l4-083-es-online-sales,100,4,direct,3,ok,1,298820.963,3,18634,18634
l4-088-it-online-sales,100,4,direct,3,ok,1,6138.058,0,,
l4-089-it-fintech,100,4,direct,3,ok,1,7388.389,0,,
l4-090-it-manufacturer,100,4,direct,3,ok,1,6177.01,0,,
l4-092-nl-automated-hiring,100,4,direct,3,ok,1,6555.261,0,,
l4-093-nl-online-sales,100,4,direct,3,ok,1,76513.834,0,,
l4-094-nl-fintech,100,4,direct,3,ok,1,6500.316,0,,
l4-095-nl-manufacturer,100,4,direct,3,ok,1,72016.473,0,,
l4-096-nz-digital-platform,100,4,direct,3,ok,1,225193.926,3,5786,5786
l4-097-nz-automated-hiring,100,4,direct,3,ok,1,246351.882,0,7518,7518
l4-099-nz-fintech,100,4,direct,3,ok,1,239843.67,1,18660,18660
l4-100-nz-manufacturer,100,4,direct,3,ok,1,236943.735,2,12102,12102
l1-001-jp,100,4,original,2,ok,1,142234.937,4,7288,7288
l1-002-jp,100,4,original,2,ok,1,196830.568,2,10180,10180
l1-003-jp,100,4,original,2,ok,1,131829.828,0,9238,9238
l1-005-jp,100,4,original,2,ok,1,162743.234,4,2426,2426
l1-010-us,100,4,original,2,ok,1,84875.718,2,14100,14100
l1-012-cn,100,4,original,2,ok,1,245037.879,2,6783,6783
l1-013-cn,100,4,original,2,ok,1,231862.648,1,6991,6991
l1-018-de,100,4,original,2,ok,1,245151.353,2,9933,9933
l1-019-de,100,4,original,2,ok,1,72782.778,1,23400,23400
l1-023-fr,100,4,original,2,ok,1,148948.727,0,,
l1-024-fr,100,4,original,2,ok,1,232008.008,3,17877,17877
l1-025-fr,100,4,original,2,ok,1,230662.121,4,13199,13199
l1-027-uk,100,4,original,2,ok,1,226611.094,2,6148,6148
l1-031-ca,100,4,original,2,ok,1,132649.592,0,9753,9753
l1-032-ca,100,4,original,2,ok,1,151981.978,1,2328,2328
l1-033-ca,100,4,original,2,ok,1,241894.499,3,7197,7197
l1-035-ca,100,4,original,2,ok,1,240756.085,1,9148,9148
l1-036-au,100,4,original,2,ok,1,145618.136,5,23747,23747
l1-037-au,100,4,original,2,ok,1,228674.199,2,6135,6135
l1-038-au,100,4,original,2,ok,1,218643.186,5,27052,27052
l1-039-au,100,4,original,2,ok,1,147513.805,1,10110,10110
l1-040-au,100,4,original,2,ok,1,222868.024,3,24374,24374
l1-041-sg,100,4,original,2,ok,1,132972.769,0,22558,22558
l1-042-sg,100,4,original,2,ok,1,226548.985,2,18165,18165
l1-044-sg,100,4,original,2,ok,1,155133.351,3,,
l1-046-vn,100,4,original,2,ok,1,136391.936,0,789,789
l1-049-vn,100,4,original,2,ok,1,140830.386,2,19841,19841
l1-050-vn,100,4,original,2,ok,1,148956.793,4,11069,11069
l1-051-th,100,4,original,2,ok,1,138251.235,1,7247,7247
l1-052-th,100,4,original,2,ok,1,144061.369,1,9447,9447
l1-053-th,100,4,original,2,ok,1,232985.115,1,12821,12821
l1-054-th,100,4,original,2,ok,1,211478.187,2,11230,11230
l1-055-th,100,4,original,2,ok,1,147965.74,2,8940,8940
l1-059-id,100,4,original,2,ok,1,129334.225,0,11312,11312
l1-060-id,100,4,original,2,ok,1,145864.128,3,4549,4549
l1-062-my,100,4,original,2,ok,1,179949.226,1,12785,12785
l1-065-my,100,4,original,2,ok,1,228329.093,3,8238,8238
l1-068-ph,100,4,original,2,ok,1,174381.244,0,,
l1-070-ph,100,4,original,2,ok,1,128475.178,0,21636,21636
l1-075-in,100,4,original,2,ok,1,137781.303,1,14522,14522
l1-078-br,100,4,original,2,ok,1,150508.794,1,3690,3690
l1-081-es,100,4,original,2,ok,1,117044.758,3,19919,19919
l1-082-es,100,4,original,2,ok,1,246208.876,5,12552,12552
l1-085-es,100,4,original,2,ok,1,150913.694,1,6458,6458
l1-091-nl,100,4,original,2,ok,1,21513.804,0,,
l1-092-nl,100,4,original,2,ok,1,141298.447,0,,
l1-094-nl,100,4,original,2,ok,1,135187.496,0,,
l1-095-nl,100,4,original,2,ok,1,19718.324,0,,
l1-097-nz,100,4,original,2,ok,1,231021.366,3,11822,11822
l1-098-nz,100,4,original,2,ok,1,242135.381,1,9519,9519
l2-001-jp-data-rights,100,4,original,2,ok,1,77944.834,1,6424,6424
l2-002-jp-breach,100,4,original,2,ok,1,227018.692,1,3106,3106
l2-003-jp-transfer,100,4,original,2,ok,1,114310.907,2,13808,13808
l2-010-us-worker,100,4,original,2,ok,1,100589.646,4,15612,15612
l2-013-cn-transfer,100,4,original,2,ok,1,114499.815,1,12490,12490
l2-017-de-breach,100,4,original,2,ok,1,243334.156,0,10433,10433
l2-022-fr-breach,100,4,original,2,ok,1,163798.03,2,14061,14061
l2-024-fr-consumer,100,4,original,2,ok,1,155079.135,3,18608,18608
l2-026-uk-data-rights,100,4,original,2,ok,1,169275.185,0,,
l2-029-uk-consumer,100,4,original,2,ok,1,167530.04,2,18523,18523
l2-034-ca-consumer,100,4,original,2,ok,1,124342.757,1,4183,4183
l2-035-ca-worker,100,4,original,2,ok,1,193566.133,2,12496,12496
l2-036-au-data-rights,100,4,original,2,ok,1,180442.661,0,,
l2-038-au-transfer,100,4,original,2,ok,1,240826.523,2,19625,19625
l2-039-au-consumer,100,4,original,2,ok,1,229002.434,3,9500,9500
l2-040-au-worker,100,4,original,2,ok,1,157383.168,2,4057,4057
l2-045-sg-worker,100,4,original,2,ok,1,203322.923,1,11064,11064
l2-046-vn-data-rights,100,4,original,2,ok,1,252029.746,2,11418,11418
l2-047-vn-breach,100,4,original,2,ok,1,219083.664,5,11515,11515
l2-051-th-data-rights,100,4,original,2,ok,1,239877.914,1,9181,9181
l2-052-th-breach,100,4,original,2,ok,1,111868.407,2,7597,7597
l2-053-th-transfer,100,4,original,2,ok,1,105572.658,1,10563,10563
l2-054-th-consumer,100,4,original,2,ok,1,224910.07,2,5633,5633
l2-055-th-worker,100,4,original,2,ok,1,208464.111,4,9356,9356
l2-056-id-data-rights,100,4,original,2,ok,1,247710.032,0,7438,7438
l2-057-id-breach,100,4,original,2,ok,1,79061.737,2,6847,6847
l2-060-id-worker,100,4,original,2,ok,1,223837.581,1,11993,11993
l2-061-my-data-rights,100,4,original,2,ok,1,220783.573,1,12630,12630
l2-064-my-consumer,100,4,original,2,ok,1,220035.413,4,5533,5533
l2-066-ph-data-rights,100,4,original,2,ok,1,127126.95,1,8395,8395
l2-067-ph-breach,100,4,original,2,ok,1,192763.986,2,22469,22469
l2-068-ph-transfer,100,4,original,2,ok,1,194500.653,1,17208,17208
l2-070-ph-worker,100,4,original,2,ok,1,229355.26,1,15929,15929
l2-071-in-data-rights,100,4,original,2,ok,1,176444.547,1,18470,18470
l2-072-in-breach,100,4,original,2,ok,1,108291.613,2,14524,14524
l2-073-in-transfer,100,4,original,2,ok,1,150678.21,2,13023,13023
l2-081-es-data-rights,100,4,original,2,ok,1,240872.837,2,12890,12890
l2-082-es-breach,100,4,original,2,ok,1,131504.434,3,13297,13297
l2-083-es-transfer,100,4,original,2,ok,1,244886.267,0,23525,23525
l2-084-es-consumer,100,4,original,2,ok,1,122405.555,4,19285,19285
l2-085-es-worker,100,4,original,2,ok,1,153774.721,2,15956,15956
l2-086-it-data-rights,100,4,original,2,ok,1,8271.889,0,,
l2-087-it-breach,100,4,original,2,ok,1,7924.937,0,,
l2-088-it-transfer,100,4,original,2,ok,1,153781.87,0,,
l2-089-it-consumer,100,4,original,2,ok,1,3379.837,0,,
l2-090-it-worker,100,4,original,2,ok,1,3811.268,0,,
l2-091-nl-data-rights,100,4,original,2,ok,1,94421.492,0,,
l2-092-nl-breach,100,4,original,2,ok,1,8171.272,0,,
l2-096-nz-data-rights,100,4,original,2,ok,1,165601.661,3,10443,10443
l2-100-nz-worker,100,4,original,2,ok,1,120262.753,3,7221,7221
l3-001-jp-transfer,100,4,original,2,ok,1,202162.532,0,7197,7197
l3-002-jp-breach,100,4,original,2,ok,1,178523.389,4,12716,12716
l3-005-jp-worker-ai,100,4,original,2,ok,1,218169.432,0,4392,4392
l3-007-us-breach,100,4,original,2,ok,1,128765.497,0,11813,11813
l3-008-us-consumer,100,4,original,2,ok,1,128113.572,0,9845,9845
l3-010-us-worker-ai,100,4,original,2,ok,1,128808.662,0,27006,27006
l3-011-cn-transfer,100,4,original,2,ok,1,125566.69,0,12755,12755
l3-013-cn-consumer,100,4,original,2,ok,1,210427.929,2,16079,16079
l3-014-cn-platform,100,4,original,2,ok,1,236569.265,3,12239,12239
l3-015-cn-worker-ai,100,4,original,2,ok,1,128153.736,0,7754,7754
l3-016-de-transfer,100,4,original,2,ok,1,112083.86,2,12755,12755
l3-018-de-consumer,100,4,original,2,ok,1,248394.545,6,10007,10007
l3-019-de-platform,100,4,original,2,ok,1,123434.183,7,12938,12938
l3-020-de-worker-ai,100,4,original,2,ok,1,128087.232,0,8368,8368
l3-023-fr-consumer,100,4,original,2,ok,1,128356.72,0,18723,18723
l3-025-fr-worker-ai,100,4,original,2,ok,1,199362.526,0,14343,14343
l3-026-uk-transfer,100,4,original,2,ok,1,128009.557,0,13740,13740
l3-028-uk-consumer,100,4,original,2,ok,1,124389.795,0,7451,7451
l3-030-uk-worker-ai,100,4,original,2,ok,1,124408.788,0,14917,14917
l3-032-ca-breach,100,4,original,2,ok,1,126451.098,0,10199,10199
l3-033-ca-consumer,100,4,original,2,ok,1,128606.528,0,6006,6006
l3-037-au-breach,100,4,original,2,ok,1,234835.336,1,4758,4758
l3-039-au-platform,100,4,original,2,ok,1,129591.23,0,14860,14860
l3-041-sg-transfer,100,4,original,2,ok,1,184819.938,0,20275,20275
l3-043-sg-consumer,100,4,original,2,ok,1,207348.701,2,4226,4226
l3-045-sg-worker-ai,100,4,original,2,ok,1,4186.832,0,,
l3-046-vn-transfer,100,4,original,2,ok,1,128743.802,0,9990,9990
l3-047-vn-breach,100,4,original,2,ok,1,128401.761,0,11222,11222
l3-053-th-consumer,100,4,original,2,ok,1,241669.233,0,11856,11856
l3-054-th-platform,100,4,original,2,ok,1,99795.578,0,,
l3-056-id-transfer,100,4,original,2,ok,1,187986.349,0,10146,10146
l3-057-id-breach,100,4,original,2,ok,1,129937.662,0,19544,19544
l3-058-id-consumer,100,4,original,2,ok,1,142090.392,0,19316,19316
l3-059-id-platform,100,4,original,2,ok,1,7850.751,0,,
l3-062-my-breach,100,4,original,2,ok,1,126214.05,0,11222,11222
l3-063-my-consumer,100,4,original,2,ok,1,7387.859,0,,
l3-065-my-worker-ai,100,4,original,2,ok,1,184713.868,0,27006,27006
l3-066-ph-transfer,100,4,original,2,ok,1,223659.097,0,15398,15398
l3-067-ph-breach,100,4,original,2,ok,1,165943.597,2,26005,26005
l3-072-in-breach,100,4,original,2,ok,1,52368.865,0,,
l3-073-in-consumer,100,4,original,2,ok,1,128769.008,0,4404,4404
l3-075-in-worker-ai,100,4,original,2,ok,1,129680.245,2,8368,8368
l3-078-br-consumer,100,4,original,2,ok,1,128783.052,0,6798,6798
l3-079-br-platform,100,4,original,2,ok,1,106043.763,1,1482,1482
l3-081-es-transfer,100,4,original,2,ok,1,104290.742,0,,
l3-082-es-breach,100,4,original,2,ok,1,128589.644,0,25408,25408
l3-088-it-consumer,100,4,original,2,ok,1,8345.932,0,,
l3-092-nl-breach,100,4,original,2,ok,1,9112.974,0,,
l3-098-nz-consumer,100,4,original,2,ok,1,210328.773,3,18723,18723
l3-100-nz-worker-ai,100,4,original,2,ok,1,128112.737,0,18432,18432
l4-001-jp-digital-platform,100,4,original,2,ok,1,243813.886,0,14117,14117
l4-004-jp-fintech,100,4,original,2,ok,1,238419.133,2,5371,5371
l4-008-us-online-sales,100,4,original,2,ok,1,246494.158,3,6820,6820
l4-009-us-fintech,100,4,original,2,ok,1,255312.97,6,12266,12266
l4-012-cn-automated-hiring,100,4,original,2,ok,1,247789.543,0,8376,8376
l4-015-cn-manufacturer,100,4,original,2,ok,1,251311.021,6,4731,4731
l4-016-de-digital-platform,100,4,original,2,ok,1,164064.06,3,17609,17609
l4-020-de-manufacturer,100,4,original,2,ok,1,247770.359,0,9282,9282
l4-021-fr-digital-platform,100,4,original,2,ok,1,244846.311,2,21543,21543
l4-022-fr-automated-hiring,100,4,original,2,ok,1,248234.521,0,26352,26352
l4-023-fr-online-sales,100,4,original,2,ok,1,165414.136,5,20824,20824
l4-024-fr-fintech,100,4,original,2,ok,1,248074.786,0,23838,23838
l4-027-uk-automated-hiring,100,4,original,2,ok,1,247934.197,0,7729,7729
l4-029-uk-fintech,100,4,original,2,ok,1,223209.221,3,6139,6139
l4-032-ca-automated-hiring,100,4,original,2,ok,1,248500.01,4,15592,15592
l4-034-ca-fintech,100,4,original,2,ok,1,159886.813,2,4169,4169
l4-036-au-digital-platform,100,4,original,2,ok,1,226063.557,3,16258,16258
l4-038-au-online-sales,100,4,original,2,ok,1,174289.528,1,9688,9688
l4-039-au-fintech,100,4,original,2,ok,1,248305.309,0,15464,15464
l4-040-au-manufacturer,100,4,original,2,ok,1,243408.872,0,6383,6383
l4-044-sg-fintech,100,4,original,2,ok,1,248173.359,0,25649,25649
l4-045-sg-manufacturer,100,4,original,2,ok,1,181197.78,3,2864,2864
l4-051-th-digital-platform,100,4,original,2,ok,1,216340.696,1,11182,11182
l4-054-th-fintech,100,4,original,2,ok,1,246511.147,3,3926,3926
l4-055-th-manufacturer,100,4,original,2,ok,1,123144.88,4,3390,3390
l4-058-id-online-sales,100,4,original,2,ok,1,181652.281,4,8118,8118
l4-059-id-fintech,100,4,original,2,ok,1,247195.018,0,17311,17311
l4-063-my-online-sales,100,4,original,2,ok,1,176597.663,3,5223,5223
l4-065-my-manufacturer,100,4,original,2,ok,1,238269.259,2,4845,4845
l4-067-ph-automated-hiring,100,4,original,2,ok,1,248140.256,0,5510,5510
l4-069-ph-fintech,100,4,original,2,ok,1,186470.023,4,8266,8266
l4-070-ph-manufacturer,100,4,original,2,ok,1,244965.492,4,7530,7530
l4-071-in-digital-platform,100,4,original,2,ok,1,230887.859,2,22506,22506
l4-072-in-automated-hiring,100,4,original,2,ok,1,248247.019,0,10554,10554
l4-075-in-manufacturer,100,4,original,2,ok,1,248174.011,0,4668,4668
l4-080-br-manufacturer,100,4,original,2,ok,1,248137.863,0,6510,6510
l4-081-es-digital-platform,100,4,original,2,ok,1,219879.016,2,12843,12843
l4-082-es-automated-hiring,100,4,original,2,ok,1,257150.9,1,15198,15198
l4-083-es-online-sales,100,4,original,2,ok,1,265687.465,3,17946,17946
l4-088-it-online-sales,100,4,original,2,ok,1,7547.236,0,,
l4-089-it-fintech,100,4,original,2,ok,1,20019.638,0,,
l4-090-it-manufacturer,100,4,original,2,ok,1,8182.076,0,,
l4-092-nl-automated-hiring,100,4,original,2,ok,1,7695.955,0,,
l4-093-nl-online-sales,100,4,original,2,ok,1,97824.449,0,,
l4-094-nl-fintech,100,4,original,2,ok,1,7991.691,0,,
l4-095-nl-manufacturer,100,4,original,2,ok,1,96710.48,0,,
l4-096-nz-digital-platform,100,4,original,2,ok,1,225178.407,3,5786,5786
l4-097-nz-automated-hiring,100,4,original,2,ok,1,246897.343,0,7518,7518
l4-099-nz-fintech,100,4,original,2,ok,1,248163.76,0,18660,18660
l4-100-nz-manufacturer,100,4,original,2,ok,1,247537.047,0,12098,12098
l1-001-jp,100,4,reduce,4,ok,1,159451.013,5,7288,4216
l1-002-jp,100,4,reduce,4,ok,1,125789.932,0,10180,5217
l1-003-jp,100,4,reduce,4,ok,1,179661.979,1,9238,6242
l1-005-jp,100,4,reduce,4,ok,1,174241.705,4,2426,1546
l1-010-us,100,4,reduce,4,ok,1,73861.405,2,14100,2578
l1-012-cn,100,4,reduce,4,ok,1,225300.558,2,6783,4146
l1-013-cn,100,4,reduce,4,ok,1,142006.045,0,6991,4371
l1-018-de,100,4,reduce,4,ok,1,178362.598,0,9933,4929
l1-019-de,100,4,reduce,4,ok,1,77675.379,3,23400,3735
l1-023-fr,100,4,reduce,4,ok,1,189330.447,0,26211,10039
l1-024-fr,100,4,reduce,4,ok,1,201969.932,2,17877,6432
l1-025-fr,100,4,reduce,4,ok,1,211045.141,2,13199,4235
l1-027-uk,100,4,reduce,4,ok,1,135410.683,0,6148,3677
l1-031-ca,100,4,reduce,4,ok,1,183068.094,4,9753,5724
l1-032-ca,100,4,reduce,4,ok,1,186592.369,1,2328,1327
l1-033-ca,100,4,reduce,4,ok,1,193717.732,3,7197,2079
l1-035-ca,100,4,reduce,4,ok,1,176411.131,0,9148,4466
l1-036-au,100,4,reduce,4,ok,1,182129.114,5,23747,3574
l1-037-au,100,4,reduce,4,ok,1,202216.235,2,6135,2823
l1-038-au,100,4,reduce,4,ok,1,134062.722,0,27052,5793
l1-039-au,100,4,reduce,4,ok,1,180468.63,1,10110,4894
l1-040-au,100,4,reduce,4,ok,1,134116.022,0,24374,4680
l1-041-sg,100,4,reduce,4,ok,1,187443.103,1,22558,8527
l1-042-sg,100,4,reduce,4,ok,1,135481.412,0,18165,6691
l1-044-sg,100,4,reduce,4,ok,1,190972.071,3,10069,3178
l1-046-vn,100,4,reduce,4,ok,1,124128.583,0,789,525
l1-049-vn,100,4,reduce,4,ok,1,163308.455,2,3499,2125
l1-050-vn,100,4,reduce,4,ok,1,184920.36,4,11069,5666
l1-051-th,100,4,reduce,4,ok,1,178590.443,1,7247,4600
l1-052-th,100,4,reduce,4,ok,1,176715.218,1,9447,5478
l1-053-th,100,4,reduce,4,ok,1,158726.915,0,12821,8136
l1-054-th,100,4,reduce,4,ok,1,136307.037,0,11230,6871
l1-055-th,100,4,reduce,4,ok,1,178331.61,2,8940,3102
l1-059-id,100,4,reduce,4,ok,1,183395.967,1,11312,6690
l1-060-id,100,4,reduce,4,ok,1,181329.878,3,4549,3081
l1-062-my,100,4,reduce,4,ok,1,137772.024,0,12785,8316
l1-065-my,100,4,reduce,4,ok,1,134502.121,0,8238,3940
l1-068-ph,100,4,reduce,4,ok,1,199515.683,0,17211,9658
l1-070-ph,100,4,reduce,4,ok,1,123741.102,0,21636,6843
l1-075-in,100,4,reduce,4,ok,1,172829.545,1,14522,11454
l1-078-br,100,4,reduce,4,ok,1,185201.21,1,3690,1546
l1-081-es,100,4,reduce,4,ok,1,181538.258,3,19919,10157
l1-082-es,100,4,reduce,4,ok,1,222116.051,5,12552,5945
l1-085-es,100,4,reduce,4,ok,1,183648.683,1,6458,2901
l1-091-nl,100,4,reduce,4,ok,1,24290.345,0,,
l1-092-nl,100,4,reduce,4,ok,1,125169.995,0,,
l1-094-nl,100,4,reduce,4,ok,1,90742.508,0,,
l1-095-nl,100,4,reduce,4,ok,1,26830.656,0,,
l1-097-nz,100,4,reduce,4,ok,1,182891.136,2,11822,4512
l1-098-nz,100,4,reduce,4,ok,1,214606.212,1,9519,2127
l2-001-jp-data-rights,100,4,reduce,4,ok,1,104161.139,1,6919,4331
l2-002-jp-breach,100,4,reduce,4,ok,1,148339.489,3,3108,2112
l2-003-jp-transfer,100,4,reduce,4,ok,1,92959.244,2,13808,5496
l2-010-us-worker,100,4,reduce,4,ok,1,79704.946,2,15612,5228
l2-013-cn-transfer,100,4,reduce,4,ok,1,87173.812,1,12490,6712
l2-017-de-breach,100,4,reduce,4,ok,1,191905.479,2,10431,5163
l2-022-fr-breach,100,4,reduce,4,ok,1,247432.504,0,14059,5192
l2-024-fr-consumer,100,4,reduce,4,ok,1,102312.444,2,18608,6010
l2-026-uk-data-rights,100,4,reduce,4,ok,1,199956.333,3,3669,2426
l2-029-uk-consumer,100,4,reduce,4,ok,1,153385.008,2,18523,8843
l2-034-ca-consumer,100,4,reduce,4,ok,1,84969.583,1,4183,2205
l2-035-ca-worker,100,4,reduce,4,ok,1,168620.814,2,12496,4322
l2-036-au-data-rights,100,4,reduce,4,ok,1,206299.438,2,12681,4100
l2-038-au-transfer,100,4,reduce,4,ok,1,148538.6,2,19625,5758
l2-039-au-consumer,100,4,reduce,4,ok,1,195430.795,3,9500,4326
l2-040-au-worker,100,4,reduce,4,ok,1,95656.913,2,4057,2770
l2-045-sg-worker,100,4,reduce,4,ok,1,184795.852,1,11064,4423
l2-046-vn-data-rights,100,4,reduce,4,ok,1,194273.323,2,11418,5942
l2-047-vn-breach,100,4,reduce,4,ok,1,145772.515,4,10566,4230
l2-051-th-data-rights,100,4,reduce,4,ok,1,200598.549,1,9181,6443
l2-052-th-breach,100,4,reduce,4,ok,1,105851.252,2,7597,4614
l2-053-th-transfer,100,4,reduce,4,ok,1,125161.482,1,10563,7155
l2-054-th-consumer,100,4,reduce,4,ok,1,192212.191,2,5633,2751
l2-055-th-worker,100,4,reduce,4,ok,1,146342.469,2,9356,3416
l2-056-id-data-rights,100,4,reduce,4,ok,1,167361.503,1,7438,4222
l2-057-id-breach,100,4,reduce,4,ok,1,148760.752,2,6847,2599
l2-060-id-worker,100,4,reduce,4,ok,1,201598.451,1,11993,6920
l2-061-my-data-rights,100,4,reduce,4,ok,1,190939.242,1,12630,5604
l2-064-my-consumer,100,4,reduce,4,ok,1,180641.129,4,5533,2939
l2-066-ph-data-rights,100,4,reduce,4,ok,1,236578.669,1,8395,5135
l2-067-ph-breach,100,4,reduce,4,ok,1,190989.486,2,22469,8201
l2-068-ph-transfer,100,4,reduce,4,ok,1,145729.891,1,17208,7814
l2-070-ph-worker,100,4,reduce,4,ok,1,200552.923,1,15929,7460
l2-071-in-data-rights,100,4,reduce,4,ok,1,138427.054,1,18470,5881
l2-072-in-breach,100,4,reduce,4,ok,1,76273.065,3,14524,4193
l2-073-in-transfer,100,4,reduce,4,ok,1,182967.336,2,13023,4151
l2-081-es-data-rights,100,4,reduce,4,ok,1,241389.026,2,12888,7471
l2-082-es-breach,100,4,reduce,4,ok,1,88420.577,3,13297,2708
l2-083-es-transfer,100,4,reduce,4,ok,1,195064.374,2,23525,9554
l2-084-es-consumer,100,4,reduce,4,ok,1,109906.585,4,19285,7712
l2-085-es-worker,100,4,reduce,4,ok,1,108687.279,2,15956,7871
l2-086-it-data-rights,100,4,reduce,4,ok,1,8170.719,0,,
l2-087-it-breach,100,4,reduce,4,ok,1,8238.559,0,,
l2-088-it-transfer,100,4,reduce,4,ok,1,64704.55,0,,
l2-089-it-consumer,100,4,reduce,4,ok,1,4746.246,0,,
l2-090-it-worker,100,4,reduce,4,ok,1,3238.374,0,,
l2-091-nl-data-rights,100,4,reduce,4,ok,1,7240.742,0,,
l2-092-nl-breach,100,4,reduce,4,ok,1,7810.988,0,,
l2-096-nz-data-rights,100,4,reduce,4,ok,1,196624.39,2,10443,3245
l2-100-nz-worker,100,4,reduce,4,ok,1,102774.413,3,7221,4778
l3-001-jp-transfer,100,4,reduce,4,ok,1,128158.862,0,8091,3479
l3-002-jp-breach,100,4,reduce,4,ok,1,88955.517,2,12720,6670
l3-005-jp-worker-ai,100,4,reduce,4,ok,1,149676.448,2,4400,2110
l3-007-us-breach,100,4,reduce,4,ok,1,139734.55,2,10073,4196
l3-008-us-consumer,100,4,reduce,4,ok,1,127637.765,4,9845,4022
l3-010-us-worker-ai,100,4,reduce,4,ok,1,140787.174,2,27016,5954
l3-011-cn-transfer,100,4,reduce,4,ok,1,122244.713,0,12757,5244
l3-013-cn-consumer,100,4,reduce,4,ok,1,128056.309,0,16079,6858
l3-014-cn-platform,100,4,reduce,4,ok,1,151135.172,1,1482,703
l3-015-cn-worker-ai,100,4,reduce,4,ok,1,142308.525,2,8086,2740
l3-016-de-transfer,100,4,reduce,4,ok,1,152890.09,2,12757,5244
l3-018-de-consumer,100,4,reduce,4,ok,1,194478.153,4,10007,4403
l3-019-de-platform,100,4,reduce,4,ok,1,163347.279,5,12938,5495
l3-020-de-worker-ai,100,4,reduce,4,ok,1,132432.527,2,13820,5314
l3-023-fr-consumer,100,4,reduce,4,ok,1,136458.318,3,18723,6787
l3-025-fr-worker-ai,100,4,reduce,4,ok,1,126421.931,0,22367,11530
l3-026-uk-transfer,100,4,reduce,4,ok,1,87463.498,4,13407,2976
l3-028-uk-consumer,100,4,reduce,4,ok,1,148650.883,1,7451,4280
l3-030-uk-worker-ai,100,4,reduce,4,ok,1,142496.43,1,14921,4575
l3-032-ca-breach,100,4,reduce,4,ok,1,192445.512,2,8945,4052
l3-033-ca-consumer,100,4,reduce,4,ok,1,128382.76,2,3365,1653
l3-037-au-breach,100,4,reduce,4,ok,1,149790.1,1,4758,2226
l3-039-au-platform,100,4,reduce,4,ok,1,156827.44,1,14860,4755
l3-041-sg-transfer,100,4,reduce,4,ok,1,127996.792,0,27089,7735
l3-043-sg-consumer,100,4,reduce,4,ok,1,141725.199,1,4226,2147
l3-045-sg-worker-ai,100,4,reduce,4,ok,1,5554.359,0,,
l3-046-vn-transfer,100,4,reduce,4,ok,1,141027.113,1,10573,7155
l3-047-vn-breach,100,4,reduce,4,ok,1,150905.271,4,11753,6663
l3-053-th-consumer,100,4,reduce,4,ok,1,207500.587,2,11856,4671
l3-054-th-platform,100,4,reduce,4,ok,1,21835.864,0,,
l3-056-id-transfer,100,4,reduce,4,ok,1,130730.894,0,12638,5802
l3-057-id-breach,100,4,reduce,4,ok,1,110846.876,3,4941,2156
l3-058-id-consumer,100,4,reduce,4,ok,1,122685.705,0,19316,6975
l3-059-id-platform,100,4,reduce,4,ok,1,7856.007,0,,
l3-062-my-breach,100,4,reduce,4,ok,1,124069.915,0,11753,6663
l3-063-my-consumer,100,4,reduce,4,ok,1,2613.937,0,,
l3-065-my-worker-ai,100,4,reduce,4,ok,1,127532.802,0,27014,5954
l3-066-ph-transfer,100,4,reduce,4,ok,1,216633.071,1,11631,3197
l3-067-ph-breach,100,4,reduce,4,ok,1,115198.954,2,23909,10371
l3-072-in-breach,100,4,reduce,4,ok,1,3561.081,0,,
l3-073-in-consumer,100,4,reduce,4,ok,1,120897.196,3,4404,2535
l3-075-in-worker-ai,100,4,reduce,4,ok,1,137195.028,2,14921,4575
l3-078-br-consumer,100,4,reduce,4,ok,1,161396.234,2,6798,3460
l3-079-br-platform,100,4,reduce,4,ok,1,105215.147,2,1482,703
l3-081-es-transfer,100,4,reduce,4,ok,1,47823.992,0,,
l3-082-es-breach,100,4,reduce,4,ok,1,190440.003,2,23909,10371
l3-088-it-consumer,100,4,reduce,4,ok,1,8189.13,0,,
l3-092-nl-breach,100,4,reduce,4,ok,1,7803.92,0,,
l3-098-nz-consumer,100,4,reduce,4,ok,1,207595.793,3,18723,6787
l3-100-nz-worker-ai,100,4,reduce,4,ok,1,152824.994,2,18432,9322
l4-001-jp-digital-platform,100,4,reduce,4,ok,1,232842.255,3,16492,8532
l4-004-jp-fintech,100,4,reduce,4,ok,1,192719.052,4,4873,3085
l4-008-us-online-sales,100,4,reduce,4,ok,1,196951.41,4,6816,4576
l4-009-us-fintech,100,4,reduce,4,ok,1,184496.095,6,12266,4474
l4-012-cn-automated-hiring,100,4,reduce,4,ok,1,221547.411,5,7435,4966
l4-015-cn-manufacturer,100,4,reduce,4,ok,1,195008.454,6,4731,3238
l4-016-de-digital-platform,100,4,reduce,4,ok,1,183770.795,3,17611,3249
l4-020-de-manufacturer,100,4,reduce,4,ok,1,146965.603,5,5343,2579
l4-021-fr-digital-platform,100,4,reduce,4,ok,1,175542.226,2,21551,8921
l4-022-fr-automated-hiring,100,4,reduce,4,ok,1,93897.469,3,22817,6973
l4-023-fr-online-sales,100,4,reduce,4,ok,1,195032.487,5,19363,8204
l4-024-fr-fintech,100,4,reduce,4,ok,1,212409.511,1,24408,8153
l4-027-uk-automated-hiring,100,4,reduce,4,ok,1,219622.784,2,7727,4346
l4-029-uk-fintech,100,4,reduce,4,ok,1,185661.034,3,6141,2202
l4-032-ca-automated-hiring,100,4,reduce,4,ok,1,208149.336,5,15592,6459
l4-034-ca-fintech,100,4,reduce,4,ok,1,151574.151,2,4179,1468
l4-036-au-digital-platform,100,4,reduce,4,ok,1,181372.019,3,16254,4874
l4-038-au-online-sales,100,4,reduce,4,ok,1,160666.679,1,9684,4649
l4-039-au-fintech,100,4,reduce,4,ok,1,189154.152,3,15470,4977
l4-040-au-manufacturer,100,4,reduce,4,ok,1,208583.315,4,8199,4113
l4-044-sg-fintech,100,4,reduce,4,ok,1,198930.828,4,24356,9085
l4-045-sg-manufacturer,100,4,reduce,4,ok,1,185353.443,3,2864,1827
l4-051-th-digital-platform,100,4,reduce,4,ok,1,187325.462,1,11933,7804
l4-054-th-fintech,100,4,reduce,4,ok,1,189147.051,3,3922,2666
l4-055-th-manufacturer,100,4,reduce,4,ok,1,149492.636,3,2907,1436
l4-058-id-online-sales,100,4,reduce,4,ok,1,224553.733,3,7753,4418
l4-059-id-fintech,100,4,reduce,4,ok,1,205932.496,4,18231,7305
l4-063-my-online-sales,100,4,reduce,4,ok,1,170202.076,3,5223,3468
l4-065-my-manufacturer,100,4,reduce,4,ok,1,208653.999,2,4845,3022
l4-067-ph-automated-hiring,100,4,reduce,4,ok,1,234577.517,4,5942,3560
l4-069-ph-fintech,100,4,reduce,4,ok,1,193463.598,3,8264,4289
l4-070-ph-manufacturer,100,4,reduce,4,ok,1,165624.451,8,8293,5373
l4-071-in-digital-platform,100,4,reduce,4,ok,1,198736.958,2,21014,9442
l4-072-in-automated-hiring,100,4,reduce,4,ok,1,207435.004,5,10554,3888
l4-075-in-manufacturer,100,4,reduce,4,ok,1,131702.554,2,4670,2731
l4-080-br-manufacturer,100,4,reduce,4,ok,1,157407.313,4,6427,4302
l4-081-es-digital-platform,100,4,reduce,4,ok,1,196843.014,2,12843,6199
l4-082-es-automated-hiring,100,4,reduce,4,ok,1,198306.508,1,13265,6347
l4-083-es-online-sales,100,4,reduce,4,ok,1,256338.246,3,16710,8734
l4-088-it-online-sales,100,4,reduce,4,ok,1,7975.939,0,,
l4-089-it-fintech,100,4,reduce,4,ok,1,2480.928,0,,
l4-090-it-manufacturer,100,4,reduce,4,ok,1,4116.59,0,,
l4-092-nl-automated-hiring,100,4,reduce,4,ok,1,8014.442,0,,
l4-093-nl-online-sales,100,4,reduce,4,ok,1,23885.64,0,,
l4-094-nl-fintech,100,4,reduce,4,ok,1,7711.24,0,,
l4-095-nl-manufacturer,100,4,reduce,4,ok,1,11812.281,0,,
l4-096-nz-digital-platform,100,4,reduce,4,ok,1,202389.415,3,5784,3435
l4-097-nz-automated-hiring,100,4,reduce,4,ok,1,214975.361,4,7034,3836
l4-099-nz-fintech,100,4,reduce,4,ok,1,131822.858,2,18660,3462
l4-100-nz-manufacturer,100,4,reduce,4,ok,1,198093.184,3,10026,6893
